threshold,split_type,split_value,rank,name,playerID,start,end,k,WAR_sum,WAR_avg,war_seq,role_label,pos_group,franch_peak,league,age_start,short,skipped_years,WAR_bat,WAR_pit
4,Overall,All,1,Tris Speaker,speaktr01,1909,1926,18,131.86,7.33,6.3 / 7.6 / 6.2 / 10.1 / 8.8 / 9.9 / 7.1 / 8.9 / 7.9 / 5.8 / 5.4 / 8.7 / 6.6 / 6.9 / 9.1 / 4.6 / 6.5 / 5.5,Hitter,OF,BOS,AL,21,TRUE,0,131.93,-0.07
4,Overall,All,2,Hank Aaron,aaronha01,1955,1971,17,130.57,7.68,6.2 / 7.2 / 8.0 / 7.3 / 8.6 / 8.0 / 9.4 / 8.6 / 9.1 / 6.8 / 7.9 / 7.8 / 8.5 / 6.8 / 8.0 / 5.0 / 7.2,Hitter,OF,ATL,NL,21,FALSE,0,130.57,0
4,Overall,All,3,Alex Rodriguez,rodrial01,1996,2011,16,114.15,7.13,9.4 / 5.6 / 8.5 / 4.8 / 10.4 / 8.3 / 8.8 / 8.4 / 7.6 / 9.4 / 4.5 / 9.4 / 6.8 / 4.2 / 4.2 / 4.0,Hitter,SS,SEA,AL,20,FALSE,0,114.15,0
4,Overall,All,4,Cy Young,youngcy01,1891,1905,15,137.28,9.15,6.1 / 13.0 / 10.6 / 8.5 / 11.6 / 10.5 / 6.8 / 7.6 / 8.2 / 7.1 / 12.4 / 10.1 / 8.1 / 9.6 / 7.1,Pitcher,P,CLV,Mixed,24,FALSE,0,-1.52,138.8
4,Overall,All,5,Willie Mays,mayswi01,1954,1968,15,134.69,8.98,10.4 / 9.2 / 7.6 / 8.3 / 10.2 / 7.8 / 9.5 / 8.7 / 10.5 / 10.6 / 11.0 / 11.2 / 9.0 / 4.3 / 6.2,Hitter,OF,SFG,NL,23,FALSE,0,134.69,0
4,Role,Hitter,1,Tris Speaker,speaktr01,1909,1926,18,131.86,7.33,6.3 / 7.6 / 6.2 / 10.1 / 8.8 / 9.9 / 7.1 / 8.9 / 7.9 / 5.8 / 5.4 / 8.7 / 6.6 / 6.9 / 9.1 / 4.6 / 6.5 / 5.5,Hitter,OF,BOS,AL,21,TRUE,0,131.93,-0.07
4,Role,Hitter,2,Hank Aaron,aaronha01,1955,1971,17,130.57,7.68,6.2 / 7.2 / 8.0 / 7.3 / 8.6 / 8.0 / 9.4 / 8.6 / 9.1 / 6.8 / 7.9 / 7.8 / 8.5 / 6.8 / 8.0 / 5.0 / 7.2,Hitter,OF,ATL,NL,21,FALSE,0,130.57,0
4,Role,Hitter,3,Alex Rodriguez,rodrial01,1996,2011,16,114.15,7.13,9.4 / 5.6 / 8.5 / 4.8 / 10.4 / 8.3 / 8.8 / 8.4 / 7.6 / 9.4 / 4.5 / 9.4 / 6.8 / 4.2 / 4.2 / 4.0,Hitter,SS,SEA,AL,20,FALSE,0,114.15,0
4,Role,Hitter,4,Willie Mays,mayswi01,1954,1968,15,134.69,8.98,10.4 / 9.2 / 7.6 / 8.3 / 10.2 / 7.8 / 9.5 / 8.7 / 10.5 / 10.6 / 11.0 / 11.2 / 9.0 / 4.3 / 6.2,Hitter,OF,SFG,NL,23,FALSE,0,134.69,0
4,Role,Hitter,5,Rogers Hornsby,hornsro01,1916,1929,14,120.71,8.62,5.0 / 10.0 / 5.3 / 6.5 / 9.7 / 10.9 / 10.1 / 6.8 / 12.1 / 10.2 / 4.4 / 10.2 / 8.9 / 10.6,Hitter,2B,STL,NL,20,TRUE,0,120.71,0
4,Role,Pitcher,1,Cy Young,youngcy01,1891,1905,15,137.28,9.15,6.1 / 13.0 / 10.6 / 8.5 / 11.6 / 10.5 / 6.8 / 7.6 / 8.2 / 7.1 / 12.4 / 10.1 / 8.1 / 9.6 / 7.1,Pitcher,P,CLV,Mixed,24,FALSE,0,-1.52,138.8
4,Role,Pitcher,2,Kid Nichols,nichoki01,1890,1901,12,109.05,9.09,13.0 / 9.3 / 8.8 / 11.7 / 8.2 / 9.5 / 6.2 / 11.1 / 11.8 / 7.6 / 5.0 / 6.8,Pitcher,P,ATL,NL,20,FALSE,0,-0.56,109.61
4,Role,Pitcher,3,Tom Seaver,seaveto01,1967,1978,12,86.83,7.24,6.7 / 7.0 / 7.2 / 6.4 / 10.9 / 5.6 / 11.0 / 5.8 / 8.2 / 5.2 / 8.4 / 4.6,Pitcher,P,NYM,NL,22,FALSE,0,3.11,83.72
4,Role,Pitcher,4,Warren Spahn,spahnwa01,1949,1959,11,67.98,6.18,5.7 / 5.7 / 7.9 / 6.9 / 9.1 / 5.6 / 4.3 / 6.0 / 4.7 / 5.9 / 6.2,Pitcher,P,ATL,NL,28,FALSE,0,5.24,62.74
4,Role,Pitcher,5,Walter Johnson,johnswa01,1910,1919,10,120.26,12.03,11.0 / 9.0 / 15.4 / 16.6 / 13.1 / 12.8 / 11.2 / 8.4 / 11.8 / 11.0,Pitcher,P,MIN,AL,22,TRUE,0,8.85,111.41
4,Role,Two-way / mixed,1,Babe Ruth,ruthba01,1915,1924,10,96.36,9.64,4.1 / 10.4 / 8.6 / 7.0 / 10.0 / 11.8 / 12.6 / 6.4 / 14.1 / 11.3,Two-way / mixed,OF,NYY,AL,20,TRUE,0,75.94,20.42
4,Role,Two-way / mixed,2,Tony Mullane,mullato01,1886,1893,8,41.42,5.18,5.2 / 7.6 / 4.3 / 4.3 / 5.1 / 4.1 / 5.9 / 4.8,Two-way / mixed,P,CIN,Mixed,27,FALSE,0,2.57,38.85
4,Role,Two-way / mixed,3,Bob Caruthers,carutbo01,1885,1891,7,55.66,7.95,10.0 / 11.6 / 10.7 / 6.6 / 8.4 / 4.3 / 4.1,Two-way / mixed,Two-way,STL,Mixed,21,FALSE,0,12.89,42.77
4,Role,Two-way / mixed,4,Old Hoss Radbourn,radboch01,1882,1886,5,54.88,10.98,7.9 / 14.3 / 19.4 / 8.5 / 4.7,Two-way / mixed,P,PRO,NL,27,FALSE,0,3.27,51.61
4,Role,Two-way / mixed,5,Jim Whitney,whitnji01,1881,1884,4,38.85,9.71,8.6 / 8.4 / 13.4 / 8.4,Two-way / mixed,Two-way,ATL,NL,23,FALSE,0,6.63,32.22
4,Position,1B,1,Lou Gehrig,gehrilo01,1926,1938,13,110.08,8.47,6.9 / 11.8 / 9.5 / 7.5 / 9.6 / 8.6 / 8.2 / 7.1 / 10.0 / 8.3 / 9.7 / 8.2 / 4.6,Hitter,1B,NYY,AL,23,FALSE,0,110.08,0
4,Position,1B,2,Albert Pujols,pujolal01,2001,2012,12,91.45,7.62,6.6 / 5.5 / 8.6 / 8.5 / 8.4 / 8.5 / 8.7 / 9.2 / 9.7 / 7.5 / 5.3 / 4.8,Hitter,1B,STL,Mixed,21,FALSE,0,91.45,0
4,Position,1B,3,Jeff Bagwell,bagweje01,1991,2001,11,68.12,6.19,4.8 / 4.7 / 5.4 / 8.2 / 4.8 / 7.5 / 7.7 / 6.3 / 7.4 / 5.4 / 5.8,Hitter,1B,HOU,NL,23,TRUE,0,68.12,0
4,Position,1B,4,Dan Brouthers,broutda01,1882,1892,11,66.82,6.07,5.9 / 5.5 / 5.4 / 5.2 / 8.2 / 5.3 / 6.6 / 6.2 / 4.0 / 5.6 / 8.8,Hitter,1B,LAD,Mixed,24,FALSE,0,67.13,-0.31
4,Position,1B,5,Jimmie Foxx,foxxji01,1928,1936,9,65.47,7.27,4.9 / 7.9 / 6.9 / 4.6 / 10.3 / 9.0 / 8.3 / 8.0 / 5.5,Hitter,1B,OAK,AL,20,FALSE,0,65.47,0
4,Position,2B,1,Rogers Hornsby,hornsro01,1916,1929,14,120.71,8.62,5.0 / 10.0 / 5.3 / 6.5 / 9.7 / 10.9 / 10.1 / 6.8 / 12.1 / 10.2 / 4.4 / 10.2 / 8.9 / 10.6,Hitter,2B,STL,NL,20,TRUE,0,120.71,0
4,Position,2B,2,Eddie Collins,collied01,1909,1917,9,74.47,8.27,9.7 / 9.8 / 6.7 / 8.8 / 9.4 / 8.9 / 9.1 / 7.0 / 5.0,Hitter,2B,OAK,AL,22,FALSE,0,74.47,0
4,Position,2B,3,Charlie Gehringer,gehrich01,1932,1940,9,59.97,6.66,5.1 / 7.2 / 8.9 / 8.6 / 7.9 / 7.8 / 5.0 / 5.0 / 4.3,Hitter,2B,DET,AL,29,FALSE,0,59.97,0
4,Position,2B,4,Craig Biggio,biggicr01,1991,1999,9,50.36,5.6,4.4 / 4.2 / 4.3 / 4.6 / 6.3 / 5.5 / 9.4 / 6.5 / 5.1,Hitter,2B,HOU,NL,25,TRUE,0,50.36,0
4,Position,2B,5,Frankie Frisch,friscfr01,1921,1928,8,48.52,6.06,7.0 / 4.5 / 7.1 / 7.4 / 4.2 / 4.6 / 9.3 / 4.4,Hitter,2B,STL,NL,23,FALSE,0,48.52,0
4,Position,3B,1,Mike Schmidt,schmimi01,1974,1987,14,103.52,7.39,9.7 / 7.7 / 8.0 / 8.8 / 6.2 / 7.9 / 8.9 / 7.7 / 7.4 / 6.9 / 7.0 / 5.0 / 6.2 / 6.1,Hitter,3B,PHI,NL,24,TRUE,0,103.52,0
4,Position,3B,2,Mel Ott,ottme01,1929,1942,14,94.95,6.78,7.2 / 6.6 / 6.1 / 8.3 / 5.8 / 7.2 / 7.2 / 7.8 / 6.8 / 8.8 / 5.8 / 5.3 / 4.8 / 7.1,Hitter,3B,SFG,NL,20,FALSE,0,94.95,0
4,Position,3B,3,Eddie Mathews,matheed01,1953,1965,13,88.93,6.84,8.1 / 7.7 / 7.2 / 5.7 / 7.4 / 6.5 / 8.2 / 7.3 / 7.3 / 5.6 / 8.0 / 4.6 / 5.3,Hitter,3B,ATL,NL,21,FALSE,0,88.93,0
4,Position,3B,4,Graig Nettles,nettlgr01,1970,1978,9,51.77,5.75,5.2 / 7.5 / 4.8 / 5.5 / 4.9 / 4.6 / 8.0 / 5.5 / 5.7,Hitter,3B,NYY,AL,25,FALSE,0,51.77,0
4,Position,3B,5,Ron Santo,santoro01,1963,1970,8,58.1,7.26,6.7 / 8.9 / 7.7 / 8.9 / 9.8 / 6.4 / 5.5 / 4.2,Hitter,3B,CHC,NL,23,FALSE,0,58.1,0
4,Position,C,1,Johnny Bench,benchjo01,1968,1979,12,70.03,5.84,5.0 / 6.2 / 7.4 / 4.0 / 8.6 / 4.7 / 7.8 / 6.6 / 4.6 / 5.0 / 4.4 / 5.6,Hitter,C,CIN,NL,20,FALSE,0,70.03,0
4,Position,C,2,Mike Piazza,piazzmi01,1995,2001,7,40.39,5.77,6.2 / 5.4 / 8.7 / 6.3 / 4.3 / 5.1 / 4.5,Hitter,C,LAD,NL,26,TRUE,0,40.39,0
4,Position,C,3,Yogi Berra,berrayo01,1950,1956,7,38.01,5.43,6.1 / 5.3 / 5.8 / 4.9 / 5.3 / 4.5 / 6.2,Hitter,C,NYY,AL,25,FALSE,0,38.01,0
4,Position,C,4,Gene Tenace,tenacge01,1973,1979,7,34.98,5,4.6 / 5.0 / 5.2 / 4.3 / 4.7 / 5.2 / 6.0,Hitter,C,SDP,Mixed,26,FALSE,0,34.98,0
4,Position,C,5,Ivan Rodriguez,rodriiv01,1996,2001,6,35.31,5.88,6.1 / 6.5 / 6.4 / 6.4 / 4.8 / 5.0,Hitter,C,TEX,AL,24,FALSE,0,35.31,0
4,Position,DH,1,Edgar Martinez,martied01,1995,2001,7,40.73,5.82,7.0 / 6.5 / 6.2 / 5.6 / 4.9 / 5.7 / 4.8,Hitter,DH,SEA,AL,32,TRUE,0,40.73,0
4,Position,DH,2,David Ortiz,ortizda01,2004,2007,4,21.62,5.4,4.3 / 5.2 / 5.8 / 6.4,Hitter,DH,BOS,AL,28,FALSE,0,21.62,0
4,Position,DH,3,Paul Molitor,molitpa01,1987,1989,3,16.91,5.64,6.0 / 5.2 / 5.7,Hitter,DH,MIL,AL,30,FALSE,0,16.91,0
4,Position,DH,4,Yordan Alvarez,alvaryo01,2022,2024,3,16.58,5.53,6.8 / 4.5 / 5.2,Hitter,DH,HOU,AL,25,FALSE,0,16.58,0
4,Position,DH,5,Travis Hafner,hafnetr01,2004,2006,3,16.31,5.44,5.0 / 5.4 / 5.9,Hitter,DH,CLE,AL,27,FALSE,0,16.31,0
4,Position,OF,1,Tris Speaker,speaktr01,1909,1926,18,131.86,7.33,6.3 / 7.6 / 6.2 / 10.1 / 8.8 / 9.9 / 7.1 / 8.9 / 7.9 / 5.8 / 5.4 / 8.7 / 6.6 / 6.9 / 9.1 / 4.6 / 6.5 / 5.5,Hitter,OF,BOS,AL,21,TRUE,0,131.93,-0.07
4,Position,OF,2,Hank Aaron,aaronha01,1955,1971,17,130.57,7.68,6.2 / 7.2 / 8.0 / 7.3 / 8.6 / 8.0 / 9.4 / 8.6 / 9.1 / 6.8 / 7.9 / 7.8 / 8.5 / 6.8 / 8.0 / 5.0 / 7.2,Hitter,OF,ATL,NL,21,FALSE,0,130.57,0
4,Position,OF,3,Willie Mays,mayswi01,1954,1968,15,134.69,8.98,10.4 / 9.2 / 7.6 / 8.3 / 10.2 / 7.8 / 9.5 / 8.7 / 10.5 / 10.6 / 11.0 / 11.2 / 9.0 / 4.3 / 6.2,Hitter,OF,SFG,NL,23,FALSE,0,134.69,0
4,Position,OF,4,Rickey Henderson,henderi01,1980,1993,14,96.21,6.87,8.8 / 6.7 / 6.7 / 6.9 / 6.0 / 9.9 / 6.3 / 4.7 / 6.3 / 8.7 / 9.9 / 4.6 / 5.6 / 5.0,Hitter,OF,OAK,AL,21,TRUE,0,96.21,0
4,Position,OF,5,Ty Cobb,cobbty01,1907,1919,13,105.35,8.1,6.8 / 6.2 / 9.9 / 10.3 / 10.5 / 8.8 / 7.0 / 5.5 / 9.5 / 8.0 / 11.0 / 6.4 / 5.4,Hitter,OF,DET,AL,20,TRUE,0,105.36,-0.01
4,Position,P,1,Cy Young,youngcy01,1891,1905,15,137.28,9.15,6.1 / 13.0 / 10.6 / 8.5 / 11.6 / 10.5 / 6.8 / 7.6 / 8.2 / 7.1 / 12.4 / 10.1 / 8.1 / 9.6 / 7.1,Pitcher,P,CLV,Mixed,24,FALSE,0,-1.52,138.8
4,Position,P,2,Kid Nichols,nichoki01,1890,1901,12,109.05,9.09,13.0 / 9.3 / 8.8 / 11.7 / 8.2 / 9.5 / 6.2 / 11.1 / 11.8 / 7.6 / 5.0 / 6.8,Pitcher,P,ATL,NL,20,FALSE,0,-0.56,109.61
4,Position,P,3,Tom Seaver,seaveto01,1967,1978,12,86.83,7.24,6.7 / 7.0 / 7.2 / 6.4 / 10.9 / 5.6 / 11.0 / 5.8 / 8.2 / 5.2 / 8.4 / 4.6,Pitcher,P,NYM,NL,22,FALSE,0,3.11,83.72
4,Position,P,4,Warren Spahn,spahnwa01,1949,1959,11,67.98,6.18,5.7 / 5.7 / 7.9 / 6.9 / 9.1 / 5.6 / 4.3 / 6.0 / 4.7 / 5.9 / 6.2,Pitcher,P,ATL,NL,28,FALSE,0,5.24,62.74
4,Position,P,5,Walter Johnson,johnswa01,1910,1919,10,120.26,12.03,11.0 / 9.0 / 15.4 / 16.6 / 13.1 / 12.8 / 11.2 / 8.4 / 11.8 / 11.0,Pitcher,P,MIN,AL,22,TRUE,0,8.85,111.41
4,Position,SS,1,Alex Rodriguez,rodrial01,1996,2011,16,114.15,7.13,9.4 / 5.6 / 8.5 / 4.8 / 10.4 / 8.3 / 8.8 / 8.4 / 7.6 / 9.4 / 4.5 / 9.4 / 6.8 / 4.2 / 4.2 / 4.0,Hitter,SS,SEA,AL,20,FALSE,0,114.15,0
4,Position,SS,2,Honus Wagner,wagneho01,1899,1912,14,112.9,8.06,6.0 / 6.8 / 7.2 / 7.3 / 7.6 / 8.3 / 10.2 / 9.3 / 9.0 / 11.5 / 9.2 / 5.4 / 6.8 / 8.4,Hitter,SS,PIT,NL,25,FALSE,0,112.91,-0.01
4,Position,SS,3,Pee Wee Reese,reesepe01,1946,1955,10,54.5,5.45,6.1 / 5.8 / 5.2 / 7.4 / 4.2 / 5.1 / 5.2 / 5.1 / 6.2 / 4.2,Hitter,SS,LAD,NL,27,FALSE,0,54.5,0
4,Position,SS,4,Arky Vaughan,vaughar01,1933,1941,9,63.45,7.05,6.6 / 7.3 / 9.7 / 7.9 / 5.7 / 8.8 / 5.7 / 6.8 / 4.8,Hitter,SS,PIT,NL,21,FALSE,0,63.45,0
4,Position,SS,5,Ernie Banks,bankser01,1955,1961,7,52.09,7.44,8.1 / 5.3 / 6.7 / 9.3 / 10.2 / 7.9 / 4.6,Hitter,SS,CHC,NL,24,FALSE,0,52.09,0
4,Position,Two-way,1,Bob Caruthers,carutbo01,1885,1891,7,55.66,7.95,10.0 / 11.6 / 10.7 / 6.6 / 8.4 / 4.3 / 4.1,Two-way / mixed,Two-way,STL,Mixed,21,FALSE,0,12.89,42.77
4,Position,Two-way,2,Jim Whitney,whitnji01,1881,1884,4,38.85,9.71,8.6 / 8.4 / 13.4 / 8.4,Two-way / mixed,Two-way,ATL,NL,23,FALSE,0,6.63,32.22
4,Position,Two-way,3,Shohei Ohtani,ohtansh01,2021,2024,4,37.56,9.39,9.0 / 9.6 / 9.9 / 9.0,Two-way / mixed,Two-way,ANA,Mixed,26,FALSE,0,23.44,14.12
4,Position,Two-way,4,Tony Mullane,mullato01,1882,1884,3,25.84,8.61,6.2 / 6.4 / 13.2,Two-way / mixed,Two-way,TOL,Other (AA/UA/PL/FL),23,FALSE,0,2.61,23.23
4,Position,Two-way,5,Dave Foutz,foutzda01,1885,1886,2,16.05,8.03,5.0 / 11.0,Two-way / mixed,Two-way,STL,Other (AA/UA/PL/FL),28,FALSE,0,1.71,14.34
4,Decade (start year),1870s,1,Jim McCormick,mccorji01,1879,1884,6,61.52,10.25,9.8 / 10.8 / 7.0 / 10.9 / 8.2 / 14.8,Pitcher,P,CBL,NL,22,FALSE,0,0.52,61
4,Decade (start year),1870s,2,Tommy Bond,bondto01,1876,1879,4,49.64,12.41,10.4 / 11.5 / 13.4 / 14.3,Pitcher,P,ATL,NL,20,FALSE,0,-0.72,50.36
4,Decade (start year),1870s,3,John Ward,wardjo01,1878,1880,3,21.49,7.16,4.7 / 9.2 / 7.6,Pitcher,P,PRO,NL,18,FALSE,0,2.89,18.6
4,Decade (start year),1870s,4,Jim Devlin,devliji01,1876,1877,2,31.7,15.85,18.3 / 13.4,Pitcher,P,LGR,NL,27,FALSE,0,0.86,30.84
4,Decade (start year),1870s,5,Terry Larkin,larkite01,1878,1879,2,10.45,5.22,5.6 / 4.9,Pitcher,P,CHC,NL,22,FALSE,0,1.43,9.02
4,Decade (start year),1880s,1,Dan Brouthers,broutda01,1882,1892,11,66.82,6.07,5.9 / 5.5 / 5.4 / 5.2 / 8.2 / 5.3 / 6.6 / 6.2 / 4.0 / 5.6 / 8.8,Hitter,1B,LAD,Mixed,24,FALSE,0,67.13,-0.31
4,Decade (start year),1880s,2,Roger Connor,connoro01,1885,1893,9,57.03,6.34,8.2 / 7.1 / 6.2 / 7.5 / 5.6 / 6.0 / 5.7 / 6.3 / 4.4,Hitter,1B,SFG,Mixed,27,FALSE,0,57.03,0
4,Decade (start year),1880s,3,John Clarkson,clarkjo01,1885,1892,8,78.85,9.86,12.8 / 6.8 / 15.0 / 4.2 / 16.2 / 8.9 / 9.9 / 5.1,Pitcher,P,ATL,NL,23,FALSE,0,-1.29,80.14
4,Decade (start year),1880s,4,Tony Mullane,mullato01,1886,1893,8,41.42,5.18,5.2 / 7.6 / 4.3 / 4.3 / 5.1 / 4.1 / 5.9 / 4.8,Two-way / mixed,P,CIN,Mixed,27,FALSE,0,2.57,38.85
4,Decade (start year),1880s,5,Tim Keefe,keefeti01,1882,1888,7,66.42,9.49,5.2 / 20.2 / 8.3 / 6.6 / 9.4 / 7.5 / 9.1,Pitcher,P,NYP,Mixed,25,FALSE,0,0.18,66.24
4,Decade (start year),1890s,1,Cy Young,youngcy01,1891,1905,15,137.28,9.15,6.1 / 13.0 / 10.6 / 8.5 / 11.6 / 10.5 / 6.8 / 7.6 / 8.2 / 7.1 / 12.4 / 10.1 / 8.1 / 9.6 / 7.1,Pitcher,P,CLV,Mixed,24,FALSE,0,-1.52,138.8
4,Decade (start year),1890s,2,Honus Wagner,wagneho01,1899,1912,14,112.9,8.06,6.0 / 6.8 / 7.2 / 7.3 / 7.6 / 8.3 / 10.2 / 9.3 / 9.0 / 11.5 / 9.2 / 5.4 / 6.8 / 8.4,Hitter,SS,PIT,NL,25,FALSE,0,112.91,-0.01
4,Decade (start year),1890s,3,Kid Nichols,nichoki01,1890,1901,12,109.05,9.09,13.0 / 9.3 / 8.8 / 11.7 / 8.2 / 9.5 / 6.2 / 11.1 / 11.8 / 7.6 / 5.0 / 6.8,Pitcher,P,ATL,NL,20,FALSE,0,-0.56,109.61
4,Decade (start year),1890s,4,Billy Hamilton,hamilbi01,1890,1898,9,52.1,5.79,4.4 / 6.5 / 6.1 / 5.0 / 8.2 / 6.1 / 5.8 / 4.8 / 5.2,Hitter,OF,PHI,NL,24,FALSE,0,52.1,0
4,Decade (start year),1890s,5,Clark Griffith,griffcl01,1894,1901,8,53.61,6.7,5.9 / 9.3 / 6.4 / 4.9 / 10.3 / 4.5 / 5.1 / 7.2,Pitcher,P,CHC,Mixed,24,FALSE,0,3.33,50.28
4,Decade (start year),1900s,1,Tris Speaker,speaktr01,1909,1926,18,131.86,7.33,6.3 / 7.6 / 6.2 / 10.1 / 8.8 / 9.9 / 7.1 / 8.9 / 7.9 / 5.8 / 5.4 / 8.7 / 6.6 / 6.9 / 9.1 / 4.6 / 6.5 / 5.5,Hitter,OF,BOS,AL,21,TRUE,0,131.93,-0.07
4,Decade (start year),1900s,2,Ty Cobb,cobbty01,1907,1919,13,105.35,8.1,6.8 / 6.2 / 9.9 / 10.3 / 10.5 / 8.8 / 7.0 / 5.5 / 9.5 / 8.0 / 11.0 / 6.4 / 5.4,Hitter,OF,DET,AL,20,TRUE,0,105.36,-0.01
4,Decade (start year),1900s,3,Eddie Collins,collied01,1909,1917,9,74.47,8.27,9.7 / 9.8 / 6.7 / 8.8 / 9.4 / 8.9 / 9.1 / 7.0 / 5.0,Hitter,2B,OAK,AL,22,FALSE,0,74.47,0
4,Decade (start year),1900s,4,Eddie Plank,planked01,1901,1909,9,58.88,6.54,5.1 / 5.8 / 7.0 / 9.3 / 7.4 / 4.4 / 6.7 / 7.6 / 5.7,Pitcher,P,OAK,AL,25,FALSE,0,2.59,56.29
4,Decade (start year),1900s,5,Bobby Wallace,wallabo01,1901,1908,8,45.87,5.73,7.8 / 5.1 / 4.2 / 5.7 / 5.3 / 6.1 / 5.2 / 6.3,Hitter,NA,STL,Mixed,27,FALSE,0,45.93,-0.06
4,Decade (start year),1910s,1,Rogers Hornsby,hornsro01,1916,1929,14,120.71,8.62,5.0 / 10.0 / 5.3 / 6.5 / 9.7 / 10.9 / 10.1 / 6.8 / 12.1 / 10.2 / 4.4 / 10.2 / 8.9 / 10.6,Hitter,2B,STL,NL,20,TRUE,0,120.71,0
4,Decade (start year),1910s,2,Walter Johnson,johnswa01,1910,1919,10,120.26,12.03,11.0 / 9.0 / 15.4 / 16.6 / 13.1 / 12.8 / 11.2 / 8.4 / 11.8 / 11.0,Pitcher,P,MIN,AL,22,TRUE,0,8.85,111.41
4,Decade (start year),1910s,3,Babe Ruth,ruthba01,1915,1924,10,96.36,9.64,4.1 / 10.4 / 8.6 / 7.0 / 10.0 / 11.8 / 12.6 / 6.4 / 14.1 / 11.3,Two-way / mixed,OF,NYY,AL,20,TRUE,0,75.94,20.42
4,Decade (start year),1910s,4,Urban Shocker,shockur01,1919,1926,8,50.11,6.26,4.7 / 6.8 / 8.6 / 7.3 / 6.5 / 4.9 / 6.3 / 4.9,Pitcher,P,BAL,AL,28,TRUE,0,2.91,47.2
4,Decade (start year),1910s,5,Wilbur Cooper,coopewi01,1916,1923,8,46.3,5.79,5.9 / 7.5 / 4.6 / 5.3 / 6.3 / 5.0 / 7.5 / 4.2,Pitcher,P,PIT,NL,24,TRUE,0,3.82,42.48
4,Decade (start year),1920s,1,Mel Ott,ottme01,1929,1942,14,94.95,6.78,7.2 / 6.6 / 6.1 / 8.3 / 5.8 / 7.2 / 7.2 / 7.8 / 6.8 / 8.8 / 5.8 / 5.3 / 4.8 / 7.1,Hitter,3B,SFG,NL,20,FALSE,0,94.95,0
4,Decade (start year),1920s,2,Lou Gehrig,gehrilo01,1926,1938,13,110.08,8.47,6.9 / 11.8 / 9.5 / 7.5 / 9.6 / 8.6 / 8.2 / 7.1 / 10.0 / 8.3 / 9.7 / 8.2 / 4.6,Hitter,1B,NYY,AL,23,FALSE,0,110.08,0
4,Decade (start year),1920s,3,Al Simmons,simmoal01,1925,1934,10,58.78,5.88,6.6 / 5.1 / 5.9 / 4.6 / 7.8 / 7.8 / 7.4 / 4.3 / 4.9 / 4.4,Hitter,OF,OAK,AL,23,FALSE,0,58.78,0
4,Decade (start year),1920s,4,Babe Ruth,ruthba01,1926,1934,9,82.91,9.21,11.4 / 12.6 / 10.2 / 8.1 / 10.5 / 10.6 / 8.5 / 6.2 / 5.0,Hitter,OF,NYY,AL,31,FALSE,0,82.7,0.21
4,Decade (start year),1920s,5,Jimmie Foxx,foxxji01,1928,1936,9,65.47,7.27,4.9 / 7.9 / 6.9 / 4.6 / 10.3 / 9.0 / 8.3 / 8.0 / 5.5,Hitter,1B,OAK,AL,20,FALSE,0,65.47,0
4,Decade (start year),1930s,1,Arky Vaughan,vaughar01,1933,1941,9,63.45,7.05,6.6 / 7.3 / 9.7 / 7.9 / 5.7 / 8.8 / 5.7 / 6.8 / 4.8,Hitter,SS,PIT,NL,21,FALSE,0,63.45,0
4,Decade (start year),1930s,2,Charlie Gehringer,gehrich01,1932,1940,9,59.97,6.66,5.1 / 7.2 / 8.9 / 8.6 / 7.9 / 7.8 / 5.0 / 5.0 / 4.3,Hitter,2B,DET,AL,29,FALSE,0,59.97,0
4,Decade (start year),1930s,3,Joe DiMaggio,dimagjo01,1936,1942,7,49.75,7.11,4.7 / 8.4 / 5.6 / 8.2 / 7.1 / 9.3 / 6.4,Hitter,OF,NYY,AL,21,FALSE,0,49.75,0
4,Decade (start year),1930s,4,Johnny Mize,mizejo01,1936,1942,7,43.93,6.28,4.5 / 6.6 / 6.4 / 7.4 / 7.3 / 5.3 / 6.4,Hitter,1B,STL,NL,23,FALSE,0,43.93,0
4,Decade (start year),1930s,5,Dolph Camilli,camildo01,1936,1942,7,39.88,5.7,6.0 / 6.0 / 4.6 / 6.4 / 5.3 / 6.8 / 4.8,Hitter,1B,LAD,NL,29,FALSE,0,39.88,0
4,Decade (start year),1940s,1,Stan Musial,musiast01,1946,1958,13,94.37,7.26,9.3 / 5.1 / 11.3 / 9.1 / 7.2 / 8.8 / 7.5 / 7.6 / 6.5 / 6.2 / 5.5 / 6.1 / 4.1,Hitter,OF,STL,NL,25,FALSE,0,94.37,0
4,Decade (start year),1940s,2,Warren Spahn,spahnwa01,1949,1959,11,67.98,6.18,5.7 / 5.7 / 7.9 / 6.9 / 9.1 / 5.6 / 4.3 / 6.0 / 4.7 / 5.9 / 6.2,Pitcher,P,ATL,NL,28,FALSE,0,5.24,62.74
4,Decade (start year),1940s,3,Pee Wee Reese,reesepe01,1946,1955,10,54.5,5.45,6.1 / 5.8 / 5.2 / 7.4 / 4.2 / 5.1 / 5.2 / 5.1 / 6.2 / 4.2,Hitter,SS,LAD,NL,27,FALSE,0,54.5,0
4,Decade (start year),1940s,4,Jackie Robinson,robinja02,1947,1953,7,51.05,7.29,4.1 / 5.3 / 9.3 / 7.4 / 9.6 / 8.4 / 6.9,Hitter,2B,LAD,NL,28,FALSE,0,51.05,0
4,Decade (start year),1940s,5,Hal Newhouser,newhoha01,1944,1949,6,48.75,8.12,8.4 / 12.2 / 9.6 / 6.3 / 6.7 / 5.7,Pitcher,P,DET,AL,23,FALSE,0,2.37,46.38
4,Decade (start year),1950s,1,Hank Aaron,aaronha01,1955,1971,17,130.57,7.68,6.2 / 7.2 / 8.0 / 7.3 / 8.6 / 8.0 / 9.4 / 8.6 / 9.1 / 6.8 / 7.9 / 7.8 / 8.5 / 6.8 / 8.0 / 5.0 / 7.2,Hitter,OF,ATL,NL,21,FALSE,0,130.57,0
4,Decade (start year),1950s,2,Willie Mays,mayswi01,1954,1968,15,134.69,8.98,10.4 / 9.2 / 7.6 / 8.3 / 10.2 / 7.8 / 9.5 / 8.7 / 10.5 / 10.6 / 11.0 / 11.2 / 9.0 / 4.3 / 6.2,Hitter,OF,SFG,NL,23,FALSE,0,134.69,0
4,Decade (start year),1950s,3,Eddie Mathews,matheed01,1953,1965,13,88.93,6.84,8.1 / 7.7 / 7.2 / 5.7 / 7.4 / 6.5 / 8.2 / 7.3 / 7.3 / 5.6 / 8.0 / 4.6 / 5.3,Hitter,3B,ATL,NL,21,FALSE,0,88.93,0
4,Decade (start year),1950s,4,Frank Robinson,robinfr02,1956,1967,12,76.83,6.4,6.5 / 6.9 / 4.3 / 5.8 / 6.2 / 7.6 / 8.7 / 4.8 / 7.9 / 5.0 / 7.6 / 5.4,Hitter,OF,CIN,Mixed,20,FALSE,0,76.83,0
4,Decade (start year),1950s,5,Mickey Mantle,mantlmi01,1952,1962,11,89.23,8.11,6.3 / 5.8 / 6.9 / 9.5 / 11.2 / 11.3 / 8.7 / 6.6 / 6.3 / 10.4 / 6.0,Hitter,OF,NYY,AL,20,FALSE,0,89.23,0
4,Decade (start year),1960s,1,Tom Seaver,seaveto01,1967,1978,12,86.83,7.24,6.7 / 7.0 / 7.2 / 6.4 / 10.9 / 5.6 / 11.0 / 5.8 / 8.2 / 5.2 / 8.4 / 4.6,Pitcher,P,NYM,NL,22,FALSE,0,3.11,83.72
4,Decade (start year),1960s,2,Johnny Bench,benchjo01,1968,1979,12,70.03,5.84,5.0 / 6.2 / 7.4 / 4.0 / 8.6 / 4.7 / 7.8 / 6.6 / 4.6 / 5.0 / 4.4 / 5.6,Hitter,C,CIN,NL,20,FALSE,0,70.03,0
4,Decade (start year),1960s,3,Pete Rose,rosepe01,1965,1976,12,67.73,5.64,5.6 / 4.1 / 4.8 / 5.5 / 6.6 / 4.8 / 5.1 / 6.1 / 8.3 / 5.9 / 4.1 / 7.0,Hitter,OF,CIN,NL,24,FALSE,0,67.73,0
4,Decade (start year),1960s,4,Roberto Clemente,clemero01,1963,1972,10,70.04,7,5.3 / 7.2 / 7.2 / 8.2 / 8.9 / 8.2 / 7.5 / 5.5 / 7.3 / 4.8,Hitter,OF,PIT,NL,28,FALSE,0,70.04,0
4,Decade (start year),1960s,5,Ron Santo,santoro01,1963,1970,8,58.1,7.26,6.7 / 8.9 / 7.7 / 8.9 / 9.8 / 6.4 / 5.5 / 4.2,Hitter,3B,CHC,NL,23,FALSE,0,58.1,0
4,Decade (start year),1970s,1,Mike Schmidt,schmimi01,1974,1987,14,103.52,7.39,9.7 / 7.7 / 8.0 / 8.8 / 6.2 / 7.9 / 8.9 / 7.7 / 7.4 / 6.9 / 7.0 / 5.0 / 6.2 / 6.1,Hitter,3B,PHI,NL,24,TRUE,0,103.52,0
4,Decade (start year),1970s,2,Graig Nettles,nettlgr01,1970,1978,9,51.77,5.75,5.2 / 7.5 / 4.8 / 5.5 / 4.9 / 4.6 / 8.0 / 5.5 / 5.7,Hitter,3B,NYY,AL,25,FALSE,0,51.77,0
4,Decade (start year),1970s,3,Bert Blyleven,blylebe01,1971,1978,8,51.94,6.49,6.2 / 5.1 / 9.7 / 7.8 / 6.0 / 6.5 / 5.8 / 4.7,Pitcher,P,MIN,Mixed,20,FALSE,0,-0.46,52.4
4,Decade (start year),1970s,4,Keith Hernandez,hernake01,1979,1986,8,45.46,5.68,7.6 / 6.6 / 4.2 / 4.6 / 5.6 / 6.3 / 5.0 / 5.5,Hitter,1B,STL,NL,25,TRUE,0,45.46,0
4,Decade (start year),1970s,5,Joe Morgan,morgajo02,1971,1977,7,59.31,8.47,5.7 / 9.3 / 9.3 / 8.6 / 11.0 / 9.6 / 5.8,Hitter,2B,CIN,NL,27,FALSE,0,59.31,0
4,Decade (start year),1980s,1,Rickey Henderson,henderi01,1980,1993,14,96.21,6.87,8.8 / 6.7 / 6.7 / 6.9 / 6.0 / 9.9 / 6.3 / 4.7 / 6.3 / 8.7 / 9.9 / 4.6 / 5.6 / 5.0,Hitter,OF,OAK,AL,21,TRUE,0,96.21,0
4,Decade (start year),1980s,2,Barry Bonds,bondsba01,1987,1998,12,96.37,8.03,5.8 / 6.2 / 8.0 / 9.7 / 8.0 / 9.0 / 9.9 / 6.2 / 7.5 / 9.6 / 8.2 / 8.1,Hitter,OF,SFG,NL,22,TRUE,0,96.37,0
4,Decade (start year),1980s,3,Roger Clemens,clemero02,1986,1992,7,58.1,8.3,8.8 / 9.4 / 7.1 / 5.7 / 10.4 / 7.9 / 8.7,Pitcher,P,BOS,AL,23,FALSE,0,0,58.1
4,Decade (start year),1980s,4,Wade Boggs,boggswa01,1983,1989,7,56.27,8.04,7.8 / 6.3 / 9.1 / 8.1 / 8.3 / 8.3 / 8.4,Hitter,3B,BOS,AL,25,FALSE,0,56.27,0
4,Decade (start year),1980s,5,Dave Stieb,stiebda01,1980,1985,6,38.54,6.42,4.9 / 4.4 / 7.6 / 7.0 / 7.9 / 6.8,Pitcher,P,TOR,AL,22,TRUE,0,-0.05,38.59
4,Decade (start year),1990s,1,Alex Rodriguez,rodrial01,1996,2011,16,114.15,7.13,9.4 / 5.6 / 8.5 / 4.8 / 10.4 / 8.3 / 8.8 / 8.4 / 7.6 / 9.4 / 4.5 / 9.4 / 6.8 / 4.2 / 4.2 / 4.0,Hitter,SS,SEA,AL,20,FALSE,0,114.15,0
4,Decade (start year),1990s,2,Jeff Bagwell,bagweje01,1991,2001,11,68.12,6.19,4.8 / 4.7 / 5.4 / 8.2 / 4.8 / 7.5 / 7.7 / 6.3 / 7.4 / 5.4 / 5.8,Hitter,1B,HOU,NL,23,TRUE,0,68.12,0
4,Decade (start year),1990s,3,Manny Ramirez,ramirma02,1996,2006,11,55.76,5.07,4.2 / 4.6 / 5.3 / 7.3 / 4.8 / 5.2 / 6.0 / 5.4 / 4.1 / 4.4 / 4.5,Hitter,OF,CLE,AL,24,FALSE,0,55.76,0
4,Decade (start year),1990s,4,Pedro Martinez,martipe02,1997,2005,9,68.75,7.64,8.8 / 7.1 / 9.8 / 11.7 / 5.1 / 6.4 / 8.0 / 5.4 / 6.5,Pitcher,P,BOS,Mixed,25,FALSE,0,-0.98,69.73
4,Decade (start year),1990s,5,Curt Schilling,schilcu01,1996,2004,9,57.59,6.4,4.8 / 6.3 / 6.0 / 4.8 / 5.2 / 8.5 / 8.5 / 5.7 / 7.7,Pitcher,P,ARI,Mixed,29,FALSE,0,-0.94,58.53
4,Decade (start year),2000s,1,Albert Pujols,pujolal01,2001,2012,12,91.45,7.62,6.6 / 5.5 / 8.6 / 8.5 / 8.4 / 8.5 / 8.7 / 9.2 / 9.7 / 7.5 / 5.3 / 4.8,Hitter,1B,STL,Mixed,21,FALSE,0,91.45,0
4,Decade (start year),2000s,2,Clayton Kershaw,kershcl01,2009,2017,9,59.51,6.61,4.6 / 5.2 / 7.4 / 6.8 / 8.6 / 8.2 / 7.3 / 6.1 / 5.3,Pitcher,P,LAD,NL,21,FALSE,0,2.15,57.36
4,Decade (start year),2000s,3,Miguel Cabrera,cabremi01,2009,2016,8,48.72,6.09,5.1 / 6.5 / 7.6 / 7.1 / 7.5 / 5.1 / 4.9 / 4.9,Hitter,1B,DET,AL,26,FALSE,0,48.72,0
4,Decade (start year),2000s,4,Mark Teixeira,teixema01,2004,2010,7,38,5.43,4.6 / 7.2 / 4.4 / 4.6 / 7.8 / 5.3 / 4.1,Hitter,1B,ATL,Mixed,24,FALSE,0,38,0
4,Decade (start year),2000s,5,Miguel Tejada,tejadmi01,2000,2006,7,36.64,5.23,4.2 / 4.2 / 5.7 / 4.9 / 7.4 / 5.9 / 4.5,Hitter,SS,BAL,AL,26,FALSE,0,36.64,0
4,Decade (start year),2010s,1,Mike Trout,troutmi01,2012,2019,8,71.67,8.96,10.5 / 8.9 / 7.7 / 9.5 / 10.4 / 6.9 / 9.9 / 7.8,Hitter,OF,ANA,AL,20,FALSE,0,71.67,0
4,Decade (start year),2010s,2,Max Scherzer,scherma01,2012,2019,8,51.81,6.48,4.3 / 6.5 / 5.7 / 7.4 / 6.4 / 7.5 / 8.7 / 5.3,Pitcher,P,WSN,Mixed,27,FALSE,0,1.63,50.18
4,Decade (start year),2010s,3,Adrian Beltre,beltrad01,2010,2016,7,43.97,6.28,7.8 / 5.6 / 7.2 / 5.6 / 6.2 / 4.6 / 6.9,Hitter,3B,BOS,AL,31,FALSE,0,43.97,0
4,Decade (start year),2010s,4,Cole Hamels,hamelco01,2010,2016,7,37.03,5.29,5.5 / 6.4 / 5.1 / 4.1 / 6.6 / 4.2 / 5.1,Pitcher,P,PHI,Mixed,26,FALSE,0,0.81,36.22
4,Decade (start year),2010s,5,Paul Goldschmidt,goldspa01,2013,2018,6,36.13,6.02,6.3 / 4.7 / 8.3 / 4.9 / 6.1 / 5.8,Hitter,1B,ARI,NL,25,FALSE,0,36.13,0
4,Decade (start year),2020s,1,Shohei Ohtani,ohtansh01,2021,2024,4,37.56,9.39,9.0 / 9.6 / 9.9 / 9.0,Two-way / mixed,Two-way,ANA,Mixed,26,FALSE,0,23.44,14.12
4,Decade (start year),2020s,2,Aaron Judge,judgeaa01,2021,2024,4,32.11,8.03,5.9 / 10.8 / 4.5 / 10.9,Hitter,OF,NYY,AL,29,FALSE,0,32.11,0
4,Decade (start year),2020s,3,Juan Soto,sotoju01,2021,2024,4,26.09,6.52,7.3 / 5.5 / 5.3 / 8.0,Hitter,OF,NYY,Mixed,22,FALSE,0,26.09,0
4,Decade (start year),2020s,4,Marcus Semien,semiema01,2021,2024,4,25.01,6.25,7.1 / 5.7 / 7.7 / 4.5,Hitter,2B,TEX,AL,30,FALSE,0,25.01,0
4,Decade (start year),2020s,5,Jose Ramirez,ramirjo01,2021,2024,4,24.25,6.06,6.6 / 5.9 / 4.9 / 6.8,Hitter,3B,CLE,AL,28,FALSE,0,24.25,0
4,Age at start,25-27,1,Honus Wagner,wagneho01,1899,1912,14,112.9,8.06,6.0 / 6.8 / 7.2 / 7.3 / 7.6 / 8.3 / 10.2 / 9.3 / 9.0 / 11.5 / 9.2 / 5.4 / 6.8 / 8.4,Hitter,SS,PIT,NL,25,FALSE,0,112.91,-0.01
4,Age at start,25-27,2,Stan Musial,musiast01,1946,1958,13,94.37,7.26,9.3 / 5.1 / 11.3 / 9.1 / 7.2 / 8.8 / 7.5 / 7.6 / 6.5 / 6.2 / 5.5 / 6.1 / 4.1,Hitter,OF,STL,NL,25,FALSE,0,94.37,0
4,Age at start,25-27,3,Pee Wee Reese,reesepe01,1946,1955,10,54.5,5.45,6.1 / 5.8 / 5.2 / 7.4 / 4.2 / 5.1 / 5.2 / 5.1 / 6.2 / 4.2,Hitter,SS,LAD,NL,27,FALSE,0,54.5,0
4,Age at start,25-27,4,Pedro Martinez,martipe02,1997,2005,9,68.75,7.64,8.8 / 7.1 / 9.8 / 11.7 / 5.1 / 6.4 / 8.0 / 5.4 / 6.5,Pitcher,P,BOS,Mixed,25,FALSE,0,-0.98,69.73
4,Age at start,25-27,5,Eddie Plank,planked01,1901,1909,9,58.88,6.54,5.1 / 5.8 / 7.0 / 9.3 / 7.4 / 4.4 / 6.7 / 7.6 / 5.7,Pitcher,P,OAK,AL,25,FALSE,0,2.59,56.29
4,Age at start,28-30,1,Warren Spahn,spahnwa01,1949,1959,11,67.98,6.18,5.7 / 5.7 / 7.9 / 6.9 / 9.1 / 5.6 / 4.3 / 6.0 / 4.7 / 5.9 / 6.2,Pitcher,P,ATL,NL,28,FALSE,0,5.24,62.74
4,Age at start,28-30,2,Roberto Clemente,clemero01,1963,1972,10,70.04,7,5.3 / 7.2 / 7.2 / 8.2 / 8.9 / 8.2 / 7.5 / 5.5 / 7.3 / 4.8,Hitter,OF,PIT,NL,28,FALSE,0,70.04,0
4,Age at start,28-30,3,Charlie Gehringer,gehrich01,1932,1940,9,59.97,6.66,5.1 / 7.2 / 8.9 / 8.6 / 7.9 / 7.8 / 5.0 / 5.0 / 4.3,Hitter,2B,DET,AL,29,FALSE,0,59.97,0
4,Age at start,28-30,4,Curt Schilling,schilcu01,1996,2004,9,57.59,6.4,4.8 / 6.3 / 6.0 / 4.8 / 5.2 / 8.5 / 8.5 / 5.7 / 7.7,Pitcher,P,ARI,Mixed,29,FALSE,0,-0.94,58.53
4,Age at start,28-30,5,Bill Terry,terrybi01,1927,1935,9,51.47,5.72,5.2 / 4.2 / 4.6 / 7.9 / 6.6 / 7.7 / 4.0 / 6.2 / 5.1,Hitter,1B,SFG,NL,28,FALSE,0,51.47,0
4,Age at start,31+,1,Babe Ruth,ruthba01,1926,1934,9,82.91,9.21,11.4 / 12.6 / 10.2 / 8.1 / 10.5 / 10.6 / 8.5 / 6.2 / 5.0,Hitter,OF,NYY,AL,31,FALSE,0,82.7,0.21
4,Age at start,31+,2,Adrian Beltre,beltrad01,2010,2016,7,43.97,6.28,7.8 / 5.6 / 7.2 / 5.6 / 6.2 / 4.6 / 6.9,Hitter,3B,BOS,AL,31,FALSE,0,43.97,0
4,Age at start,31+,3,Edgar Martinez,martied01,1995,2001,7,40.73,5.82,7.0 / 6.5 / 6.2 / 5.6 / 4.9 / 5.7 / 4.8,Hitter,DH,SEA,AL,32,TRUE,0,40.73,0
4,Age at start,31+,4,Bob Gibson,gibsobo01,1968,1973,6,50.25,8.38,11.9 / 11.3 / 10.1 / 5.0 / 7.8 / 4.2,Pitcher,P,STL,NL,32,FALSE,0,3.86,46.39
4,Age at start,31+,5,Randy Johnson,johnsra05,1997,2002,6,50.11,8.35,8.0 / 5.4 / 8.6 / 8.1 / 9.5 / 10.5,Pitcher,P,ARI,Mixed,33,FALSE,0,-1.67,51.78
4,Age at start,<=24,1,Tris Speaker,speaktr01,1909,1926,18,131.86,7.33,6.3 / 7.6 / 6.2 / 10.1 / 8.8 / 9.9 / 7.1 / 8.9 / 7.9 / 5.8 / 5.4 / 8.7 / 6.6 / 6.9 / 9.1 / 4.6 / 6.5 / 5.5,Hitter,OF,BOS,AL,21,TRUE,0,131.93,-0.07
4,Age at start,<=24,2,Hank Aaron,aaronha01,1955,1971,17,130.57,7.68,6.2 / 7.2 / 8.0 / 7.3 / 8.6 / 8.0 / 9.4 / 8.6 / 9.1 / 6.8 / 7.9 / 7.8 / 8.5 / 6.8 / 8.0 / 5.0 / 7.2,Hitter,OF,ATL,NL,21,FALSE,0,130.57,0
4,Age at start,<=24,3,Alex Rodriguez,rodrial01,1996,2011,16,114.15,7.13,9.4 / 5.6 / 8.5 / 4.8 / 10.4 / 8.3 / 8.8 / 8.4 / 7.6 / 9.4 / 4.5 / 9.4 / 6.8 / 4.2 / 4.2 / 4.0,Hitter,SS,SEA,AL,20,FALSE,0,114.15,0
4,Age at start,<=24,4,Cy Young,youngcy01,1891,1905,15,137.28,9.15,6.1 / 13.0 / 10.6 / 8.5 / 11.6 / 10.5 / 6.8 / 7.6 / 8.2 / 7.1 / 12.4 / 10.1 / 8.1 / 9.6 / 7.1,Pitcher,P,CLV,Mixed,24,FALSE,0,-1.52,138.8
4,Age at start,<=24,5,Willie Mays,mayswi01,1954,1968,15,134.69,8.98,10.4 / 9.2 / 7.6 / 8.3 / 10.2 / 7.8 / 9.5 / 8.7 / 10.5 / 10.6 / 11.0 / 11.2 / 9.0 / 4.3 / 6.2,Hitter,OF,SFG,NL,23,FALSE,0,134.69,0
4,League,AL,1,Tris Speaker,speaktr01,1909,1926,18,131.86,7.33,6.3 / 7.6 / 6.2 / 10.1 / 8.8 / 9.9 / 7.1 / 8.9 / 7.9 / 5.8 / 5.4 / 8.7 / 6.6 / 6.9 / 9.1 / 4.6 / 6.5 / 5.5,Hitter,OF,BOS,AL,21,TRUE,0,131.93,-0.07
4,League,AL,2,Alex Rodriguez,rodrial01,1996,2011,16,114.15,7.13,9.4 / 5.6 / 8.5 / 4.8 / 10.4 / 8.3 / 8.8 / 8.4 / 7.6 / 9.4 / 4.5 / 9.4 / 6.8 / 4.2 / 4.2 / 4.0,Hitter,SS,SEA,AL,20,FALSE,0,114.15,0
4,League,AL,3,Rickey Henderson,henderi01,1980,1993,14,96.21,6.87,8.8 / 6.7 / 6.7 / 6.9 / 6.0 / 9.9 / 6.3 / 4.7 / 6.3 / 8.7 / 9.9 / 4.6 / 5.6 / 5.0,Hitter,OF,OAK,AL,21,TRUE,0,96.21,0
4,League,AL,4,Lou Gehrig,gehrilo01,1926,1938,13,110.08,8.47,6.9 / 11.8 / 9.5 / 7.5 / 9.6 / 8.6 / 8.2 / 7.1 / 10.0 / 8.3 / 9.7 / 8.2 / 4.6,Hitter,1B,NYY,AL,23,FALSE,0,110.08,0
4,League,AL,5,Ty Cobb,cobbty01,1907,1919,13,105.35,8.1,6.8 / 6.2 / 9.9 / 10.3 / 10.5 / 8.8 / 7.0 / 5.5 / 9.5 / 8.0 / 11.0 / 6.4 / 5.4,Hitter,OF,DET,AL,20,TRUE,0,105.36,-0.01
4,League,Mixed,1,Cy Young,youngcy01,1891,1905,15,137.28,9.15,6.1 / 13.0 / 10.6 / 8.5 / 11.6 / 10.5 / 6.8 / 7.6 / 8.2 / 7.1 / 12.4 / 10.1 / 8.1 / 9.6 / 7.1,Pitcher,P,CLV,Mixed,24,FALSE,0,-1.52,138.8
4,League,Mixed,2,Albert Pujols,pujolal01,2001,2012,12,91.45,7.62,6.6 / 5.5 / 8.6 / 8.5 / 8.4 / 8.5 / 8.7 / 9.2 / 9.7 / 7.5 / 5.3 / 4.8,Hitter,1B,STL,Mixed,21,FALSE,0,91.45,0
4,League,Mixed,3,Frank Robinson,robinfr02,1956,1967,12,76.83,6.4,6.5 / 6.9 / 4.3 / 5.8 / 6.2 / 7.6 / 8.7 / 4.8 / 7.9 / 5.0 / 7.6 / 5.4,Hitter,OF,CIN,Mixed,20,FALSE,0,76.83,0
4,League,Mixed,4,Dan Brouthers,broutda01,1882,1892,11,66.82,6.07,5.9 / 5.5 / 5.4 / 5.2 / 8.2 / 5.3 / 6.6 / 6.2 / 4.0 / 5.6 / 8.8,Hitter,1B,LAD,Mixed,24,FALSE,0,67.13,-0.31
4,League,Mixed,5,Pedro Martinez,martipe02,1997,2005,9,68.75,7.64,8.8 / 7.1 / 9.8 / 11.7 / 5.1 / 6.4 / 8.0 / 5.4 / 6.5,Pitcher,P,BOS,Mixed,25,FALSE,0,-0.98,69.73
4,League,NL,1,Hank Aaron,aaronha01,1955,1971,17,130.57,7.68,6.2 / 7.2 / 8.0 / 7.3 / 8.6 / 8.0 / 9.4 / 8.6 / 9.1 / 6.8 / 7.9 / 7.8 / 8.5 / 6.8 / 8.0 / 5.0 / 7.2,Hitter,OF,ATL,NL,21,FALSE,0,130.57,0
4,League,NL,2,Willie Mays,mayswi01,1954,1968,15,134.69,8.98,10.4 / 9.2 / 7.6 / 8.3 / 10.2 / 7.8 / 9.5 / 8.7 / 10.5 / 10.6 / 11.0 / 11.2 / 9.0 / 4.3 / 6.2,Hitter,OF,SFG,NL,23,FALSE,0,134.69,0
4,League,NL,3,Rogers Hornsby,hornsro01,1916,1929,14,120.71,8.62,5.0 / 10.0 / 5.3 / 6.5 / 9.7 / 10.9 / 10.1 / 6.8 / 12.1 / 10.2 / 4.4 / 10.2 / 8.9 / 10.6,Hitter,2B,STL,NL,20,TRUE,0,120.71,0
4,League,NL,4,Honus Wagner,wagneho01,1899,1912,14,112.9,8.06,6.0 / 6.8 / 7.2 / 7.3 / 7.6 / 8.3 / 10.2 / 9.3 / 9.0 / 11.5 / 9.2 / 5.4 / 6.8 / 8.4,Hitter,SS,PIT,NL,25,FALSE,0,112.91,-0.01
4,League,NL,5,Mike Schmidt,schmimi01,1974,1987,14,103.52,7.39,9.7 / 7.7 / 8.0 / 8.8 / 6.2 / 7.9 / 8.9 / 7.7 / 7.4 / 6.9 / 7.0 / 5.0 / 6.2 / 6.1,Hitter,3B,PHI,NL,24,TRUE,0,103.52,0
4,League,Other (AA/UA/PL/FL),1,Guy Hecker,heckegu01,1884,1886,3,31.87,10.62,17.8 / 8.2 / 5.9,Two-way / mixed,P,LOU,Other (AA/UA/PL/FL),28,FALSE,0,5.75,26.12
4,League,Other (AA/UA/PL/FL),2,Ed Morris,morried01,1884,1886,3,31.59,10.53,8.5 / 12.7 / 10.4,Pitcher,P,PIT,Other (AA/UA/PL/FL),21,FALSE,0,-1.29,32.88
4,League,Other (AA/UA/PL/FL),3,Will White,whitewi01,1882,1884,3,26.53,8.84,11.3 / 9.2 / 6.0,Pitcher,P,CIN,Other (AA/UA/PL/FL),27,FALSE,0,0.01,26.52
4,League,Other (AA/UA/PL/FL),4,Tony Mullane,mullato01,1882,1884,3,25.84,8.61,6.2 / 6.4 / 13.2,Two-way / mixed,Two-way,TOL,Other (AA/UA/PL/FL),23,FALSE,0,2.61,23.23
4,League,Other (AA/UA/PL/FL),5,Dave Orr,orrda01,1884,1886,3,16.61,5.54,5.8 / 4.5 / 6.3,Hitter,1B,NYP,Other (AA/UA/PL/FL),24,FALSE,0,17.12,-0.51
4,Franchise (one-team runs only),ANA,1,Mike Trout,troutmi01,2012,2019,8,71.67,8.96,10.5 / 8.9 / 7.7 / 9.5 / 10.4 / 6.9 / 9.9 / 7.8,Hitter,OF,ANA,AL,20,FALSE,0,71.67,0
4,Franchise (one-team runs only),ANA,2,Jim Fregosi,fregoji01,1963,1967,5,28.34,5.67,4.3 / 7.9 / 5.2 / 5.5 / 5.4,Hitter,SS,ANA,AL,21,FALSE,0,28.34,0
4,Franchise (one-team runs only),ANA,3,Frank Tanana,tananfr01,1974,1977,4,27.78,6.94,4.6 / 7.3 / 7.5 / 8.3,Pitcher,P,ANA,AL,20,FALSE,0,0.01,27.77
4,Franchise (one-team runs only),ANA,4,Nolan Ryan,ryanno01,1972,1974,3,19.95,6.65,6.3 / 7.7 / 5.9,Pitcher,P,ANA,AL,25,FALSE,0,0.16,19.79
4,Franchise (one-team runs only),ANA,5,Troy Glaus,glaustr01,2000,2002,3,17.44,5.81,7.8 / 5.2 / 4.4,Hitter,3B,ANA,AL,23,FALSE,0,17.44,0
4,Franchise (one-team runs only),ARI,1,Paul Goldschmidt,goldspa01,2013,2018,6,36.13,6.02,6.3 / 4.7 / 8.3 / 4.9 / 6.1 / 5.8,Hitter,1B,ARI,NL,25,FALSE,0,36.13,0
4,Franchise (one-team runs only),ARI,2,Brandon Webb,webbbr01,2005,2008,4,22.68,5.67,4.4 / 6.9 / 5.9 / 5.5,Pitcher,P,ARI,NL,26,FALSE,0,-1.22,23.9
4,Franchise (one-team runs only),ARI,3,Luis Gonzalez,gonzalu01,1999,2001,3,18.54,6.18,6.4 / 4.2 / 7.9,Hitter,OF,ARI,NL,31,FALSE,0,18.54,0
4,Franchise (one-team runs only),ARI,4,Zack Greinke,greinza01,2017,2019,3,16.92,5.64,6.1 / 4.6 / 6.2,Pitcher,P,ARI,NL,33,FALSE,0,1.79,15.13
4,Franchise (one-team runs only),ARI,5,Ketel Marte,marteke01,2023,2024,2,11.63,5.81,4.9 / 6.8,Hitter,2B,ARI,NL,29,FALSE,0,11.63,0
4,Franchise (one-team runs only),ATL,1,Hank Aaron,aaronha01,1955,1971,17,130.57,7.68,6.2 / 7.2 / 8.0 / 7.3 / 8.6 / 8.0 / 9.4 / 8.6 / 9.1 / 6.8 / 7.9 / 7.8 / 8.5 / 6.8 / 8.0 / 5.0 / 7.2,Hitter,OF,ATL,NL,21,FALSE,0,130.57,0
4,Franchise (one-team runs only),ATL,2,Eddie Mathews,matheed01,1953,1965,13,88.93,6.84,8.1 / 7.7 / 7.2 / 5.7 / 7.4 / 6.5 / 8.2 / 7.3 / 7.3 / 5.6 / 8.0 / 4.6 / 5.3,Hitter,3B,ATL,NL,21,FALSE,0,88.93,0
4,Franchise (one-team runs only),ATL,3,Kid Nichols,nichoki01,1890,1901,12,109.05,9.09,13.0 / 9.3 / 8.8 / 11.7 / 8.2 / 9.5 / 6.2 / 11.1 / 11.8 / 7.6 / 5.0 / 6.8,Pitcher,P,ATL,NL,20,FALSE,0,-0.56,109.61
4,Franchise (one-team runs only),ATL,4,Warren Spahn,spahnwa01,1949,1959,11,67.98,6.18,5.7 / 5.7 / 7.9 / 6.9 / 9.1 / 5.6 / 4.3 / 6.0 / 4.7 / 5.9 / 6.2,Pitcher,P,ATL,NL,28,FALSE,0,5.24,62.74
4,Franchise (one-team runs only),ATL,5,Wally Berger,bergewa01,1930,1936,7,35.86,5.12,4.1 / 5.9 / 4.0 / 6.9 / 5.0 / 5.7 / 4.2,Hitter,OF,ATL,NL,24,FALSE,0,35.86,0
4,Franchise (one-team runs only),BAL,1,George Sisler,sislege01,1916,1922,7,48.31,6.9,5.1 / 6.0 / 6.6 / 6.2 / 9.8 / 5.8 / 8.7,Hitter,1B,BAL,AL,23,TRUE,0,47.46,0.85
4,Franchise (one-team runs only),BAL,2,Brooks Robinson,robinbr01,1964,1969,6,37.42,6.24,8.1 / 4.5 / 4.6 / 7.7 / 8.4 / 4.1,Hitter,3B,BAL,AL,27,FALSE,0,37.42,0
4,Franchise (one-team runs only),BAL,3,Cal Ripken,ripkeca01,1988,1992,5,35.49,7.1,5.8 / 6.6 / 7.5 / 11.5 / 4.0,Hitter,SS,BAL,AL,27,FALSE,0,35.49,0
4,Franchise (one-team runs only),BAL,4,Bobby Grich,grichbo01,1972,1976,5,34.97,6.99,6.0 / 8.3 / 7.3 / 7.3 / 6.1,Hitter,2B,BAL,AL,23,FALSE,0,34.97,0
4,Franchise (one-team runs only),BAL,5,Ken Williams,willike01,1921,1925,5,29.45,5.89,5.5 / 8.0 / 7.7 / 4.3 / 4.0,Hitter,OF,BAL,AL,31,FALSE,0,29.45,0
4,Franchise (one-team runs only),BFL,1,Russ Ford,fordru01,1914,1914,1,6.82,6.82,6.8,Pitcher,P,BFL,Other (AA/UA/PL/FL),31,FALSE,0,-0.26,7.08
4,Franchise (one-team runs only),BFL,2,Gene Krapp,krappge01,1914,1914,1,4.42,4.42,4.4,Pitcher,P,BFL,Other (AA/UA/PL/FL),27,FALSE,0,-0.01,4.43
4,Franchise (one-team runs only),BFL,3,Fred Anderson,anderfr01,1915,1915,1,4.01,4.01,4.0,Pitcher,P,BFL,Other (AA/UA/PL/FL),29,FALSE,0,-0.43,4.44
4,Franchise (one-team runs only),BLO,1,Hughie Jennings,jennihu01,1894,1898,5,35.82,7.16,4.8 / 7.5 / 8.3 / 7.3 / 7.9,Hitter,SS,BLO,NL,25,FALSE,0,35.82,0
4,Franchise (one-team runs only),BLO,2,John McGraw,mcgrajo01,1893,1895,3,14.32,4.77,4.2 / 4.9 / 5.2,Hitter,3B,BLO,NL,20,FALSE,0,14.32,0
4,Franchise (one-team runs only),BLO,3,Matt Kilroy,kilroma01,1886,1887,2,18.3,9.15,6.2 / 12.1,Pitcher,P,BLO,Other (AA/UA/PL/FL),20,FALSE,0,0.95,17.35
4,Franchise (one-team runs only),BLO,4,Bill Hoffer,hoffebi01,1895,1896,2,16.16,8.08,7.9 / 8.2,Pitcher,P,BLO,NL,24,FALSE,0,0.68,15.48
4,Franchise (one-team runs only),BLO,5,Hardie Henderson,hendeha01,1884,1885,2,14.16,7.08,6.4 / 7.8,Pitcher,P,BLO,Other (AA/UA/PL/FL),21,FALSE,0,0.42,13.74
4,Franchise (one-team runs only),BLT,1,George Suggs,suggsge01,1914,1914,1,6.72,6.72,6.7,Pitcher,P,BLT,Other (AA/UA/PL/FL),31,FALSE,0,0.74,5.98
4,Franchise (one-team runs only),BLT,2,Jack Quinn,quinnja01,1914,1914,1,6.68,6.68,6.7,Pitcher,P,BLT,Other (AA/UA/PL/FL),30,FALSE,0,1.23,5.45
4,Franchise (one-team runs only),BLU,1,Bill Sweeney,sweenbi01,1884,1884,1,7.33,7.33,7.3,Pitcher,P,BLU,Other (AA/UA/PL/FL),26,FALSE,0,-0.17,7.5
4,Franchise (one-team runs only),BOS,1,Roger Clemens,clemero02,1986,1992,7,58.1,8.3,8.8 / 9.4 / 7.1 / 5.7 / 10.4 / 7.9 / 8.7,Pitcher,P,BOS,AL,23,FALSE,0,0,58.1
4,Franchise (one-team runs only),BOS,2,Wade Boggs,boggswa01,1983,1989,7,56.27,8.04,7.8 / 6.3 / 9.1 / 8.1 / 8.3 / 8.3 / 8.4,Hitter,3B,BOS,AL,25,FALSE,0,56.27,0
4,Franchise (one-team runs only),BOS,3,Carl Yastrzemski,yastrca01,1965,1970,6,48.41,8.07,4.9 / 5.5 / 12.4 / 10.5 / 5.5 / 9.5,Hitter,OF,BOS,AL,25,FALSE,0,48.41,0
4,Franchise (one-team runs only),BOS,4,Lefty Grove,grovele01,1935,1939,5,40.3,8.06,8.8 / 10.6 / 9.2 / 4.9 / 6.8,Pitcher,P,BOS,AL,35,FALSE,0,-2.25,42.55
4,Franchise (one-team runs only),BOS,5,Mookie Betts,bettsmo01,2015,2019,5,40.26,8.05,6.0 / 9.8 / 6.5 / 10.7 / 7.2,Hitter,OF,BOS,AL,22,FALSE,0,40.26,0
4,Franchise (one-team runs only),BRD,1,Dupee Shaw,shawdu01,1884,1884,1,7.82,7.82,7.8,Pitcher,P,BRD,Other (AA/UA/PL/FL),25,FALSE,0,-0.2,8.02
4,Franchise (one-team runs only),BRG,1,Ed Daily,dailyed01,1890,1890,1,4.17,4.17,4.2,Two-way / mixed,Two-way,BRG,Other (AA/UA/PL/FL),27,FALSE,0,-0.41,4.58
4,Franchise (one-team runs only),BRS,1,Charlie Buffinton,buffich01,1891,1891,1,7.23,7.23,7.2,Pitcher,P,BRS,Other (AA/UA/PL/FL),30,FALSE,0,-0.29,7.52
4,Franchise (one-team runs only),BRS,2,Duke Farrell,farredu01,1891,1891,1,5.3,5.3,5.3,Hitter,3B,BRS,Other (AA/UA/PL/FL),24,FALSE,0,5.3,0
4,Franchise (one-team runs only),BRS,3,Paul Radford,radfopa01,1891,1891,1,4.69,4.69,4.7,Hitter,SS,BRS,Other (AA/UA/PL/FL),29,FALSE,0,4.63,0.06
4,Franchise (one-team runs only),BTT,1,Steve Evans,evansst01,1914,1914,1,5.19,5.19,5.2,Hitter,OF,BTT,Other (AA/UA/PL/FL),29,FALSE,0,5.19,0
4,Franchise (one-team runs only),BTT,2,Ed Lafitte,lafited01,1914,1914,1,5,5,5.0,Pitcher,P,BTT,Other (AA/UA/PL/FL),28,FALSE,0,0.65,4.35
4,Franchise (one-team runs only),BUF,1,Pud Galvin,galvipu01,1883,1884,2,28.23,14.12,9.8 / 18.4,Pitcher,P,BUF,NL,26,FALSE,0,-3.23,31.46
4,Franchise (one-team runs only),BUF,2,Deacon White,whitede01,1884,1884,1,4.94,4.94,4.9,Hitter,3B,BUF,NL,36,FALSE,0,4.94,0
4,Franchise (one-team runs only),BUF,3,Jack Rowe,roweja01,1884,1884,1,4.59,4.59,4.6,Hitter,C,BUF,NL,27,FALSE,0,4.59,0
4,Franchise (one-team runs only),BUF,4,Hardy Richardson,richaha01,1883,1883,1,4.09,4.09,4.1,Hitter,2B,BUF,NL,28,FALSE,0,4.09,0
4,Franchise (one-team runs only),CBK,1,Frank Mountain,mountfr01,1884,1884,1,4.79,4.79,4.8,Pitcher,P,CBK,Other (AA/UA/PL/FL),24,FALSE,0,0.79,4
4,Franchise (one-team runs only),CBK,2,Pop Smith,smithpo01,1884,1884,1,4.1,4.1,4.1,Hitter,2B,CBK,Other (AA/UA/PL/FL),27,FALSE,0,4.1,0
4,Franchise (one-team runs only),CBL,1,Jim McCormick,mccorji01,1879,1884,6,61.52,10.25,9.8 / 10.8 / 7.0 / 10.9 / 8.2 / 14.8,Pitcher,P,CBL,NL,22,FALSE,0,0.52,61
4,Franchise (one-team runs only),CHC,1,Ron Santo,santoro01,1963,1970,8,58.1,7.26,6.7 / 8.9 / 7.7 / 8.9 / 9.8 / 6.4 / 5.5 / 4.2,Hitter,3B,CHC,NL,23,FALSE,0,58.1,0
4,Franchise (one-team runs only),CHC,2,Ernie Banks,bankser01,1955,1961,7,52.09,7.44,8.1 / 5.3 / 6.7 / 9.3 / 10.2 / 7.9 / 4.6,Hitter,SS,CHC,NL,24,FALSE,0,52.09,0
4,Franchise (one-team runs only),CHC,3,Fergie Jenkins,jenkife01,1967,1972,6,43.31,7.22,5.2 / 6.6 / 7.0 / 6.9 / 11.8 / 5.8,Pitcher,P,CHC,NL,24,FALSE,0,1.8,41.51
4,Franchise (one-team runs only),CHC,4,Mordecai Brown,brownmo01,1906,1911,6,40.71,6.78,7.4 / 5.5 / 9.1 / 9.6 / 4.9 / 4.1,Pitcher,P,CHC,NL,29,FALSE,0,0.25,40.46
4,Franchise (one-team runs only),CHC,5,Billy Williams,willibi01,1963,1968,6,33.11,5.52,6.4 / 5.2 / 7.7 / 4.5 / 4.7 / 4.6,Hitter,OF,CHC,NL,25,FALSE,0,33.11,0
4,Franchise (one-team runs only),CHH,1,Art Wilson,wilsoar01,1914,1914,1,6.27,6.27,6.3,Hitter,C,CHH,Other (AA/UA/PL/FL),28,FALSE,0,6.27,0
4,Franchise (one-team runs only),CHH,2,Dutch Zwilling,zwilldu01,1914,1914,1,4.93,4.93,4.9,Hitter,OF,CHH,Other (AA/UA/PL/FL),25,FALSE,0,4.93,0
4,Franchise (one-team runs only),CHP,1,Mark Baldwin,baldwma01,1890,1890,1,7.42,7.42,7.4,Pitcher,P,CHP,Other (AA/UA/PL/FL),26,FALSE,0,-0.49,7.91
4,Franchise (one-team runs only),CHW,1,Ed Walsh,walshed01,1906,1912,7,63.8,9.11,4.4 / 7.6 / 10.7 / 6.8 / 11.8 / 9.7 / 12.8,Pitcher,P,CHW,AL,25,FALSE,0,1.91,61.89
4,Franchise (one-team runs only),CHW,2,Frank Thomas,thomafr04,1991,1997,7,44.63,6.38,7.0 / 7.0 / 6.2 / 6.3 / 5.3 / 5.5 / 7.3,Hitter,1B,CHW,AL,23,TRUE,0,44.63,0
4,Franchise (one-team runs only),CHW,3,Chet Lemon,lemonch01,1977,1981,5,24.75,4.95,5.8 / 4.9 / 5.8 / 4.2 / 4.0,Hitter,OF,CHW,AL,22,TRUE,0,24.75,0
4,Franchise (one-team runs only),CHW,4,Wilbur Wood,woodwi01,1971,1974,4,34.38,8.6,11.0 / 10.3 / 7.5 / 5.5,Pitcher,P,CHW,AL,29,FALSE,0,-1.14,35.52
4,Franchise (one-team runs only),CHW,5,George Davis,davisge01,1904,1907,4,25.36,6.34,7.2 / 7.2 / 6.4 / 4.6,Hitter,SS,CHW,AL,33,FALSE,0,25.36,0
4,Franchise (one-team runs only),CIN,1,Johnny Bench,benchjo01,1968,1979,12,70.03,5.84,5.0 / 6.2 / 7.4 / 4.0 / 8.6 / 4.7 / 7.8 / 6.6 / 4.6 / 5.0 / 4.4 / 5.6,Hitter,C,CIN,NL,20,FALSE,0,70.03,0
4,Franchise (one-team runs only),CIN,2,Pete Rose,rosepe01,1965,1976,12,67.73,5.64,5.6 / 4.1 / 4.8 / 5.5 / 6.6 / 4.8 / 5.1 / 6.1 / 8.3 / 5.9 / 4.1 / 7.0,Hitter,OF,CIN,NL,24,FALSE,0,67.73,0
4,Franchise (one-team runs only),CIN,3,Noodles Hahn,hahnno01,1899,1904,6,43.65,7.28,7.5 / 5.8 / 7.7 / 8.5 / 7.5 / 6.6,Pitcher,P,CIN,NL,20,FALSE,0,-1.61,45.26
4,Franchise (one-team runs only),CIN,4,George Foster,fostege01,1975,1980,6,33.17,5.53,4.8 / 5.9 / 8.4 / 4.9 / 5.1 / 4.1,Hitter,OF,CIN,NL,26,FALSE,0,33.17,0
4,Franchise (one-team runs only),CIN,5,Tony Perez,perezto01,1968,1973,6,33.16,5.53,5.9 / 6.0 / 7.2 / 4.0 / 4.7 / 5.3,Hitter,3B,CIN,NL,26,FALSE,0,33.16,0
4,Franchise (one-team runs only),CLE,1,Addie Joss,jossad01,1903,1909,7,39.7,5.67,4.1 / 4.4 / 6.2 / 4.9 / 6.2 / 8.8 / 5.0,Pitcher,P,CLE,AL,23,FALSE,0,-1.14,40.84
4,Franchise (one-team runs only),CLE,2,Stan Coveleski,covelst01,1917,1922,6,45.98,7.66,7.9 / 9.5 / 7.4 / 8.9 / 6.5 / 5.8,Pitcher,P,CLE,AL,27,TRUE,0,-1.98,47.96
4,Franchise (one-team runs only),CLE,3,Earl Averill,averiea01,1929,1934,6,30.97,5.16,4.4 / 4.1 / 6.5 / 5.0 / 4.1 / 6.8,Hitter,OF,CLE,AL,27,FALSE,0,30.97,0
4,Franchise (one-team runs only),CLE,4,Nap Lajoie,lajoina01,1906,1910,5,42.32,8.46,10.0 / 7.6 / 7.9 / 6.5 / 10.3,Hitter,2B,CLE,AL,31,FALSE,0,42.32,0
4,Franchise (one-team runs only),CLE,5,Corey Kluber,klubeco01,2014,2018,5,31.9,6.38,8.1 / 4.2 / 5.6 / 7.9 / 6.0,Pitcher,P,CLE,AL,28,FALSE,0,-0.03,31.93
4,Franchise (one-team runs only),CLI,1,Pete Browning,brownpe01,1890,1890,1,5.29,5.29,5.3,Hitter,OF,CLI,Other (AA/UA/PL/FL),29,FALSE,0,5.29,0
4,Franchise (one-team runs only),CLS,1,Phil Knell,knellph01,1891,1891,1,6.09,6.09,6.1,Pitcher,P,CLS,Other (AA/UA/PL/FL),26,FALSE,0,-1.11,7.2
4,Franchise (one-team runs only),CLS,2,Lefty Marr,marrle01,1889,1889,1,4.22,4.22,4.2,Hitter,3B,CLS,Other (AA/UA/PL/FL),26,FALSE,0,4.22,0
4,Franchise (one-team runs only),CLS,3,Jack O'Connor,oconnja01,1890,1890,1,4.11,4.11,4.1,Hitter,C,CLS,Other (AA/UA/PL/FL),24,FALSE,0,4.11,0
4,Franchise (one-team runs only),CLS,4,Charlie Reilly,reillch02,1890,1890,1,4.11,4.11,4.1,Hitter,3B,CLS,Other (AA/UA/PL/FL),23,FALSE,0,4.11,0
4,Franchise (one-team runs only),CLS,5,Jack Crooks,crookja01,1891,1891,1,4.08,4.08,4.1,Hitter,2B,CLS,Other (AA/UA/PL/FL),25,FALSE,0,4.08,0
4,Franchise (one-team runs only),CLV,1,George Cuppy,cuppyni01,1894,1896,3,23,7.67,4.1 / 8.5 / 10.3,Pitcher,P,CLV,NL,24,FALSE,0,1.34,21.66
4,Franchise (one-team runs only),CLV,2,Cupid Childs,childcu01,1892,1894,3,16.15,5.38,7.1 / 4.7 / 4.4,Hitter,2B,CLV,NL,24,FALSE,0,16.15,0
4,Franchise (one-team runs only),CLV,3,Ed McKean,mckeaed01,1888,1890,3,13.88,4.63,4.2 / 4.5 / 5.3,Hitter,SS,CLV,Mixed,24,FALSE,0,13.88,0
4,Franchise (one-team runs only),CLV,4,Jersey Bakley,bakelje01,1889,1889,1,5.22,5.22,5.2,Pitcher,P,CLV,NL,25,FALSE,0,-0.48,5.7
4,Franchise (one-team runs only),CLV,5,Ed Beatin,beatied01,1889,1889,1,4.89,4.89,4.9,Pitcher,P,CLV,NL,22,FALSE,0,-0.83,5.72
4,Franchise (one-team runs only),CNR,1,Will White,whitewi01,1880,1880,1,4.29,4.29,4.3,Pitcher,P,CNR,NL,25,FALSE,0,-0.92,5.21
4,Franchise (one-team runs only),CNR,2,King Kelly,kellyki01,1879,1879,1,4.15,4.15,4.2,Hitter,3B,CNR,NL,21,FALSE,0,4.15,0
4,Franchise (one-team runs only),COL,1,Todd Helton,heltoto01,2000,2005,6,42.13,7.02,8.9 / 7.8 / 6.3 / 6.2 / 8.3 / 4.6,Hitter,1B,COL,NL,26,FALSE,0,42.13,0
4,Franchise (one-team runs only),COL,2,Nolan Arenado,arenano01,2015,2019,5,32.09,6.42,6.3 / 5.7 / 6.6 / 6.3 / 7.1,Hitter,3B,COL,NL,24,FALSE,0,32.09,0
4,Franchise (one-team runs only),COL,3,Larry Walker,walkela01,1997,1999,3,20.67,6.89,9.8 / 5.7 / 5.1,Hitter,OF,COL,NL,30,FALSE,0,20.67,0
4,Franchise (one-team runs only),COL,4,Troy Tulowitzki,tulowtr01,2009,2011,3,19.43,6.48,6.5 / 6.7 / 6.2,Hitter,SS,COL,NL,24,FALSE,0,19.43,0
4,Franchise (one-team runs only),COL,5,Ubaldo Jimenez,jimenub01,2009,2010,2,13.23,6.62,5.9 / 7.3,Pitcher,P,COL,NL,25,FALSE,0,0.17,13.06
4,Franchise (one-team runs only),COR,1,Dick Burns,burnsdi01,1884,1884,1,4.07,4.07,4.1,Two-way / mixed,Two-way,COR,Other (AA/UA/PL/FL),20,FALSE,0,1.34,2.73
4,Franchise (one-team runs only),DET,1,Ty Cobb,cobbty01,1907,1919,13,105.35,8.1,6.8 / 6.2 / 9.9 / 10.3 / 10.5 / 8.8 / 7.0 / 5.5 / 9.5 / 8.0 / 11.0 / 6.4 / 5.4,Hitter,OF,DET,AL,20,TRUE,0,105.36,-0.01
4,Franchise (one-team runs only),DET,2,Charlie Gehringer,gehrich01,1932,1940,9,59.97,6.66,5.1 / 7.2 / 8.9 / 8.6 / 7.9 / 7.8 / 5.0 / 5.0 / 4.3,Hitter,2B,DET,AL,29,FALSE,0,59.97,0
4,Franchise (one-team runs only),DET,3,Miguel Cabrera,cabremi01,2009,2016,8,48.72,6.09,5.1 / 6.5 / 7.6 / 7.1 / 7.5 / 5.1 / 4.9 / 4.9,Hitter,1B,DET,AL,26,FALSE,0,48.72,0
4,Franchise (one-team runs only),DET,4,Harry Heilmann,heilmha01,1921,1927,7,47.07,6.72,6.9 / 5.4 / 9.3 / 6.3 / 7.0 / 5.1 / 7.0,Hitter,OF,DET,AL,26,FALSE,0,47.07,0
4,Franchise (one-team runs only),DET,5,Hal Newhouser,newhoha01,1944,1949,6,48.75,8.12,8.4 / 12.2 / 9.6 / 6.3 / 6.7 / 5.7,Pitcher,P,DET,AL,23,FALSE,0,2.37,46.38
4,Franchise (one-team runs only),DTN,1,Charlie Bennett,bennech01,1881,1885,5,21.96,4.39,4.3 / 4.2 / 4.9 / 4.1 / 4.5,Hitter,C,DTN,NL,26,FALSE,0,21.96,0
4,Franchise (one-team runs only),DTN,2,Lady Baldwin,baldwla01,1885,1886,2,14.64,7.32,4.2 / 10.5,Pitcher,P,DTN,NL,26,FALSE,0,0.01,14.63
4,Franchise (one-team runs only),DTN,3,Sam Thompson,thompsa01,1886,1887,2,9.43,4.72,4.1 / 5.3,Hitter,OF,DTN,NL,26,FALSE,0,9.43,0
4,Franchise (one-team runs only),DTN,4,Jack Rowe,roweja01,1886,1887,2,8.36,4.18,4.2 / 4.2,Hitter,SS,DTN,NL,29,FALSE,0,8.36,0
4,Franchise (one-team runs only),DTN,5,George Weidman,wiedmst01,1882,1882,1,9.79,9.79,9.8,Pitcher,P,DTN,NL,21,FALSE,0,-0.44,10.23
4,Franchise (one-team runs only),FLA,1,Hanley Ramirez,ramirha01,2006,2009,4,23.36,5.84,4.9 / 4.4 / 6.7 / 7.4,Hitter,SS,FLA,NL,22,FALSE,0,23.36,0
4,Franchise (one-team runs only),FLA,2,Josh Johnson,johnsjo09,2009,2010,2,13.91,6.96,7.4 / 6.6,Pitcher,P,FLA,NL,25,FALSE,0,0.27,13.64
4,Franchise (one-team runs only),FLA,3,Dontrelle Willis,willido03,2005,2006,2,13,6.5,8.3 / 4.7,Pitcher,P,FLA,NL,23,FALSE,0,1.65,11.35
4,Franchise (one-team runs only),FLA,4,Miguel Cabrera,cabremi01,2005,2006,2,10.96,5.48,5.2 / 5.8,Hitter,3B,FLA,NL,22,FALSE,0,10.96,0
4,Franchise (one-team runs only),FLA,5,Giancarlo Stanton,stantmi03,2011,2012,2,9.47,4.73,4.1 / 5.3,Hitter,OF,FLA,NL,21,FALSE,0,9.47,0
4,Franchise (one-team runs only),HOU,1,Jeff Bagwell,bagweje01,1991,2001,11,68.12,6.19,4.8 / 4.7 / 5.4 / 8.2 / 4.8 / 7.5 / 7.7 / 6.3 / 7.4 / 5.4 / 5.8,Hitter,1B,HOU,NL,23,TRUE,0,68.12,0
4,Franchise (one-team runs only),HOU,2,Craig Biggio,biggicr01,1991,1999,9,50.36,5.6,4.4 / 4.2 / 4.3 / 4.6 / 6.3 / 5.5 / 9.4 / 6.5 / 5.1,Hitter,2B,HOU,NL,25,TRUE,0,50.36,0
4,Franchise (one-team runs only),HOU,3,Cesar Cedeno,cedence01,1972,1977,6,36.3,6.05,8.0 / 7.4 / 5.8 / 4.4 / 5.9 / 4.9,Hitter,OF,HOU,NL,21,FALSE,0,36.3,0
4,Franchise (one-team runs only),HOU,4,Jose Cruz,cruzjo01,1976,1980,5,23.82,4.76,4.3 / 4.8 / 5.3 / 4.6 / 4.8,Hitter,OF,HOU,NL,28,FALSE,0,23.82,0
4,Franchise (one-team runs only),HOU,5,Jim Wynn,wynnji01,1967,1970,4,22.75,5.69,5.3 / 5.5 / 7.1 / 4.9,Hitter,OF,HOU,NL,25,FALSE,0,22.75,0
4,Franchise (one-team runs only),IND,1,Henry Boyle,boylehe01,1889,1889,1,6.26,6.26,6.3,Pitcher,P,IND,NL,28,FALSE,0,0.41,5.85
4,Franchise (one-team runs only),IND,2,Jerry Denny,dennyje01,1887,1887,1,4.45,4.45,4.4,Hitter,3B,IND,NL,28,FALSE,0,4.45,0
4,Franchise (one-team runs only),KCC,1,Jim Conway,conwaji01,1889,1889,1,4.13,4.13,4.1,Pitcher,P,KCC,Other (AA/UA/PL/FL),30,FALSE,0,-0.37,4.5
4,Franchise (one-team runs only),KCP,1,Duke Kenworthy,kenwobi01,1914,1914,1,4.8,4.8,4.8,Hitter,2B,KCP,Other (AA/UA/PL/FL),27,FALSE,0,4.8,0
4,Franchise (one-team runs only),KCP,2,Ted Easterly,eastete01,1914,1914,1,4.01,4.01,4.0,Hitter,C,KCP,Other (AA/UA/PL/FL),29,FALSE,0,4.01,0
4,Franchise (one-team runs only),KCR,1,George Brett,brettge01,1975,1980,6,44.36,7.39,5.8 / 7.5 / 7.6 / 5.4 / 8.6 / 9.4,Hitter,3B,KCR,AL,22,FALSE,0,44.36,0
4,Franchise (one-team runs only),KCR,2,Kevin Appier,appieke01,1992,1997,6,37.74,6.29,8.0 / 9.3 / 4.5 / 4.6 / 5.9 / 5.5,Pitcher,P,KCR,AL,24,TRUE,0,-0.09,37.83
4,Franchise (one-team runs only),KCR,3,Willie Wilson,wilsowi02,1979,1982,4,25.28,6.32,6.3 / 8.5 / 4.1 / 6.3,Hitter,OF,KCR,AL,23,TRUE,0,25.28,0
4,Franchise (one-team runs only),KCR,4,Alex Gordon,gordoal01,2011,2014,4,23.75,5.94,7.3 / 6.3 / 4.1 / 6.0,Hitter,OF,KCR,AL,27,FALSE,0,23.75,0
4,Franchise (one-team runs only),KCR,5,Mark Gubicza,gubicma01,1987,1989,3,18.96,6.32,5.0 / 7.7 / 6.3,Pitcher,P,KCR,AL,24,FALSE,0,0,18.96
4,Franchise (one-team runs only),LAD,1,Pee Wee Reese,reesepe01,1946,1955,10,54.5,5.45,6.1 / 5.8 / 5.2 / 7.4 / 4.2 / 5.1 / 5.2 / 5.1 / 6.2 / 4.2,Hitter,SS,LAD,NL,27,FALSE,0,54.5,0
4,Franchise (one-team runs only),LAD,2,Clayton Kershaw,kershcl01,2009,2017,9,59.51,6.61,4.6 / 5.2 / 7.4 / 6.8 / 8.6 / 8.2 / 7.3 / 6.1 / 5.3,Pitcher,P,LAD,NL,21,FALSE,0,2.15,57.36
4,Franchise (one-team runs only),LAD,3,Jackie Robinson,robinja02,1947,1953,7,51.05,7.29,4.1 / 5.3 / 9.3 / 7.4 / 9.6 / 8.4 / 6.9,Hitter,2B,LAD,NL,28,FALSE,0,51.05,0
4,Franchise (one-team runs only),LAD,4,Don Drysdale,drysddo01,1959,1965,7,43.65,6.24,6.3 / 7.2 / 5.9 / 5.8 / 4.8 / 8.3 / 5.4,Pitcher,P,LAD,NL,22,FALSE,0,4.58,39.07
4,Franchise (one-team runs only),LAD,5,Duke Snider,snidedu01,1952,1957,6,42.9,7.15,4.5 / 9.1 / 8.1 / 8.6 / 7.6 / 5.0,Hitter,OF,LAD,NL,25,FALSE,0,42.9,0
4,Franchise (one-team runs only),LGR,1,Jim Devlin,devliji01,1876,1877,2,31.7,15.85,18.3 / 13.4,Pitcher,P,LGR,NL,27,FALSE,0,0.86,30.84
4,Franchise (one-team runs only),LOU,1,Guy Hecker,heckegu01,1884,1886,3,31.87,10.62,17.8 / 8.2 / 5.9,Two-way / mixed,P,LOU,Other (AA/UA/PL/FL),28,FALSE,0,5.75,26.12
4,Franchise (one-team runs only),LOU,2,Fred Clarke,clarkfr01,1897,1899,3,15.83,5.28,6.6 / 4.3 / 4.9,Hitter,OF,LOU,NL,24,FALSE,0,15.83,0
4,Franchise (one-team runs only),LOU,3,Toad Ramsey,ramseto01,1886,1887,2,20.3,10.15,12.5 / 7.8,Pitcher,P,LOU,Other (AA/UA/PL/FL),21,FALSE,0,-0.63,20.93
4,Franchise (one-team runs only),LOU,4,Scott Stratton,stratsc01,1890,1890,1,10.8,10.8,10.8,Pitcher,P,LOU,Other (AA/UA/PL/FL),20,FALSE,0,1.67,9.13
4,Franchise (one-team runs only),LOU,5,Bert Cunningham,cunnibe01,1898,1898,1,7.25,7.25,7.2,Pitcher,P,LOU,NL,32,FALSE,0,0.08,7.17
4,Franchise (one-team runs only),MIL,1,Robin Yount,yountro01,1980,1984,5,35.72,7.14,7.1 / 4.9 / 10.5 / 7.2 / 5.9,Hitter,SS,MIL,AL,24,TRUE,0,35.72,0
4,Franchise (one-team runs only),MIL,2,Ryan Braun,braunry02,2008,2012,5,31.05,6.21,4.5 / 6.2 / 5.7 / 7.7 / 6.9,Hitter,OF,MIL,NL,24,FALSE,0,31.05,0
4,Franchise (one-team runs only),MIL,3,Jeff Cirillo,cirilje01,1996,1999,4,20.53,5.13,4.5 / 5.3 / 5.9 / 4.8,Hitter,3B,MIL,Mixed,26,FALSE,0,20.53,0
4,Franchise (one-team runs only),MIL,4,Teddy Higuera,higuete01,1986,1988,3,23.08,7.69,9.4 / 6.3 / 7.4,Pitcher,P,MIL,AL,28,FALSE,0,0,23.08
4,Franchise (one-team runs only),MIL,5,Paul Molitor,molitpa01,1987,1989,3,16.91,5.64,6.0 / 5.2 / 5.7,Hitter,DH,MIL,AL,30,FALSE,0,16.91,0
4,Franchise (one-team runs only),MIN,1,Walter Johnson,johnswa01,1910,1919,10,120.26,12.03,11.0 / 9.0 / 15.4 / 16.6 / 13.1 / 12.8 / 11.2 / 8.4 / 11.8 / 11.0,Pitcher,P,MIN,AL,22,TRUE,0,8.85,111.41
4,Franchise (one-team runs only),MIN,2,Rod Carew,carewro01,1972,1978,7,49.18,7.03,5.4 / 7.0 / 7.5 / 7.8 / 6.8 / 9.7 / 5.0,Hitter,1B,MIN,AL,26,FALSE,0,49.18,0
4,Franchise (one-team runs only),MIN,3,Goose Goslin,gosligo01,1924,1928,5,32.4,6.48,6.5 / 6.4 / 6.9 / 5.1 / 7.5,Hitter,OF,MIN,AL,23,FALSE,0,32.4,0
4,Franchise (one-team runs only),MIN,4,Brad Radke,radkebr01,1997,2001,5,26.91,5.38,4.5 / 5.2 / 6.5 / 6.2 / 4.5,Pitcher,P,MIN,AL,24,FALSE,0,-0.09,27
4,Franchise (one-team runs only),MIN,5,Harmon Killebrew,killeha01,1963,1967,5,25.59,5.12,4.2 / 4.7 / 4.3 / 5.9 / 6.5,Hitter,1B,MIN,AL,27,FALSE,0,25.59,0
4,Franchise (one-team runs only),MLG,1,Sam Weaver,weavesa01,1878,1878,1,10.16,10.16,10.2,Pitcher,P,MLG,NL,22,FALSE,0,-0.24,10.4
4,Franchise (one-team runs only),NEW,1,Bill Rariden,raridbi01,1915,1915,1,4.82,4.82,4.8,Hitter,C,NEW,Other (AA/UA/PL/FL),27,FALSE,0,4.82,0
4,Franchise (one-team runs only),NYI,1,Tim Keefe,keefeti01,1890,1890,1,4.37,4.37,4.4,Pitcher,P,NYI,Other (AA/UA/PL/FL),33,FALSE,0,-0.63,5
4,Franchise (one-team runs only),NYM,1,Dwight Gooden,goodedw01,1984,1987,4,27.39,6.85,5.8 / 13.3 / 4.3 / 4.0,Pitcher,P,NYM,NL,19,FALSE,0,1.59,25.8
4,Franchise (one-team runs only),NYM,2,David Wright,wrighda03,2005,2008,4,24.05,6.01,4.8 / 4.1 / 8.3 / 6.8,Hitter,3B,NYM,NL,22,FALSE,0,24.05,0
4,Franchise (one-team runs only),NYM,3,Darryl Strawberry,strawda01,1987,1990,4,22.92,5.73,6.4 / 5.4 / 4.8 / 6.3,Hitter,OF,NYM,NL,25,FALSE,0,22.92,0
4,Franchise (one-team runs only),NYM,4,Jacob deGrom,degroja01,2017,2019,3,22.22,7.41,4.6 / 9.9 / 7.7,Pitcher,P,NYM,NL,29,FALSE,0,1.44,20.78
4,Franchise (one-team runs only),NYM,5,Carlos Beltran,beltrca01,2006,2008,3,20.58,6.86,8.2 / 5.4 / 7.0,Hitter,OF,NYM,NL,29,FALSE,0,20.58,0
4,Franchise (one-team runs only),NYP,1,Dave Orr,orrda01,1884,1886,3,16.61,5.54,5.8 / 4.5 / 6.3,Hitter,1B,NYP,Other (AA/UA/PL/FL),24,FALSE,0,17.12,-0.51
4,Franchise (one-team runs only),NYP,2,Dude Esterbrook,esterdu01,1884,1884,1,4.78,4.78,4.8,Hitter,3B,NYP,Other (AA/UA/PL/FL),27,FALSE,0,4.78,0
4,Franchise (one-team runs only),NYP,3,Jack Lynch,lynchja01,1884,1884,1,4.16,4.16,4.2,Pitcher,P,NYP,Other (AA/UA/PL/FL),27,FALSE,0,-1.02,5.18
4,Franchise (one-team runs only),NYY,1,Lou Gehrig,gehrilo01,1926,1938,13,110.08,8.47,6.9 / 11.8 / 9.5 / 7.5 / 9.6 / 8.6 / 8.2 / 7.1 / 10.0 / 8.3 / 9.7 / 8.2 / 4.6,Hitter,1B,NYY,AL,23,FALSE,0,110.08,0
4,Franchise (one-team runs only),NYY,2,Mickey Mantle,mantlmi01,1952,1962,11,89.23,8.11,6.3 / 5.8 / 6.9 / 9.5 / 11.2 / 11.3 / 8.7 / 6.6 / 6.3 / 10.4 / 6.0,Hitter,OF,NYY,AL,20,FALSE,0,89.23,0
4,Franchise (one-team runs only),NYY,3,Babe Ruth,ruthba01,1926,1934,9,82.91,9.21,11.4 / 12.6 / 10.2 / 8.1 / 10.5 / 10.6 / 8.5 / 6.2 / 5.0,Hitter,OF,NYY,AL,31,FALSE,0,82.7,0.21
4,Franchise (one-team runs only),NYY,4,Bernie Williams,willibe02,1995,2002,8,41.6,5.2,6.4 / 4.0 / 5.5 / 5.3 / 5.4 / 5.2 / 5.2 / 4.5,Hitter,OF,NYY,AL,26,TRUE,0,41.6,0
4,Franchise (one-team runs only),NYY,5,Joe DiMaggio,dimagjo01,1936,1942,7,49.75,7.11,4.7 / 8.4 / 5.6 / 8.2 / 7.1 / 9.3 / 6.4,Hitter,OF,NYY,AL,21,FALSE,0,49.75,0
4,Franchise (one-team runs only),OAK,1,Eddie Plank,planked01,1901,1909,9,58.88,6.54,5.1 / 5.8 / 7.0 / 9.3 / 7.4 / 4.4 / 6.7 / 7.6 / 5.7,Pitcher,P,OAK,AL,25,FALSE,0,2.59,56.29
4,Franchise (one-team runs only),OAK,2,Lefty Grove,grovele01,1926,1933,8,63.54,7.94,6.6 / 5.4 / 7.2 / 7.4 / 10.3 / 10.0 / 9.2 / 7.3,Pitcher,P,OAK,AL,26,FALSE,0,-2.76,66.3
4,Franchise (one-team runs only),OAK,3,Home Run Baker,bakerfr01,1909,1914,6,42.32,7.05,5.7 / 5.3 / 6.7 / 9.0 / 8.2 / 7.4,Hitter,3B,OAK,AL,23,FALSE,0,42.32,0
4,Franchise (one-team runs only),OAK,4,Sal Bando,bandosa01,1969,1974,6,37.79,6.3,8.3 / 6.2 / 6.4 / 5.6 / 6.5 / 4.8,Hitter,3B,OAK,AL,25,FALSE,0,37.79,0
4,Franchise (one-team runs only),OAK,5,Rube Waddell,wadderu01,1902,1906,5,42.56,8.51,9.7 / 7.5 / 10.4 / 9.3 / 5.5,Pitcher,P,OAK,AL,25,FALSE,0,-1.15,43.71
4,Franchise (one-team runs only),PBS,1,Ed Konetchy,koneted01,1915,1915,1,5.05,5.05,5.0,Hitter,1B,PBS,Other (AA/UA/PL/FL),29,FALSE,0,5.05,0
4,Franchise (one-team runs only),PBS,2,Ed Lennox,lennoed01,1914,1914,1,4.17,4.17,4.2,Hitter,3B,PBS,Other (AA/UA/PL/FL),30,FALSE,0,4.17,0
4,Franchise (one-team runs only),PBS,3,Frank Allen,allenfr01,1915,1915,1,4.03,4.03,4.0,Pitcher,P,PBS,Other (AA/UA/PL/FL),26,FALSE,0,-0.63,4.66
4,Franchise (one-team runs only),PHA,1,Ed Seward,sewared01,1887,1888,2,16.31,8.16,6.4 / 9.9,Pitcher,P,PHA,Other (AA/UA/PL/FL),20,FALSE,0,-0.75,17.06
4,Franchise (one-team runs only),PHA,2,Harry Stovey,stoveha01,1888,1889,2,10.8,5.4,5.4 / 5.4,Hitter,OF,PHA,Other (AA/UA/PL/FL),31,FALSE,0,10.8,0
4,Franchise (one-team runs only),PHA,3,Henry Larkin,larkihe01,1885,1886,2,8.66,4.33,4.2 / 4.4,Hitter,OF,PHA,Other (AA/UA/PL/FL),25,FALSE,0,8.66,0
4,Franchise (one-team runs only),PHA,4,Sam Weaver,weavesa01,1882,1882,1,6.6,6.6,6.6,Pitcher,P,PHA,Other (AA/UA/PL/FL),26,FALSE,0,0.07,6.53
4,Franchise (one-team runs only),PHA,5,Bobby Mathews,mathebo01,1885,1885,1,5.66,5.66,5.7,Pitcher,P,PHA,Other (AA/UA/PL/FL),33,FALSE,0,-0.72,6.38
4,Franchise (one-team runs only),PHI,1,Mike Schmidt,schmimi01,1974,1987,14,103.52,7.39,9.7 / 7.7 / 8.0 / 8.8 / 6.2 / 7.9 / 8.9 / 7.7 / 7.4 / 6.9 / 7.0 / 5.0 / 6.2 / 6.1,Hitter,3B,PHI,NL,24,TRUE,0,103.52,0
4,Franchise (one-team runs only),PHI,2,Ed Delahanty,delahed01,1892,1899,8,52.26,6.53,4.4 / 6.9 / 6.0 / 6.9 / 7.3 / 5.7 / 6.7 / 8.4,Hitter,OF,PHI,NL,24,FALSE,0,52.26,0
4,Franchise (one-team runs only),PHI,3,Pete Alexander,alexape01,1911,1917,7,62.3,8.9,7.9 / 6.3 / 6.0 / 9.3 / 10.9 / 12.1 / 9.8,Pitcher,P,PHI,NL,24,FALSE,0,0.9,61.4
4,Franchise (one-team runs only),PHI,4,Bobby Abreu,abreubo01,1998,2004,7,41.62,5.95,6.4 / 6.1 / 6.2 / 5.2 / 5.8 / 5.4 / 6.6,Hitter,OF,PHI,NL,24,FALSE,0,41.62,0
4,Franchise (one-team runs only),PHI,5,Robin Roberts,roberro01,1950,1955,6,48.5,8.08,6.9 / 8.7 / 8.6 / 9.9 / 8.7 / 5.8,Pitcher,P,PHI,NL,23,FALSE,0,1.66,46.84
4,Franchise (one-team runs only),PIT,1,Roberto Clemente,clemero01,1963,1972,10,70.04,7,5.3 / 7.2 / 7.2 / 8.2 / 8.9 / 8.2 / 7.5 / 5.5 / 7.3 / 4.8,Hitter,OF,PIT,NL,28,FALSE,0,70.04,0
4,Franchise (one-team runs only),PIT,2,Arky Vaughan,vaughar01,1933,1941,9,63.45,7.05,6.6 / 7.3 / 9.7 / 7.9 / 5.7 / 8.8 / 5.7 / 6.8 / 4.8,Hitter,SS,PIT,NL,21,FALSE,0,63.45,0
4,Franchise (one-team runs only),PIT,3,Paul Waner,wanerpa01,1926,1934,9,50.06,5.56,5.4 / 7.1 / 6.8 / 5.1 / 4.5 / 4.9 / 5.7 / 4.6 / 6.0,Hitter,OF,PIT,NL,23,FALSE,0,50.06,0
4,Franchise (one-team runs only),PIT,4,Wilbur Cooper,coopewi01,1916,1923,8,46.3,5.79,5.9 / 7.5 / 4.6 / 5.3 / 6.3 / 5.0 / 7.5 / 4.2,Pitcher,P,PIT,NL,24,TRUE,0,3.82,42.48
4,Franchise (one-team runs only),PIT,5,Ralph Kiner,kinerra01,1947,1952,6,39.76,6.63,8.1 / 6.1 / 8.1 / 5.2 / 8.0 / 4.3,Hitter,OF,PIT,NL,24,FALSE,0,39.76,0
4,Franchise (one-team runs only),PRO,1,John Ward,wardjo01,1878,1880,3,21.49,7.16,4.7 / 9.2 / 7.6,Pitcher,P,PRO,NL,18,FALSE,0,2.89,18.6
4,Franchise (one-team runs only),PRO,2,Paul Hines,hinespa01,1879,1880,2,8.66,4.33,4.4 / 4.2,Hitter,OF,PRO,NL,24,FALSE,0,8.66,0
4,Franchise (one-team runs only),PRO,3,Jack Farrell,farreja02,1883,1883,1,5.25,5.25,5.2,Hitter,2B,PRO,NL,25,FALSE,0,5.25,0
4,Franchise (one-team runs only),PRO,4,George Bradley,bradlge01,1880,1880,1,4.59,4.59,4.6,Two-way / mixed,Two-way,PRO,NL,27,FALSE,0,1.37,3.22
4,Franchise (one-team runs only),PRO,5,George Wright,wrighge01,1879,1879,1,4.32,4.32,4.3,Hitter,SS,PRO,NL,32,FALSE,0,4.32,0
4,Franchise (one-team runs only),ROC,1,Bob Barr,barrbo01,1890,1890,1,4.79,4.79,4.8,Pitcher,P,ROC,Other (AA/UA/PL/FL),33,FALSE,0,-0.04,4.83
4,Franchise (one-team runs only),ROC,2,Jimmy Knowles,knowlji01,1890,1890,1,4.22,4.22,4.2,Hitter,3B,ROC,Other (AA/UA/PL/FL),33,FALSE,0,4.22,0
4,Franchise (one-team runs only),SBS,1,George Bradley,bradlge01,1876,1876,1,9.12,9.12,9.1,Pitcher,P,SBS,NL,23,FALSE,0,0.37,8.75
4,Franchise (one-team runs only),SDP,1,Tony Gwynn,gwynnto01,1984,1987,4,26.74,6.69,6.3 / 5.2 / 6.7 / 8.6,Hitter,OF,SDP,NL,24,FALSE,0,26.74,0
4,Franchise (one-team runs only),SDP,2,Dave Winfield,winfida01,1976,1979,4,23.11,5.78,5.1 / 5.3 / 4.3 / 8.3,Hitter,OF,SDP,NL,24,FALSE,0,23.11,0
4,Franchise (one-team runs only),SDP,3,Ed Whitson,whitsed01,1989,1990,2,13.52,6.76,6.5 / 7.0,Pitcher,P,SDP,NL,34,FALSE,0,0.09,13.43
4,Franchise (one-team runs only),SDP,4,Manny Machado,machama01,2021,2022,2,11.81,5.9,5.0 / 6.8,Hitter,3B,SDP,NL,28,FALSE,0,11.81,0
4,Franchise (one-team runs only),SDP,5,Ken Caminiti,caminke01,1996,1997,2,11.65,5.82,7.6 / 4.0,Hitter,3B,SDP,NL,33,FALSE,0,11.65,0
4,Franchise (one-team runs only),SEA,1,Edgar Martinez,martied01,1995,2001,7,40.73,5.82,7.0 / 6.5 / 6.2 / 5.6 / 4.9 / 5.7 / 4.8,Hitter,DH,SEA,AL,32,TRUE,0,40.73,0
4,Franchise (one-team runs only),SEA,2,Ken Griffey,griffke02,1990,1994,5,33.81,6.76,5.2 / 7.1 / 5.8 / 8.8 / 6.9,Hitter,OF,SEA,AL,20,TRUE,0,33.81,0
4,Franchise (one-team runs only),SEA,3,Felix Hernandez,hernafe02,2012,2015,4,21.3,5.32,5.3 / 5.1 / 6.3 / 4.5,Pitcher,P,SEA,AL,26,FALSE,0,-0.03,21.33
4,Franchise (one-team runs only),SEA,4,Ichiro Suzuki,suzukic01,2006,2009,4,21.19,5.3,5.3 / 5.8 / 5.4 / 4.7,Hitter,OF,SEA,AL,32,FALSE,0,21.19,0
4,Franchise (one-team runs only),SEA,5,Randy Johnson,johnsra05,1993,1995,3,20.66,6.89,6.6 / 5.4 / 8.6,Pitcher,P,SEA,AL,29,TRUE,0,-0.01,20.67
4,Franchise (one-team runs only),SFG,1,Willie Mays,mayswi01,1954,1968,15,134.69,8.98,10.4 / 9.2 / 7.6 / 8.3 / 10.2 / 7.8 / 9.5 / 8.7 / 10.5 / 10.6 / 11.0 / 11.2 / 9.0 / 4.3 / 6.2,Hitter,OF,SFG,NL,23,FALSE,0,134.69,0
4,Franchise (one-team runs only),SFG,2,Mel Ott,ottme01,1929,1942,14,94.95,6.78,7.2 / 6.6 / 6.1 / 8.3 / 5.8 / 7.2 / 7.2 / 7.8 / 6.8 / 8.8 / 5.8 / 5.3 / 4.8 / 7.1,Hitter,3B,SFG,NL,20,FALSE,0,94.95,0
4,Franchise (one-team runs only),SFG,3,Bill Terry,terrybi01,1927,1935,9,51.47,5.72,5.2 / 4.2 / 4.6 / 7.9 / 6.6 / 7.7 / 4.0 / 6.2 / 5.1,Hitter,1B,SFG,NL,28,FALSE,0,51.47,0
4,Franchise (one-team runs only),SFG,4,Christy Mathewson,mathech01,1907,1913,7,64.23,9.18,8.8 / 11.8 / 10.6 / 9.1 / 8.2 / 8.5 / 7.2,Pitcher,P,SFG,NL,26,FALSE,0,2.7,61.53
4,Franchise (one-team runs only),SFG,5,Mickey Welch,welchmi01,1884,1890,7,50.92,7.27,12.3 / 10.6 / 4.1 / 5.1 / 7.8 / 6.2 / 4.8,Pitcher,P,SFG,NL,24,FALSE,0,-0.86,51.78
4,Franchise (one-team runs only),SLI,1,Dave Davenport,davenda01,1915,1915,1,7.49,7.49,7.5,Pitcher,P,SLI,Other (AA/UA/PL/FL),25,FALSE,0,-1.22,8.71
4,Franchise (one-team runs only),SLI,2,Eddie Plank,planked01,1915,1915,1,7.22,7.22,7.2,Pitcher,P,SLI,Other (AA/UA/PL/FL),39,FALSE,0,0.64,6.58
4,Franchise (one-team runs only),SLI,3,Doc Crandall,cranddo01,1915,1915,1,5.49,5.49,5.5,Pitcher,P,SLI,Other (AA/UA/PL/FL),27,FALSE,0,1.98,3.51
4,Franchise (one-team runs only),SLM,1,Billy Taylor,taylobi01,1884,1884,1,11.48,11.48,11.5,Pitcher,P,SLM,Other (AA/UA/PL/FL),29,FALSE,0,2.75,8.73
4,Franchise (one-team runs only),SLM,2,Charlie Sweeney,sweench01,1884,1884,1,11.19,11.19,11.2,Two-way / mixed,Two-way,SLM,Other (AA/UA/PL/FL),21,FALSE,0,2.41,8.78
4,Franchise (one-team runs only),SLM,3,Orator Shafer,shaffor01,1884,1884,1,4.81,4.81,4.8,Hitter,OF,SLM,Other (AA/UA/PL/FL),32,FALSE,0,4.81,0
4,Franchise (one-team runs only),STL,1,Stan Musial,musiast01,1946,1958,13,94.37,7.26,9.3 / 5.1 / 11.3 / 9.1 / 7.2 / 8.8 / 7.5 / 7.6 / 6.5 / 6.2 / 5.5 / 6.1 / 4.1,Hitter,OF,STL,NL,25,FALSE,0,94.37,0
4,Franchise (one-team runs only),STL,2,Ken Boyer,boyerke01,1958,1964,7,45.06,6.44,6.0 / 7.4 / 6.8 / 8.0 / 5.6 / 5.2 / 6.1,Hitter,3B,STL,NL,27,FALSE,0,45.06,0
4,Franchise (one-team runs only),STL,3,Bob Gibson,gibsobo01,1968,1973,6,50.25,8.38,11.9 / 11.3 / 10.1 / 5.0 / 7.8 / 4.2,Pitcher,P,STL,NL,32,FALSE,0,3.86,46.39
4,Franchise (one-team runs only),STL,4,Dizzy Dean,deandi01,1932,1937,6,41.6,6.93,6.5 / 5.7 / 9.5 / 7.5 / 7.6 / 4.8,Pitcher,P,STL,NL,22,FALSE,0,2.24,39.36
4,Franchise (one-team runs only),STL,5,Ozzie Smith,smithoz01,1984,1989,6,37.31,6.22,5.0 / 6.4 / 5.6 / 6.4 / 6.6 / 7.3,Hitter,SS,STL,NL,29,FALSE,0,37.31,0
4,Franchise (one-team runs only),SYR,1,Harry McCormick,mccorha01,1879,1879,1,4.68,4.68,4.7,Pitcher,P,SYR,NL,23,FALSE,0,-0.25,4.93
4,Franchise (one-team runs only),SYS,1,Cupid Childs,childcu01,1890,1890,1,6.36,6.36,6.4,Hitter,2B,SYS,Other (AA/UA/PL/FL),22,FALSE,0,6.36,0
4,Franchise (one-team runs only),TBD,1,Ben Zobrist,zobribe01,2009,2014,6,36.13,6.02,8.6 / 4.6 / 7.6 / 5.8 / 5.2 / 4.4,Hitter,2B,TBD,AL,28,FALSE,0,36.13,0
4,Franchise (one-team runs only),TBD,2,Evan Longoria,longoev01,2008,2011,4,27.22,6.8,4.8 / 7.0 / 8.2 / 7.2,Hitter,3B,TBD,AL,22,FALSE,0,27.22,0
4,Franchise (one-team runs only),TBD,3,Kevin Kiermaier,kiermke01,2015,2017,3,16.97,5.66,6.8 / 5.3 / 4.8,Hitter,OF,TBD,AL,25,FALSE,0,16.97,0
4,Franchise (one-team runs only),TBD,4,Carl Crawford,crawfca02,2004,2006,3,13.81,4.6,4.9 / 4.4 / 4.5,Hitter,OF,TBD,AL,22,FALSE,0,13.81,0
4,Franchise (one-team runs only),TBD,5,Carlos Peña,penaca01,2007,2008,2,12.26,6.13,7.2 / 5.1,Hitter,1B,TBD,AL,29,FALSE,0,12.26,0
4,Franchise (one-team runs only),TEX,1,Ivan Rodriguez,rodriiv01,1996,2001,6,35.31,5.88,6.1 / 6.5 / 6.4 / 6.4 / 4.8 / 5.0,Hitter,C,TEX,AL,24,FALSE,0,35.31,0
4,Franchise (one-team runs only),TEX,2,Rafael Palmeiro,palmera01,1990,1993,4,21.03,5.26,4.3 / 5.8 / 4.1 / 6.9,Hitter,1B,TEX,AL,25,FALSE,0,21.03,0
4,Franchise (one-team runs only),TEX,3,Frank Howard,howarfr01,1967,1970,4,18.95,4.74,4.0 / 4.6 / 5.7 / 4.6,Hitter,OF,TEX,AL,30,FALSE,0,18.95,0
4,Franchise (one-team runs only),TEX,4,Julio Franco,francju01,1989,1991,3,18.32,6.11,5.3 / 6.8 / 6.2,Hitter,2B,TEX,AL,30,FALSE,0,18.32,0
4,Franchise (one-team runs only),TEX,5,Charlie Hough,houghch01,1983,1985,3,15.52,5.17,4.6 / 4.6 / 6.3,Pitcher,P,TEX,AL,35,FALSE,0,0,15.52
4,Franchise (one-team runs only),TLM,1,Egyptian Healy,healyjo01,1890,1890,1,7.45,7.45,7.4,Pitcher,P,TLM,Other (AA/UA/PL/FL),23,FALSE,0,0.81,6.64
4,Franchise (one-team runs only),TLM,2,Perry Werden,werdepe01,1890,1890,1,5.15,5.15,5.2,Hitter,1B,TLM,Other (AA/UA/PL/FL),28,FALSE,0,5.15,0
4,Franchise (one-team runs only),TLM,3,Ed Swartwood,swarted01,1890,1890,1,5.08,5.08,5.1,Hitter,OF,TLM,Other (AA/UA/PL/FL),31,FALSE,0,4.98,0.1
4,Franchise (one-team runs only),TOL,1,Sam Barkley,barklsa01,1884,1884,1,4.66,4.66,4.7,Hitter,2B,TOL,Other (AA/UA/PL/FL),26,FALSE,0,4.66,0
4,Franchise (one-team runs only),TOR,1,Dave Stieb,stiebda01,1980,1985,6,38.54,6.42,4.9 / 4.4 / 7.6 / 7.0 / 7.9 / 6.8,Pitcher,P,TOR,AL,22,TRUE,0,-0.05,38.59
4,Franchise (one-team runs only),TOR,2,Tony Fernandez,fernato01,1986,1990,5,23.21,4.64,5.0 / 5.1 / 4.4 / 4.3 / 4.5,Hitter,SS,TOR,AL,24,FALSE,0,23.21,0
4,Franchise (one-team runs only),TOR,3,Carlos Delgado,delgaca01,2000,2003,4,22.51,5.63,7.3 / 4.5 / 4.9 / 5.9,Hitter,1B,TOR,AL,28,FALSE,0,22.51,0
4,Franchise (one-team runs only),TOR,4,Jesse Barfield,barfije01,1985,1987,3,19.14,6.38,6.9 / 7.6 / 4.7,Hitter,OF,TOR,AL,25,FALSE,0,19.14,0
4,Franchise (one-team runs only),TOR,5,Devon White,whitede03,1991,1993,3,18.8,6.27,6.3 / 6.2 / 6.3,Hitter,OF,TOR,AL,28,FALSE,0,18.8,0
4,Franchise (one-team runs only),TRT,1,Mickey Welch,welchmi01,1880,1881,2,12.11,6.06,6.5 / 5.6,Pitcher,P,TRT,NL,20,FALSE,0,0.7,11.41
4,Franchise (one-team runs only),TRT,2,Tim Keefe,keefeti01,1880,1880,1,4.59,4.59,4.6,Pitcher,P,TRT,NL,23,FALSE,0,-0.08,4.67
4,Franchise (one-team runs only),WAS,1,Win Mercer,mercewi01,1897,1897,1,5.05,5.05,5.1,Pitcher,P,WAS,NL,23,FALSE,0,0.86,4.19
4,Franchise (one-team runs only),WAS,2,Deacon McGuire,mcguide01,1895,1895,1,4.96,4.96,5.0,Hitter,C,WAS,NL,31,FALSE,0,4.96,0
4,Franchise (one-team runs only),WAS,3,Al Maul,maulal01,1895,1895,1,4.86,4.86,4.9,Pitcher,P,WAS,NL,29,FALSE,0,0.08,4.78
4,Franchise (one-team runs only),WAS,4,Frank Foreman,foremfr01,1891,1891,1,4.5,4.5,4.5,Pitcher,P,WAS,Other (AA/UA/PL/FL),28,FALSE,0,0.97,3.53
4,Franchise (one-team runs only),WAS,5,Kip Selbach,selbaki01,1897,1897,1,4.47,4.47,4.5,Hitter,OF,WAS,NL,25,FALSE,0,4.47,0
4,Franchise (one-team runs only),WNL,1,Billy Hoy,hoydu01,1888,1888,1,4.32,4.32,4.3,Hitter,OF,WNL,NL,26,FALSE,0,4.32,0
4,Franchise (one-team runs only),WNL,2,Paul Hines,hinespa01,1886,1886,1,4.15,4.15,4.2,Hitter,OF,WNL,NL,31,FALSE,0,4.15,0
4,Franchise (one-team runs only),WOR,1,Lee Richmond,richmle01,1880,1881,2,11.66,5.83,7.3 / 4.4,Pitcher,P,WOR,NL,23,FALSE,0,-0.92,12.58
4,Franchise (one-team runs only),WSN,1,Tim Raines,raineti01,1983,1987,5,32.34,6.47,6.0 / 6.5 / 7.6 / 5.5 / 6.8,Hitter,OF,WSN,NL,23,FALSE,0,32.34,0
4,Franchise (one-team runs only),WSN,2,Vladimir Guerrero,guerrvl01,1998,2002,5,29.76,5.95,7.4 / 4.4 / 6.0 / 4.9 / 7.0,Hitter,OF,WSN,NL,23,FALSE,0,29.76,0
4,Franchise (one-team runs only),WSN,3,Andre Dawson,dawsoan01,1980,1983,4,29.06,7.26,6.9 / 7.4 / 7.9 / 6.8,Hitter,OF,WSN,NL,25,TRUE,0,29.06,0
4,Franchise (one-team runs only),WSN,4,Gary Carter,cartega01,1977,1980,4,23.64,5.91,5.3 / 5.8 / 6.0 / 6.5,Hitter,C,WSN,NL,23,FALSE,0,23.64,0
4,Franchise (one-team runs only),WSN,5,Anthony Rendon,rendoan01,2016,2019,4,22.94,5.73,4.3 / 6.1 / 5.2 / 7.2,Hitter,3B,WSN,NL,26,FALSE,0,22.94,0
4,Era cutoff 1901,1901+,1,Tris Speaker,speaktr01,1909,1926,18,131.86,7.33,6.3 / 7.6 / 6.2 / 10.1 / 8.8 / 9.9 / 7.1 / 8.9 / 7.9 / 5.8 / 5.4 / 8.7 / 6.6 / 6.9 / 9.1 / 4.6 / 6.5 / 5.5,Hitter,OF,BOS,AL,21,TRUE,0,131.93,-0.07
4,Era cutoff 1901,1901+,2,Hank Aaron,aaronha01,1955,1971,17,130.57,7.68,6.2 / 7.2 / 8.0 / 7.3 / 8.6 / 8.0 / 9.4 / 8.6 / 9.1 / 6.8 / 7.9 / 7.8 / 8.5 / 6.8 / 8.0 / 5.0 / 7.2,Hitter,OF,ATL,NL,21,FALSE,0,130.57,0
4,Era cutoff 1901,1901+,3,Alex Rodriguez,rodrial01,1996,2011,16,114.15,7.13,9.4 / 5.6 / 8.5 / 4.8 / 10.4 / 8.3 / 8.8 / 8.4 / 7.6 / 9.4 / 4.5 / 9.4 / 6.8 / 4.2 / 4.2 / 4.0,Hitter,SS,SEA,AL,20,FALSE,0,114.15,0
4,Era cutoff 1901,1901+,4,Willie Mays,mayswi01,1954,1968,15,134.69,8.98,10.4 / 9.2 / 7.6 / 8.3 / 10.2 / 7.8 / 9.5 / 8.7 / 10.5 / 10.6 / 11.0 / 11.2 / 9.0 / 4.3 / 6.2,Hitter,OF,SFG,NL,23,FALSE,0,134.69,0
4,Era cutoff 1901,1901+,5,Rogers Hornsby,hornsro01,1916,1929,14,120.71,8.62,5.0 / 10.0 / 5.3 / 6.5 / 9.7 / 10.9 / 10.1 / 6.8 / 12.1 / 10.2 / 4.4 / 10.2 / 8.9 / 10.6,Hitter,2B,STL,NL,20,TRUE,0,120.71,0
4,Era cutoff 1901,Pre-1901,1,Dan Brouthers,broutda01,1882,1892,11,66.82,6.07,5.9 / 5.5 / 5.4 / 5.2 / 8.2 / 5.3 / 6.6 / 6.2 / 4.0 / 5.6 / 8.8,Hitter,1B,LAD,Mixed,24,FALSE,0,67.13,-0.31
4,Era cutoff 1901,Pre-1901,2,Roger Connor,connoro01,1885,1893,9,57.03,6.34,8.2 / 7.1 / 6.2 / 7.5 / 5.6 / 6.0 / 5.7 / 6.3 / 4.4,Hitter,1B,SFG,Mixed,27,FALSE,0,57.03,0
4,Era cutoff 1901,Pre-1901,3,Billy Hamilton,hamilbi01,1890,1898,9,52.1,5.79,4.4 / 6.5 / 6.1 / 5.0 / 8.2 / 6.1 / 5.8 / 4.8 / 5.2,Hitter,OF,PHI,NL,24,FALSE,0,52.1,0
4,Era cutoff 1901,Pre-1901,4,John Clarkson,clarkjo01,1885,1892,8,78.85,9.86,12.8 / 6.8 / 15.0 / 4.2 / 16.2 / 8.9 / 9.9 / 5.1,Pitcher,P,ATL,NL,23,FALSE,0,-1.29,80.14
4,Era cutoff 1901,Pre-1901,5,Ed Delahanty,delahed01,1892,1899,8,52.26,6.53,4.4 / 6.9 / 6.0 / 6.9 / 7.3 / 5.7 / 6.7 / 8.4,Hitter,OF,PHI,NL,24,FALSE,0,52.26,0
4,Era cutoff 1920,1920+,1,Hank Aaron,aaronha01,1955,1971,17,130.57,7.68,6.2 / 7.2 / 8.0 / 7.3 / 8.6 / 8.0 / 9.4 / 8.6 / 9.1 / 6.8 / 7.9 / 7.8 / 8.5 / 6.8 / 8.0 / 5.0 / 7.2,Hitter,OF,ATL,NL,21,FALSE,0,130.57,0
4,Era cutoff 1920,1920+,2,Alex Rodriguez,rodrial01,1996,2011,16,114.15,7.13,9.4 / 5.6 / 8.5 / 4.8 / 10.4 / 8.3 / 8.8 / 8.4 / 7.6 / 9.4 / 4.5 / 9.4 / 6.8 / 4.2 / 4.2 / 4.0,Hitter,SS,SEA,AL,20,FALSE,0,114.15,0
4,Era cutoff 1920,1920+,3,Willie Mays,mayswi01,1954,1968,15,134.69,8.98,10.4 / 9.2 / 7.6 / 8.3 / 10.2 / 7.8 / 9.5 / 8.7 / 10.5 / 10.6 / 11.0 / 11.2 / 9.0 / 4.3 / 6.2,Hitter,OF,SFG,NL,23,FALSE,0,134.69,0
4,Era cutoff 1920,1920+,4,Mike Schmidt,schmimi01,1974,1987,14,103.52,7.39,9.7 / 7.7 / 8.0 / 8.8 / 6.2 / 7.9 / 8.9 / 7.7 / 7.4 / 6.9 / 7.0 / 5.0 / 6.2 / 6.1,Hitter,3B,PHI,NL,24,TRUE,0,103.52,0
4,Era cutoff 1920,1920+,5,Rickey Henderson,henderi01,1980,1993,14,96.21,6.87,8.8 / 6.7 / 6.7 / 6.9 / 6.0 / 9.9 / 6.3 / 4.7 / 6.3 / 8.7 / 9.9 / 4.6 / 5.6 / 5.0,Hitter,OF,OAK,AL,21,TRUE,0,96.21,0
4,Era cutoff 1920,Pre-1920,1,Cy Young,youngcy01,1891,1905,15,137.28,9.15,6.1 / 13.0 / 10.6 / 8.5 / 11.6 / 10.5 / 6.8 / 7.6 / 8.2 / 7.1 / 12.4 / 10.1 / 8.1 / 9.6 / 7.1,Pitcher,P,CLV,Mixed,24,FALSE,0,-1.52,138.8
4,Era cutoff 1920,Pre-1920,2,Honus Wagner,wagneho01,1899,1912,14,112.9,8.06,6.0 / 6.8 / 7.2 / 7.3 / 7.6 / 8.3 / 10.2 / 9.3 / 9.0 / 11.5 / 9.2 / 5.4 / 6.8 / 8.4,Hitter,SS,PIT,NL,25,FALSE,0,112.91,-0.01
4,Era cutoff 1920,Pre-1920,3,Ty Cobb,cobbty01,1907,1919,13,105.35,8.1,6.8 / 6.2 / 9.9 / 10.3 / 10.5 / 8.8 / 7.0 / 5.5 / 9.5 / 8.0 / 11.0 / 6.4 / 5.4,Hitter,OF,DET,AL,20,TRUE,0,105.36,-0.01
4,Era cutoff 1920,Pre-1920,4,Kid Nichols,nichoki01,1890,1901,12,109.05,9.09,13.0 / 9.3 / 8.8 / 11.7 / 8.2 / 9.5 / 6.2 / 11.1 / 11.8 / 7.6 / 5.0 / 6.8,Pitcher,P,ATL,NL,20,FALSE,0,-0.56,109.61
4,Era cutoff 1920,Pre-1920,5,Dan Brouthers,broutda01,1882,1892,11,66.82,6.07,5.9 / 5.5 / 5.4 / 5.2 / 8.2 / 5.3 / 6.6 / 6.2 / 4.0 / 5.6 / 8.8,Hitter,1B,LAD,Mixed,24,FALSE,0,67.13,-0.31
4,Era cutoff 1947 (PRIMARY),1947+,1,Hank Aaron,aaronha01,1955,1971,17,130.57,7.68,6.2 / 7.2 / 8.0 / 7.3 / 8.6 / 8.0 / 9.4 / 8.6 / 9.1 / 6.8 / 7.9 / 7.8 / 8.5 / 6.8 / 8.0 / 5.0 / 7.2,Hitter,OF,ATL,NL,21,FALSE,0,130.57,0
4,Era cutoff 1947 (PRIMARY),1947+,2,Alex Rodriguez,rodrial01,1996,2011,16,114.15,7.13,9.4 / 5.6 / 8.5 / 4.8 / 10.4 / 8.3 / 8.8 / 8.4 / 7.6 / 9.4 / 4.5 / 9.4 / 6.8 / 4.2 / 4.2 / 4.0,Hitter,SS,SEA,AL,20,FALSE,0,114.15,0
4,Era cutoff 1947 (PRIMARY),1947+,3,Willie Mays,mayswi01,1954,1968,15,134.69,8.98,10.4 / 9.2 / 7.6 / 8.3 / 10.2 / 7.8 / 9.5 / 8.7 / 10.5 / 10.6 / 11.0 / 11.2 / 9.0 / 4.3 / 6.2,Hitter,OF,SFG,NL,23,FALSE,0,134.69,0
4,Era cutoff 1947 (PRIMARY),1947+,4,Mike Schmidt,schmimi01,1974,1987,14,103.52,7.39,9.7 / 7.7 / 8.0 / 8.8 / 6.2 / 7.9 / 8.9 / 7.7 / 7.4 / 6.9 / 7.0 / 5.0 / 6.2 / 6.1,Hitter,3B,PHI,NL,24,TRUE,0,103.52,0
4,Era cutoff 1947 (PRIMARY),1947+,5,Rickey Henderson,henderi01,1980,1993,14,96.21,6.87,8.8 / 6.7 / 6.7 / 6.9 / 6.0 / 9.9 / 6.3 / 4.7 / 6.3 / 8.7 / 9.9 / 4.6 / 5.6 / 5.0,Hitter,OF,OAK,AL,21,TRUE,0,96.21,0
4,Era cutoff 1947 (PRIMARY),Pre-1947,1,Tris Speaker,speaktr01,1909,1926,18,131.86,7.33,6.3 / 7.6 / 6.2 / 10.1 / 8.8 / 9.9 / 7.1 / 8.9 / 7.9 / 5.8 / 5.4 / 8.7 / 6.6 / 6.9 / 9.1 / 4.6 / 6.5 / 5.5,Hitter,OF,BOS,AL,21,TRUE,0,131.93,-0.07
4,Era cutoff 1947 (PRIMARY),Pre-1947,2,Cy Young,youngcy01,1891,1905,15,137.28,9.15,6.1 / 13.0 / 10.6 / 8.5 / 11.6 / 10.5 / 6.8 / 7.6 / 8.2 / 7.1 / 12.4 / 10.1 / 8.1 / 9.6 / 7.1,Pitcher,P,CLV,Mixed,24,FALSE,0,-1.52,138.8
4,Era cutoff 1947 (PRIMARY),Pre-1947,3,Rogers Hornsby,hornsro01,1916,1929,14,120.71,8.62,5.0 / 10.0 / 5.3 / 6.5 / 9.7 / 10.9 / 10.1 / 6.8 / 12.1 / 10.2 / 4.4 / 10.2 / 8.9 / 10.6,Hitter,2B,STL,NL,20,TRUE,0,120.71,0
4,Era cutoff 1947 (PRIMARY),Pre-1947,4,Honus Wagner,wagneho01,1899,1912,14,112.9,8.06,6.0 / 6.8 / 7.2 / 7.3 / 7.6 / 8.3 / 10.2 / 9.3 / 9.0 / 11.5 / 9.2 / 5.4 / 6.8 / 8.4,Hitter,SS,PIT,NL,25,FALSE,0,112.91,-0.01
4,Era cutoff 1947 (PRIMARY),Pre-1947,5,Mel Ott,ottme01,1929,1942,14,94.95,6.78,7.2 / 6.6 / 6.1 / 8.3 / 5.8 / 7.2 / 7.2 / 7.8 / 6.8 / 8.8 / 5.8 / 5.3 / 4.8 / 7.1,Hitter,3B,SFG,NL,20,FALSE,0,94.95,0
4,Era cutoff 1969,1969+,1,Alex Rodriguez,rodrial01,1996,2011,16,114.15,7.13,9.4 / 5.6 / 8.5 / 4.8 / 10.4 / 8.3 / 8.8 / 8.4 / 7.6 / 9.4 / 4.5 / 9.4 / 6.8 / 4.2 / 4.2 / 4.0,Hitter,SS,SEA,AL,20,FALSE,0,114.15,0
4,Era cutoff 1969,1969+,2,Mike Schmidt,schmimi01,1974,1987,14,103.52,7.39,9.7 / 7.7 / 8.0 / 8.8 / 6.2 / 7.9 / 8.9 / 7.7 / 7.4 / 6.9 / 7.0 / 5.0 / 6.2 / 6.1,Hitter,3B,PHI,NL,24,TRUE,0,103.52,0
4,Era cutoff 1969,1969+,3,Rickey Henderson,henderi01,1980,1993,14,96.21,6.87,8.8 / 6.7 / 6.7 / 6.9 / 6.0 / 9.9 / 6.3 / 4.7 / 6.3 / 8.7 / 9.9 / 4.6 / 5.6 / 5.0,Hitter,OF,OAK,AL,21,TRUE,0,96.21,0
4,Era cutoff 1969,1969+,4,Barry Bonds,bondsba01,1987,1998,12,96.37,8.03,5.8 / 6.2 / 8.0 / 9.7 / 8.0 / 9.0 / 9.9 / 6.2 / 7.5 / 9.6 / 8.2 / 8.1,Hitter,OF,SFG,NL,22,TRUE,0,96.37,0
4,Era cutoff 1969,1969+,5,Albert Pujols,pujolal01,2001,2012,12,91.45,7.62,6.6 / 5.5 / 8.6 / 8.5 / 8.4 / 8.5 / 8.7 / 9.2 / 9.7 / 7.5 / 5.3 / 4.8,Hitter,1B,STL,Mixed,21,FALSE,0,91.45,0
4,Era cutoff 1969,Pre-1969,1,Tris Speaker,speaktr01,1909,1926,18,131.86,7.33,6.3 / 7.6 / 6.2 / 10.1 / 8.8 / 9.9 / 7.1 / 8.9 / 7.9 / 5.8 / 5.4 / 8.7 / 6.6 / 6.9 / 9.1 / 4.6 / 6.5 / 5.5,Hitter,OF,BOS,AL,21,TRUE,0,131.93,-0.07
4,Era cutoff 1969,Pre-1969,2,Cy Young,youngcy01,1891,1905,15,137.28,9.15,6.1 / 13.0 / 10.6 / 8.5 / 11.6 / 10.5 / 6.8 / 7.6 / 8.2 / 7.1 / 12.4 / 10.1 / 8.1 / 9.6 / 7.1,Pitcher,P,CLV,Mixed,24,FALSE,0,-1.52,138.8
4,Era cutoff 1969,Pre-1969,3,Willie Mays,mayswi01,1954,1968,15,134.69,8.98,10.4 / 9.2 / 7.6 / 8.3 / 10.2 / 7.8 / 9.5 / 8.7 / 10.5 / 10.6 / 11.0 / 11.2 / 9.0 / 4.3 / 6.2,Hitter,OF,SFG,NL,23,FALSE,0,134.69,0
4,Era cutoff 1969,Pre-1969,4,Rogers Hornsby,hornsro01,1916,1929,14,120.71,8.62,5.0 / 10.0 / 5.3 / 6.5 / 9.7 / 10.9 / 10.1 / 6.8 / 12.1 / 10.2 / 4.4 / 10.2 / 8.9 / 10.6,Hitter,2B,STL,NL,20,TRUE,0,120.71,0
4,Era cutoff 1969,Pre-1969,5,Honus Wagner,wagneho01,1899,1912,14,112.9,8.06,6.0 / 6.8 / 7.2 / 7.3 / 7.6 / 8.3 / 10.2 / 9.3 / 9.0 / 11.5 / 9.2 / 5.4 / 6.8 / 8.4,Hitter,SS,PIT,NL,25,FALSE,0,112.91,-0.01
5,Overall,All,1,Hank Aaron,aaronha01,1955,1971,17,130.57,7.68,6.2 / 7.2 / 8.0 / 7.3 / 8.6 / 8.0 / 9.4 / 8.6 / 9.1 / 6.8 / 7.9 / 7.8 / 8.5 / 6.8 / 8.0 / 5.0 / 7.2,Hitter,OF,ATL,NL,21,FALSE,0,130.57,0
5,Overall,All,2,Cy Young,youngcy01,1891,1905,15,137.28,9.15,6.1 / 13.0 / 10.6 / 8.5 / 11.6 / 10.5 / 6.8 / 7.6 / 8.2 / 7.1 / 12.4 / 10.1 / 8.1 / 9.6 / 7.1,Pitcher,P,CLV,Mixed,24,FALSE,0,-1.52,138.8
5,Overall,All,3,Tris Speaker,speaktr01,1909,1923,15,115.24,7.68,6.3 / 7.6 / 6.2 / 10.1 / 8.8 / 9.9 / 7.1 / 8.9 / 7.9 / 5.8 / 5.4 / 8.7 / 6.6 / 6.9 / 9.1,Hitter,OF,BOS,AL,21,TRUE,0,115.31,-0.07
5,Overall,All,4,Honus Wagner,wagneho01,1899,1912,14,112.9,8.06,6.0 / 6.8 / 7.2 / 7.3 / 7.6 / 8.3 / 10.2 / 9.3 / 9.0 / 11.5 / 9.2 / 5.4 / 6.8 / 8.4,Hitter,SS,PIT,NL,25,FALSE,0,112.91,-0.01
5,Overall,All,5,Mike Schmidt,schmimi01,1974,1987,14,103.52,7.39,9.7 / 7.7 / 8.0 / 8.8 / 6.2 / 7.9 / 8.9 / 7.7 / 7.4 / 6.9 / 7.0 / 5.0 / 6.2 / 6.1,Hitter,3B,PHI,NL,24,TRUE,0,103.52,0
5,Role,Hitter,1,Hank Aaron,aaronha01,1955,1971,17,130.57,7.68,6.2 / 7.2 / 8.0 / 7.3 / 8.6 / 8.0 / 9.4 / 8.6 / 9.1 / 6.8 / 7.9 / 7.8 / 8.5 / 6.8 / 8.0 / 5.0 / 7.2,Hitter,OF,ATL,NL,21,FALSE,0,130.57,0
5,Role,Hitter,2,Tris Speaker,speaktr01,1909,1923,15,115.24,7.68,6.3 / 7.6 / 6.2 / 10.1 / 8.8 / 9.9 / 7.1 / 8.9 / 7.9 / 5.8 / 5.4 / 8.7 / 6.6 / 6.9 / 9.1,Hitter,OF,BOS,AL,21,TRUE,0,115.31,-0.07
5,Role,Hitter,3,Honus Wagner,wagneho01,1899,1912,14,112.9,8.06,6.0 / 6.8 / 7.2 / 7.3 / 7.6 / 8.3 / 10.2 / 9.3 / 9.0 / 11.5 / 9.2 / 5.4 / 6.8 / 8.4,Hitter,SS,PIT,NL,25,FALSE,0,112.91,-0.01
5,Role,Hitter,4,Mike Schmidt,schmimi01,1974,1987,14,103.52,7.39,9.7 / 7.7 / 8.0 / 8.8 / 6.2 / 7.9 / 8.9 / 7.7 / 7.4 / 6.9 / 7.0 / 5.0 / 6.2 / 6.1,Hitter,3B,PHI,NL,24,TRUE,0,103.52,0
5,Role,Hitter,5,Willie Mays,mayswi01,1954,1966,13,124.09,9.55,10.4 / 9.2 / 7.6 / 8.3 / 10.2 / 7.8 / 9.5 / 8.7 / 10.5 / 10.6 / 11.0 / 11.2 / 9.0,Hitter,OF,SFG,NL,23,FALSE,0,124.09,0
5,Role,Pitcher,1,Cy Young,youngcy01,1891,1905,15,137.28,9.15,6.1 / 13.0 / 10.6 / 8.5 / 11.6 / 10.5 / 6.8 / 7.6 / 8.2 / 7.1 / 12.4 / 10.1 / 8.1 / 9.6 / 7.1,Pitcher,P,CLV,Mixed,24,FALSE,0,-1.52,138.8
5,Role,Pitcher,2,Kid Nichols,nichoki01,1890,1901,12,109.05,9.09,13.0 / 9.3 / 8.8 / 11.7 / 8.2 / 9.5 / 6.2 / 11.1 / 11.8 / 7.6 / 5.0 / 6.8,Pitcher,P,ATL,NL,20,FALSE,0,-0.56,109.61
5,Role,Pitcher,3,Tom Seaver,seaveto01,1967,1977,11,82.25,7.48,6.7 / 7.0 / 7.2 / 6.4 / 10.9 / 5.6 / 11.0 / 5.8 / 8.2 / 5.2 / 8.4,Pitcher,P,NYM,NL,22,FALSE,0,3.18,79.07
5,Role,Pitcher,4,Walter Johnson,johnswa01,1910,1919,10,120.26,12.03,11.0 / 9.0 / 15.4 / 16.6 / 13.1 / 12.8 / 11.2 / 8.4 / 11.8 / 11.0,Pitcher,P,MIN,AL,22,TRUE,0,8.85,111.41
5,Role,Pitcher,5,Pedro Martinez,martipe02,1997,2005,9,68.75,7.64,8.8 / 7.1 / 9.8 / 11.7 / 5.1 / 6.4 / 8.0 / 5.4 / 6.5,Pitcher,P,BOS,Mixed,25,FALSE,0,-0.98,69.73
5,Role,Two-way / mixed,1,Babe Ruth,ruthba01,1916,1924,9,92.22,10.25,10.4 / 8.6 / 7.0 / 10.0 / 11.8 / 12.6 / 6.4 / 14.1 / 11.3,Two-way / mixed,OF,NYY,AL,21,TRUE,0,74.18,18.04
5,Role,Two-way / mixed,2,Bob Caruthers,carutbo01,1885,1889,5,47.26,9.45,10.0 / 11.6 / 10.7 / 6.6 / 8.4,Two-way / mixed,Two-way,STL,Other (AA/UA/PL/FL),21,FALSE,0,11.24,36.02
5,Role,Two-way / mixed,3,Old Hoss Radbourn,radboch01,1882,1885,4,50.14,12.54,7.9 / 14.3 / 19.4 / 8.5,Two-way / mixed,P,PRO,NL,27,FALSE,0,3.02,47.12
5,Role,Two-way / mixed,4,Jim Whitney,whitnji01,1881,1884,4,38.85,9.71,8.6 / 8.4 / 13.4 / 8.4,Two-way / mixed,Two-way,ATL,NL,23,FALSE,0,6.63,32.22
5,Role,Two-way / mixed,5,Shohei Ohtani,ohtansh01,2021,2024,4,37.56,9.39,9.0 / 9.6 / 9.9 / 9.0,Two-way / mixed,Two-way,ANA,Mixed,26,FALSE,0,23.44,14.12
5,Position,1B,1,Lou Gehrig,gehrilo01,1926,1937,12,105.48,8.79,6.9 / 11.8 / 9.5 / 7.5 / 9.6 / 8.6 / 8.2 / 7.1 / 10.0 / 8.3 / 9.7 / 8.2,Hitter,1B,NYY,AL,23,FALSE,0,105.48,0
5,Position,1B,2,Albert Pujols,pujolal01,2001,2011,11,86.64,7.88,6.6 / 5.5 / 8.6 / 8.5 / 8.4 / 8.5 / 8.7 / 9.2 / 9.7 / 7.5 / 5.3,Hitter,1B,STL,NL,21,FALSE,0,86.64,0
5,Position,1B,3,Roger Connor,connoro01,1885,1892,8,52.61,6.58,8.2 / 7.1 / 6.2 / 7.5 / 5.6 / 6.0 / 5.7 / 6.3,Hitter,1B,SFG,Mixed,27,FALSE,0,52.61,0
5,Position,1B,4,Dan Brouthers,broutda01,1882,1889,8,48.35,6.04,5.9 / 5.5 / 5.4 / 5.2 / 8.2 / 5.3 / 6.6 / 6.2,Hitter,1B,DTN,NL,24,FALSE,0,48.66,-0.31
5,Position,1B,5,George Sisler,sislege01,1916,1922,7,48.31,6.9,5.1 / 6.0 / 6.6 / 6.2 / 9.8 / 5.8 / 8.7,Hitter,1B,BAL,AL,23,TRUE,0,47.46,0.85
5,Position,2B,1,Rogers Hornsby,hornsro01,1917,1925,9,81.63,9.07,10.0 / 5.3 / 6.5 / 9.7 / 10.9 / 10.1 / 6.8 / 12.1 / 10.2,Hitter,2B,STL,NL,21,TRUE,0,81.63,0
5,Position,2B,2,Eddie Collins,collied01,1909,1917,9,74.47,8.27,9.7 / 9.8 / 6.7 / 8.8 / 9.4 / 8.9 / 9.1 / 7.0 / 5.0,Hitter,2B,OAK,AL,22,FALSE,0,74.47,0
5,Position,2B,3,Charlie Gehringer,gehrich01,1932,1939,8,55.63,6.95,5.1 / 7.2 / 8.9 / 8.6 / 7.9 / 7.8 / 5.0 / 5.0,Hitter,2B,DET,AL,29,FALSE,0,55.63,0
5,Position,2B,4,Joe Morgan,morgajo02,1971,1977,7,59.31,8.47,5.7 / 9.3 / 9.3 / 8.6 / 11.0 / 9.6 / 5.8,Hitter,2B,CIN,NL,27,FALSE,0,59.31,0
5,Position,2B,5,Jackie Robinson,robinja02,1948,1953,6,46.98,7.83,5.3 / 9.3 / 7.4 / 9.6 / 8.4 / 6.9,Hitter,2B,LAD,NL,29,FALSE,0,46.98,0
5,Position,3B,1,Mike Schmidt,schmimi01,1974,1987,14,103.52,7.39,9.7 / 7.7 / 8.0 / 8.8 / 6.2 / 7.9 / 8.9 / 7.7 / 7.4 / 6.9 / 7.0 / 5.0 / 6.2 / 6.1,Hitter,3B,PHI,NL,24,TRUE,0,103.52,0
5,Position,3B,2,Mel Ott,ottme01,1929,1940,12,83.05,6.92,7.2 / 6.6 / 6.1 / 8.3 / 5.8 / 7.2 / 7.2 / 7.8 / 6.8 / 8.8 / 5.8 / 5.3,Hitter,3B,SFG,NL,20,FALSE,0,83.05,0
5,Position,3B,3,Eddie Mathews,matheed01,1953,1963,11,78.95,7.18,8.1 / 7.7 / 7.2 / 5.7 / 7.4 / 6.5 / 8.2 / 7.3 / 7.3 / 5.6 / 8.0,Hitter,3B,ATL,NL,21,FALSE,0,78.95,0
5,Position,3B,4,Wade Boggs,boggswa01,1983,1989,7,56.27,8.04,7.8 / 6.3 / 9.1 / 8.1 / 8.3 / 8.3 / 8.4,Hitter,3B,BOS,AL,25,FALSE,0,56.27,0
5,Position,3B,5,Ron Santo,santoro01,1963,1969,7,53.86,7.69,6.7 / 8.9 / 7.7 / 8.9 / 9.8 / 6.4 / 5.5,Hitter,3B,CHC,NL,23,FALSE,0,53.86,0
5,Position,C,1,Gary Carter,cartega01,1982,1985,4,30.08,7.52,8.6 / 7.1 / 7.4 / 6.9,Hitter,C,WSN,NL,28,FALSE,0,30.08,0
5,Position,C,2,Mike Piazza,piazzmi01,1995,1998,4,26.53,6.63,6.2 / 5.4 / 8.7 / 6.3,Hitter,C,LAD,NL,26,TRUE,0,26.53,0
5,Position,C,3,Ivan Rodriguez,rodriiv01,1996,1999,4,25.5,6.38,6.1 / 6.5 / 6.4 / 6.4,Hitter,C,TEX,AL,24,FALSE,0,25.5,0
5,Position,C,4,Buster Posey,poseybu01,2012,2015,4,23.91,5.98,7.6 / 5.3 / 5.1 / 5.9,Hitter,C,SFG,NL,25,FALSE,0,23.91,0
5,Position,C,5,Mickey Cochrane,cochrmi01,1930,1933,4,22.95,5.74,5.2 / 5.4 / 6.0 / 6.2,Hitter,C,OAK,AL,27,FALSE,0,22.95,0
5,Position,DH,1,Edgar Martinez,martied01,1995,1998,4,25.36,6.34,7.0 / 6.5 / 6.2 / 5.6,Hitter,DH,SEA,AL,32,TRUE,0,25.36,0
5,Position,DH,2,David Ortiz,ortizda01,2005,2007,3,17.36,5.79,5.2 / 5.8 / 6.4,Hitter,DH,BOS,AL,29,FALSE,0,17.36,0
5,Position,DH,3,Paul Molitor,molitpa01,1987,1989,3,16.91,5.64,6.0 / 5.2 / 5.7,Hitter,DH,MIL,AL,30,FALSE,0,16.91,0
5,Position,DH,4,Travis Hafner,hafnetr01,2005,2006,2,11.33,5.66,5.4 / 5.9,Hitter,DH,CLE,AL,28,FALSE,0,11.33,0
5,Position,DH,5,Yordan Alvarez,alvaryo01,2022,2022,1,6.84,6.84,6.8,Hitter,DH,HOU,AL,25,FALSE,0,6.84,0
5,Position,OF,1,Hank Aaron,aaronha01,1955,1971,17,130.57,7.68,6.2 / 7.2 / 8.0 / 7.3 / 8.6 / 8.0 / 9.4 / 8.6 / 9.1 / 6.8 / 7.9 / 7.8 / 8.5 / 6.8 / 8.0 / 5.0 / 7.2,Hitter,OF,ATL,NL,21,FALSE,0,130.57,0
5,Position,OF,2,Tris Speaker,speaktr01,1909,1923,15,115.24,7.68,6.3 / 7.6 / 6.2 / 10.1 / 8.8 / 9.9 / 7.1 / 8.9 / 7.9 / 5.8 / 5.4 / 8.7 / 6.6 / 6.9 / 9.1,Hitter,OF,BOS,AL,21,TRUE,0,115.31,-0.07
5,Position,OF,3,Willie Mays,mayswi01,1954,1966,13,124.09,9.55,10.4 / 9.2 / 7.6 / 8.3 / 10.2 / 7.8 / 9.5 / 8.7 / 10.5 / 10.6 / 11.0 / 11.2 / 9.0,Hitter,OF,SFG,NL,23,FALSE,0,124.09,0
5,Position,OF,4,Ty Cobb,cobbty01,1907,1919,13,105.35,8.1,6.8 / 6.2 / 9.9 / 10.3 / 10.5 / 8.8 / 7.0 / 5.5 / 9.5 / 8.0 / 11.0 / 6.4 / 5.4,Hitter,OF,DET,AL,20,TRUE,0,105.36,-0.01
5,Position,OF,5,Barry Bonds,bondsba01,1987,1998,12,96.37,8.03,5.8 / 6.2 / 8.0 / 9.7 / 8.0 / 9.0 / 9.9 / 6.2 / 7.5 / 9.6 / 8.2 / 8.1,Hitter,OF,SFG,NL,22,TRUE,0,96.37,0
5,Position,P,1,Cy Young,youngcy01,1891,1905,15,137.28,9.15,6.1 / 13.0 / 10.6 / 8.5 / 11.6 / 10.5 / 6.8 / 7.6 / 8.2 / 7.1 / 12.4 / 10.1 / 8.1 / 9.6 / 7.1,Pitcher,P,CLV,Mixed,24,FALSE,0,-1.52,138.8
5,Position,P,2,Kid Nichols,nichoki01,1890,1901,12,109.05,9.09,13.0 / 9.3 / 8.8 / 11.7 / 8.2 / 9.5 / 6.2 / 11.1 / 11.8 / 7.6 / 5.0 / 6.8,Pitcher,P,ATL,NL,20,FALSE,0,-0.56,109.61
5,Position,P,3,Tom Seaver,seaveto01,1967,1977,11,82.25,7.48,6.7 / 7.0 / 7.2 / 6.4 / 10.9 / 5.6 / 11.0 / 5.8 / 8.2 / 5.2 / 8.4,Pitcher,P,NYM,NL,22,FALSE,0,3.18,79.07
5,Position,P,4,Walter Johnson,johnswa01,1910,1919,10,120.26,12.03,11.0 / 9.0 / 15.4 / 16.6 / 13.1 / 12.8 / 11.2 / 8.4 / 11.8 / 11.0,Pitcher,P,MIN,AL,22,TRUE,0,8.85,111.41
5,Position,P,5,Pedro Martinez,martipe02,1997,2005,9,68.75,7.64,8.8 / 7.1 / 9.8 / 11.7 / 5.1 / 6.4 / 8.0 / 5.4 / 6.5,Pitcher,P,BOS,Mixed,25,FALSE,0,-0.98,69.73
5,Position,SS,1,Honus Wagner,wagneho01,1899,1912,14,112.9,8.06,6.0 / 6.8 / 7.2 / 7.3 / 7.6 / 8.3 / 10.2 / 9.3 / 9.0 / 11.5 / 9.2 / 5.4 / 6.8 / 8.4,Hitter,SS,PIT,NL,25,FALSE,0,112.91,-0.01
5,Position,SS,2,Arky Vaughan,vaughar01,1933,1940,8,58.67,7.33,6.6 / 7.3 / 9.7 / 7.9 / 5.7 / 8.8 / 5.7 / 6.8,Hitter,SS,PIT,NL,21,FALSE,0,58.67,0
5,Position,SS,3,Alex Rodriguez,rodrial01,2000,2005,6,52.84,8.81,10.4 / 8.3 / 8.8 / 8.4 / 7.6 / 9.4,Hitter,SS,SEA,AL,24,FALSE,0,52.84,0
5,Position,SS,4,Ernie Banks,bankser01,1955,1960,6,47.53,7.92,8.1 / 5.3 / 6.7 / 9.3 / 10.2 / 7.9,Hitter,SS,CHC,NL,24,FALSE,0,47.53,0
5,Position,SS,5,Ozzie Smith,smithoz01,1985,1989,5,32.33,6.47,6.4 / 5.6 / 6.4 / 6.6 / 7.3,Hitter,SS,STL,NL,30,FALSE,0,32.33,0
5,Position,Two-way,1,Bob Caruthers,carutbo01,1885,1889,5,47.26,9.45,10.0 / 11.6 / 10.7 / 6.6 / 8.4,Two-way / mixed,Two-way,STL,Other (AA/UA/PL/FL),21,FALSE,0,11.24,36.02
5,Position,Two-way,2,Jim Whitney,whitnji01,1881,1884,4,38.85,9.71,8.6 / 8.4 / 13.4 / 8.4,Two-way / mixed,Two-way,ATL,NL,23,FALSE,0,6.63,32.22
5,Position,Two-way,3,Shohei Ohtani,ohtansh01,2021,2024,4,37.56,9.39,9.0 / 9.6 / 9.9 / 9.0,Two-way / mixed,Two-way,ANA,Mixed,26,FALSE,0,23.44,14.12
5,Position,Two-way,4,Tony Mullane,mullato01,1882,1884,3,25.84,8.61,6.2 / 6.4 / 13.2,Two-way / mixed,Two-way,TOL,Other (AA/UA/PL/FL),23,FALSE,0,2.61,23.23
5,Position,Two-way,5,Dave Foutz,foutzda01,1885,1886,2,16.05,8.03,5.0 / 11.0,Two-way / mixed,Two-way,STL,Other (AA/UA/PL/FL),28,FALSE,0,1.71,14.34
5,Decade (start year),1870s,1,Jim McCormick,mccorji01,1879,1884,6,61.52,10.25,9.8 / 10.8 / 7.0 / 10.9 / 8.2 / 14.8,Pitcher,P,CBL,NL,22,FALSE,0,0.52,61
5,Decade (start year),1870s,2,Tommy Bond,bondto01,1876,1879,4,49.64,12.41,10.4 / 11.5 / 13.4 / 14.3,Pitcher,P,ATL,NL,20,FALSE,0,-0.72,50.36
5,Decade (start year),1870s,3,Jim Devlin,devliji01,1876,1877,2,31.7,15.85,18.3 / 13.4,Pitcher,P,LGR,NL,27,FALSE,0,0.86,30.84
5,Decade (start year),1870s,4,John Ward,wardjo01,1879,1880,2,16.8,8.4,9.2 / 7.6,Pitcher,P,PRO,NL,19,FALSE,0,2.82,13.98
5,Decade (start year),1870s,5,Al Spalding,spaldal01,1876,1876,1,10.16,10.16,10.2,Pitcher,P,CHC,NL,25,FALSE,0,0.79,9.37
5,Decade (start year),1880s,1,Roger Connor,connoro01,1885,1892,8,52.61,6.58,8.2 / 7.1 / 6.2 / 7.5 / 5.6 / 6.0 / 5.7 / 6.3,Hitter,1B,SFG,Mixed,27,FALSE,0,52.61,0
5,Decade (start year),1880s,2,Dan Brouthers,broutda01,1882,1889,8,48.35,6.04,5.9 / 5.5 / 5.4 / 5.2 / 8.2 / 5.3 / 6.6 / 6.2,Hitter,1B,DTN,NL,24,FALSE,0,48.66,-0.31
5,Decade (start year),1880s,3,Tim Keefe,keefeti01,1882,1888,7,66.42,9.49,5.2 / 20.2 / 8.3 / 6.6 / 9.4 / 7.5 / 9.1,Pitcher,P,NYP,Mixed,25,FALSE,0,0.18,66.24
5,Decade (start year),1880s,4,Bob Caruthers,carutbo01,1885,1889,5,47.26,9.45,10.0 / 11.6 / 10.7 / 6.6 / 8.4,Two-way / mixed,Two-way,STL,Other (AA/UA/PL/FL),21,FALSE,0,11.24,36.02
5,Decade (start year),1880s,5,Cap Anson,ansonca01,1886,1890,5,30.85,6.17,7.0 / 5.2 / 6.9 / 6.4 / 5.4,Hitter,1B,CHC,NL,34,FALSE,0,30.85,0
5,Decade (start year),1890s,1,Cy Young,youngcy01,1891,1905,15,137.28,9.15,6.1 / 13.0 / 10.6 / 8.5 / 11.6 / 10.5 / 6.8 / 7.6 / 8.2 / 7.1 / 12.4 / 10.1 / 8.1 / 9.6 / 7.1,Pitcher,P,CLV,Mixed,24,FALSE,0,-1.52,138.8
5,Decade (start year),1890s,2,Honus Wagner,wagneho01,1899,1912,14,112.9,8.06,6.0 / 6.8 / 7.2 / 7.3 / 7.6 / 8.3 / 10.2 / 9.3 / 9.0 / 11.5 / 9.2 / 5.4 / 6.8 / 8.4,Hitter,SS,PIT,NL,25,FALSE,0,112.91,-0.01
5,Decade (start year),1890s,3,Kid Nichols,nichoki01,1890,1901,12,109.05,9.09,13.0 / 9.3 / 8.8 / 11.7 / 8.2 / 9.5 / 6.2 / 11.1 / 11.8 / 7.6 / 5.0 / 6.8,Pitcher,P,ATL,NL,20,FALSE,0,-0.56,109.61
5,Decade (start year),1890s,4,Ed Delahanty,delahed01,1893,1899,7,47.84,6.83,6.9 / 6.0 / 6.9 / 7.3 / 5.7 / 6.7 / 8.4,Hitter,OF,PHI,NL,25,FALSE,0,47.84,0
5,Decade (start year),1890s,5,Amos Rusie,rusieam01,1890,1895,6,55.06,9.18,8.2 / 8.7 / 7.2 / 11.2 / 13.7 / 6.0,Pitcher,P,SFG,NL,19,FALSE,0,0.98,54.08
5,Decade (start year),1900s,1,Tris Speaker,speaktr01,1909,1923,15,115.24,7.68,6.3 / 7.6 / 6.2 / 10.1 / 8.8 / 9.9 / 7.1 / 8.9 / 7.9 / 5.8 / 5.4 / 8.7 / 6.6 / 6.9 / 9.1,Hitter,OF,BOS,AL,21,TRUE,0,115.31,-0.07
5,Decade (start year),1900s,2,Ty Cobb,cobbty01,1907,1919,13,105.35,8.1,6.8 / 6.2 / 9.9 / 10.3 / 10.5 / 8.8 / 7.0 / 5.5 / 9.5 / 8.0 / 11.0 / 6.4 / 5.4,Hitter,OF,DET,AL,20,TRUE,0,105.36,-0.01
5,Decade (start year),1900s,3,Eddie Collins,collied01,1909,1917,9,74.47,8.27,9.7 / 9.8 / 6.7 / 8.8 / 9.4 / 8.9 / 9.1 / 7.0 / 5.0,Hitter,2B,OAK,AL,22,FALSE,0,74.47,0
5,Decade (start year),1900s,4,Christy Mathewson,mathech01,1907,1913,7,64.23,9.18,8.8 / 11.8 / 10.6 / 9.1 / 8.2 / 8.5 / 7.2,Pitcher,P,SFG,NL,26,FALSE,0,2.7,61.53
5,Decade (start year),1900s,5,Ed Walsh,walshed01,1907,1912,6,59.41,9.9,7.6 / 10.7 / 6.8 / 11.8 / 9.7 / 12.8,Pitcher,P,CHW,AL,26,FALSE,0,2.11,57.3
5,Decade (start year),1910s,1,Walter Johnson,johnswa01,1910,1919,10,120.26,12.03,11.0 / 9.0 / 15.4 / 16.6 / 13.1 / 12.8 / 11.2 / 8.4 / 11.8 / 11.0,Pitcher,P,MIN,AL,22,TRUE,0,8.85,111.41
5,Decade (start year),1910s,2,Babe Ruth,ruthba01,1916,1924,9,92.22,10.25,10.4 / 8.6 / 7.0 / 10.0 / 11.8 / 12.6 / 6.4 / 14.1 / 11.3,Two-way / mixed,OF,NYY,AL,21,TRUE,0,74.18,18.04
5,Decade (start year),1910s,3,Rogers Hornsby,hornsro01,1917,1925,9,81.63,9.07,10.0 / 5.3 / 6.5 / 9.7 / 10.9 / 10.1 / 6.8 / 12.1 / 10.2,Hitter,2B,STL,NL,21,TRUE,0,81.63,0
5,Decade (start year),1910s,4,Pete Alexander,alexape01,1911,1917,7,62.3,8.9,7.9 / 6.3 / 6.0 / 9.3 / 10.9 / 12.1 / 9.8,Pitcher,P,PHI,NL,24,FALSE,0,0.9,61.4
5,Decade (start year),1910s,5,George Sisler,sislege01,1916,1922,7,48.31,6.9,5.1 / 6.0 / 6.6 / 6.2 / 9.8 / 5.8 / 8.7,Hitter,1B,BAL,AL,23,TRUE,0,47.46,0.85
5,Decade (start year),1920s,1,Lou Gehrig,gehrilo01,1926,1937,12,105.48,8.79,6.9 / 11.8 / 9.5 / 7.5 / 9.6 / 8.6 / 8.2 / 7.1 / 10.0 / 8.3 / 9.7 / 8.2,Hitter,1B,NYY,AL,23,FALSE,0,105.48,0
5,Decade (start year),1920s,2,Mel Ott,ottme01,1929,1940,12,83.05,6.92,7.2 / 6.6 / 6.1 / 8.3 / 5.8 / 7.2 / 7.2 / 7.8 / 6.8 / 8.8 / 5.8 / 5.3,Hitter,3B,SFG,NL,20,FALSE,0,83.05,0
5,Decade (start year),1920s,3,Babe Ruth,ruthba01,1926,1933,8,77.94,9.74,11.4 / 12.6 / 10.2 / 8.1 / 10.5 / 10.6 / 8.5 / 6.2,Hitter,OF,NYY,AL,31,FALSE,0,77.73,0.21
5,Decade (start year),1920s,4,Lefty Grove,grovele01,1926,1933,8,63.54,7.94,6.6 / 5.4 / 7.2 / 7.4 / 10.3 / 10.0 / 9.2 / 7.3,Pitcher,P,OAK,AL,26,FALSE,0,-2.76,66.3
5,Decade (start year),1920s,5,Harry Heilmann,heilmha01,1921,1927,7,47.07,6.72,6.9 / 5.4 / 9.3 / 6.3 / 7.0 / 5.1 / 7.0,Hitter,OF,DET,AL,26,FALSE,0,47.07,0
5,Decade (start year),1930s,1,Arky Vaughan,vaughar01,1933,1940,8,58.67,7.33,6.6 / 7.3 / 9.7 / 7.9 / 5.7 / 8.8 / 5.7 / 6.8,Hitter,SS,PIT,NL,21,FALSE,0,58.67,0
5,Decade (start year),1930s,2,Charlie Gehringer,gehrich01,1932,1939,8,55.63,6.95,5.1 / 7.2 / 8.9 / 8.6 / 7.9 / 7.8 / 5.0 / 5.0,Hitter,2B,DET,AL,29,FALSE,0,55.63,0
5,Decade (start year),1930s,3,Joe DiMaggio,dimagjo01,1937,1942,6,45.02,7.5,8.4 / 5.6 / 8.2 / 7.1 / 9.3 / 6.4,Hitter,OF,NYY,AL,22,FALSE,0,45.02,0
5,Decade (start year),1930s,4,Johnny Mize,mizejo01,1937,1942,6,39.38,6.56,6.6 / 6.4 / 7.4 / 7.3 / 5.3 / 6.4,Hitter,1B,STL,NL,24,FALSE,0,39.38,0
5,Decade (start year),1930s,5,Jimmie Foxx,foxxji01,1932,1936,5,41.08,8.22,10.3 / 9.0 / 8.3 / 8.0 / 5.5,Hitter,1B,OAK,AL,24,FALSE,0,41.08,0
5,Decade (start year),1940s,1,Stan Musial,musiast01,1946,1957,12,90.26,7.52,9.3 / 5.1 / 11.3 / 9.1 / 7.2 / 8.8 / 7.5 / 7.6 / 6.5 / 6.2 / 5.5 / 6.1,Hitter,OF,STL,NL,25,FALSE,0,90.26,0
5,Decade (start year),1940s,2,Hal Newhouser,newhoha01,1944,1949,6,48.75,8.12,8.4 / 12.2 / 9.6 / 6.3 / 6.7 / 5.7,Pitcher,P,DET,AL,23,FALSE,0,2.37,46.38
5,Decade (start year),1940s,3,Jackie Robinson,robinja02,1948,1953,6,46.98,7.83,5.3 / 9.3 / 7.4 / 9.6 / 8.4 / 6.9,Hitter,2B,LAD,NL,29,FALSE,0,46.98,0
5,Decade (start year),1940s,4,Warren Spahn,spahnwa01,1949,1954,6,40.82,6.8,5.7 / 5.7 / 7.9 / 6.9 / 9.1 / 5.6,Pitcher,P,ATL,NL,28,FALSE,0,1.72,39.1
5,Decade (start year),1940s,5,Ralph Kiner,kinerra01,1947,1951,5,35.48,7.1,8.1 / 6.1 / 8.1 / 5.2 / 8.0,Hitter,OF,PIT,NL,24,FALSE,0,35.48,0
5,Decade (start year),1950s,1,Hank Aaron,aaronha01,1955,1971,17,130.57,7.68,6.2 / 7.2 / 8.0 / 7.3 / 8.6 / 8.0 / 9.4 / 8.6 / 9.1 / 6.8 / 7.9 / 7.8 / 8.5 / 6.8 / 8.0 / 5.0 / 7.2,Hitter,OF,ATL,NL,21,FALSE,0,130.57,0
5,Decade (start year),1950s,2,Willie Mays,mayswi01,1954,1966,13,124.09,9.55,10.4 / 9.2 / 7.6 / 8.3 / 10.2 / 7.8 / 9.5 / 8.7 / 10.5 / 10.6 / 11.0 / 11.2 / 9.0,Hitter,OF,SFG,NL,23,FALSE,0,124.09,0
5,Decade (start year),1950s,3,Mickey Mantle,mantlmi01,1952,1962,11,89.23,8.11,6.3 / 5.8 / 6.9 / 9.5 / 11.2 / 11.3 / 8.7 / 6.6 / 6.3 / 10.4 / 6.0,Hitter,OF,NYY,AL,20,FALSE,0,89.23,0
5,Decade (start year),1950s,4,Eddie Mathews,matheed01,1953,1963,11,78.95,7.18,8.1 / 7.7 / 7.2 / 5.7 / 7.4 / 6.5 / 8.2 / 7.3 / 7.3 / 5.6 / 8.0,Hitter,3B,ATL,NL,21,FALSE,0,78.95,0
5,Decade (start year),1950s,5,Ken Boyer,boyerke01,1958,1964,7,45.06,6.44,6.0 / 7.4 / 6.8 / 8.0 / 5.6 / 5.2 / 6.1,Hitter,3B,STL,NL,27,FALSE,0,45.06,0
5,Decade (start year),1960s,1,Tom Seaver,seaveto01,1967,1977,11,82.25,7.48,6.7 / 7.0 / 7.2 / 6.4 / 10.9 / 5.6 / 11.0 / 5.8 / 8.2 / 5.2 / 8.4,Pitcher,P,NYM,NL,22,FALSE,0,3.18,79.07
5,Decade (start year),1960s,2,Roberto Clemente,clemero01,1963,1971,9,65.23,7.25,5.3 / 7.2 / 7.2 / 8.2 / 8.9 / 8.2 / 7.5 / 5.5 / 7.3,Hitter,OF,PIT,NL,28,FALSE,0,65.23,0
5,Decade (start year),1960s,3,Ron Santo,santoro01,1963,1969,7,53.86,7.69,6.7 / 8.9 / 7.7 / 8.9 / 9.8 / 6.4 / 5.5,Hitter,3B,CHC,NL,23,FALSE,0,53.86,0
5,Decade (start year),1960s,4,Fergie Jenkins,jenkife01,1967,1972,6,43.31,7.22,5.2 / 6.6 / 7.0 / 6.9 / 11.8 / 5.8,Pitcher,P,CHC,NL,24,FALSE,0,1.8,41.51
5,Decade (start year),1960s,5,Willie McCovey,mccovwi01,1965,1970,6,38.37,6.39,5.8 / 5.9 / 5.0 / 7.0 / 8.1 / 6.6,Hitter,1B,SFG,NL,27,FALSE,0,38.37,0
5,Decade (start year),1970s,1,Mike Schmidt,schmimi01,1974,1987,14,103.52,7.39,9.7 / 7.7 / 8.0 / 8.8 / 6.2 / 7.9 / 8.9 / 7.7 / 7.4 / 6.9 / 7.0 / 5.0 / 6.2 / 6.1,Hitter,3B,PHI,NL,24,TRUE,0,103.52,0
5,Decade (start year),1970s,2,Joe Morgan,morgajo02,1971,1977,7,59.31,8.47,5.7 / 9.3 / 9.3 / 8.6 / 11.0 / 9.6 / 5.8,Hitter,2B,CIN,NL,27,FALSE,0,59.31,0
5,Decade (start year),1970s,3,Bert Blyleven,blylebe01,1971,1977,7,47.25,6.75,6.2 / 5.1 / 9.7 / 7.8 / 6.0 / 6.5 / 5.8,Pitcher,P,MIN,AL,20,FALSE,0,-0.1,47.35
5,Decade (start year),1970s,4,Phil Niekro,niekrph01,1974,1979,6,48.05,8.01,8.0 / 6.6 / 6.9 / 8.5 / 10.4 / 7.7,Pitcher,P,ATL,NL,35,FALSE,0,0.52,47.53
5,Decade (start year),1970s,5,George Brett,brettge01,1975,1980,6,44.36,7.39,5.8 / 7.5 / 7.6 / 5.4 / 8.6 / 9.4,Hitter,3B,KCR,AL,22,FALSE,0,44.36,0
5,Decade (start year),1980s,1,Barry Bonds,bondsba01,1987,1998,12,96.37,8.03,5.8 / 6.2 / 8.0 / 9.7 / 8.0 / 9.0 / 9.9 / 6.2 / 7.5 / 9.6 / 8.2 / 8.1,Hitter,OF,SFG,NL,22,TRUE,0,96.37,0
5,Decade (start year),1980s,2,Roger Clemens,clemero02,1986,1992,7,58.1,8.3,8.8 / 9.4 / 7.1 / 5.7 / 10.4 / 7.9 / 8.7,Pitcher,P,BOS,AL,23,FALSE,0,0,58.1
5,Decade (start year),1980s,3,Wade Boggs,boggswa01,1983,1989,7,56.27,8.04,7.8 / 6.3 / 9.1 / 8.1 / 8.3 / 8.3 / 8.4,Hitter,3B,BOS,AL,25,FALSE,0,56.27,0
5,Decade (start year),1980s,4,Rickey Henderson,henderi01,1980,1986,7,51.28,7.33,8.8 / 6.7 / 6.7 / 6.9 / 6.0 / 9.9 / 6.3,Hitter,OF,NYY,AL,21,TRUE,0,51.28,0
5,Decade (start year),1980s,5,Tim Raines,raineti01,1983,1987,5,32.34,6.47,6.0 / 6.5 / 7.6 / 5.5 / 6.8,Hitter,OF,WSN,NL,23,FALSE,0,32.34,0
5,Decade (start year),1990s,1,Pedro Martinez,martipe02,1997,2005,9,68.75,7.64,8.8 / 7.1 / 9.8 / 11.7 / 5.1 / 6.4 / 8.0 / 5.4 / 6.5,Pitcher,P,BOS,Mixed,25,FALSE,0,-0.98,69.73
5,Decade (start year),1990s,2,Greg Maddux,maddugr01,1992,1998,7,55.38,7.91,9.4 / 5.7 / 8.7 / 9.6 / 7.2 / 7.7 / 7.1,Pitcher,P,ATL,NL,26,TRUE,0,0.7,54.68
5,Decade (start year),1990s,3,Frank Thomas,thomafr04,1991,1997,7,44.63,6.38,7.0 / 7.0 / 6.2 / 6.3 / 5.3 / 5.5 / 7.3,Hitter,1B,CHW,AL,23,TRUE,0,44.63,0
5,Decade (start year),1990s,4,Bobby Abreu,abreubo01,1998,2004,7,41.62,5.95,6.4 / 6.1 / 6.2 / 5.2 / 5.8 / 5.4 / 6.6,Hitter,OF,PHI,NL,24,FALSE,0,41.62,0
5,Decade (start year),1990s,5,Randy Johnson,johnsra05,1997,2002,6,50.11,8.35,8.0 / 5.4 / 8.6 / 8.1 / 9.5 / 10.5,Pitcher,P,ARI,Mixed,33,FALSE,0,-1.67,51.78
5,Decade (start year),2000s,1,Albert Pujols,pujolal01,2001,2011,11,86.64,7.88,6.6 / 5.5 / 8.6 / 8.5 / 8.4 / 8.5 / 8.7 / 9.2 / 9.7 / 7.5 / 5.3,Hitter,1B,STL,NL,21,FALSE,0,86.64,0
5,Decade (start year),2000s,2,Alex Rodriguez,rodrial01,2000,2005,6,52.84,8.81,10.4 / 8.3 / 8.8 / 8.4 / 7.6 / 9.4,Hitter,SS,SEA,AL,24,FALSE,0,52.84,0
5,Decade (start year),2000s,3,Chase Utley,utleych01,2005,2010,6,45.46,7.58,7.3 / 7.3 / 7.8 / 9.0 / 8.2 / 5.8,Hitter,2B,PHI,NL,26,FALSE,0,45.46,0
5,Decade (start year),2000s,4,Miguel Cabrera,cabremi01,2009,2014,6,38.89,6.48,5.1 / 6.5 / 7.6 / 7.1 / 7.5 / 5.1,Hitter,1B,DET,AL,26,FALSE,0,38.89,0
5,Decade (start year),2000s,5,Barry Bonds,bondsba01,2000,2004,5,51.12,10.22,7.7 / 11.9 / 11.7 / 9.2 / 10.6,Hitter,OF,SFG,NL,35,FALSE,0,51.12,0
5,Decade (start year),2010s,1,Mike Trout,troutmi01,2012,2019,8,71.67,8.96,10.5 / 8.9 / 7.7 / 9.5 / 10.4 / 6.9 / 9.9 / 7.8,Hitter,OF,ANA,AL,20,FALSE,0,71.67,0
5,Decade (start year),2010s,2,Clayton Kershaw,kershcl01,2010,2017,8,54.9,6.86,5.2 / 7.4 / 6.8 / 8.6 / 8.2 / 7.3 / 6.1 / 5.3,Pitcher,P,LAD,NL,22,FALSE,0,2.23,52.67
5,Decade (start year),2010s,3,Max Scherzer,scherma01,2013,2019,7,47.52,6.79,6.5 / 5.7 / 7.4 / 6.4 / 7.5 / 8.7 / 5.3,Pitcher,P,WSN,Mixed,28,FALSE,0,1.69,45.83
5,Decade (start year),2010s,4,Mookie Betts,bettsmo01,2015,2019,5,40.26,8.05,6.0 / 9.8 / 6.5 / 10.7 / 7.2,Hitter,OF,BOS,AL,22,FALSE,0,40.26,0
5,Decade (start year),2010s,5,Robinson Cano,canoro01,2010,2014,5,35.36,7.07,8.1 / 5.8 / 8.4 / 6.6 / 6.3,Hitter,2B,NYY,AL,27,FALSE,0,35.36,0
5,Decade (start year),2020s,1,Shohei Ohtani,ohtansh01,2021,2024,4,37.56,9.39,9.0 / 9.6 / 9.9 / 9.0,Two-way / mixed,Two-way,ANA,Mixed,26,FALSE,0,23.44,14.12
5,Decade (start year),2020s,2,Juan Soto,sotoju01,2021,2024,4,26.09,6.52,7.3 / 5.5 / 5.3 / 8.0,Hitter,OF,NYY,Mixed,22,FALSE,0,26.09,0
5,Decade (start year),2020s,3,Marcus Semien,semiema01,2021,2023,3,20.53,6.84,7.1 / 5.7 / 7.7,Hitter,2B,TEX,AL,30,FALSE,0,20.53,0
5,Decade (start year),2020s,4,Austin Riley,rileyau01,2021,2023,3,18.76,6.25,6.3 / 6.4 / 6.0,Hitter,3B,ATL,NL,24,FALSE,0,18.76,0
5,Decade (start year),2020s,5,Francisco Lindor,lindofr01,2022,2024,3,18.37,6.12,5.4 / 6.1 / 6.8,Hitter,SS,NYM,NL,28,FALSE,0,18.37,0
5,Age at start,25-27,1,Honus Wagner,wagneho01,1899,1912,14,112.9,8.06,6.0 / 6.8 / 7.2 / 7.3 / 7.6 / 8.3 / 10.2 / 9.3 / 9.0 / 11.5 / 9.2 / 5.4 / 6.8 / 8.4,Hitter,SS,PIT,NL,25,FALSE,0,112.91,-0.01
5,Age at start,25-27,2,Stan Musial,musiast01,1946,1957,12,90.26,7.52,9.3 / 5.1 / 11.3 / 9.1 / 7.2 / 8.8 / 7.5 / 7.6 / 6.5 / 6.2 / 5.5 / 6.1,Hitter,OF,STL,NL,25,FALSE,0,90.26,0
5,Age at start,25-27,3,Pedro Martinez,martipe02,1997,2005,9,68.75,7.64,8.8 / 7.1 / 9.8 / 11.7 / 5.1 / 6.4 / 8.0 / 5.4 / 6.5,Pitcher,P,BOS,Mixed,25,FALSE,0,-0.98,69.73
5,Age at start,25-27,4,Lefty Grove,grovele01,1926,1933,8,63.54,7.94,6.6 / 5.4 / 7.2 / 7.4 / 10.3 / 10.0 / 9.2 / 7.3,Pitcher,P,OAK,AL,26,FALSE,0,-2.76,66.3
5,Age at start,25-27,5,Roger Connor,connoro01,1885,1892,8,52.61,6.58,8.2 / 7.1 / 6.2 / 7.5 / 5.6 / 6.0 / 5.7 / 6.3,Hitter,1B,SFG,Mixed,27,FALSE,0,52.61,0
5,Age at start,28-30,1,Roberto Clemente,clemero01,1963,1971,9,65.23,7.25,5.3 / 7.2 / 7.2 / 8.2 / 8.9 / 8.2 / 7.5 / 5.5 / 7.3,Hitter,OF,PIT,NL,28,FALSE,0,65.23,0
5,Age at start,28-30,2,Charlie Gehringer,gehrich01,1932,1939,8,55.63,6.95,5.1 / 7.2 / 8.9 / 8.6 / 7.9 / 7.8 / 5.0 / 5.0,Hitter,2B,DET,AL,29,FALSE,0,55.63,0
5,Age at start,28-30,3,Max Scherzer,scherma01,2013,2019,7,47.52,6.79,6.5 / 5.7 / 7.4 / 6.4 / 7.5 / 8.7 / 5.3,Pitcher,P,WSN,Mixed,28,FALSE,0,1.69,45.83
5,Age at start,28-30,4,Joe McGinnity,mcginjo01,1899,1904,6,51.4,8.57,8.7 / 5.1 / 7.6 / 8.8 / 11.9 / 9.3,Pitcher,P,SFG,Mixed,28,FALSE,0,-2.78,54.18
5,Age at start,28-30,5,Jackie Robinson,robinja02,1948,1953,6,46.98,7.83,5.3 / 9.3 / 7.4 / 9.6 / 8.4 / 6.9,Hitter,2B,LAD,NL,29,FALSE,0,46.98,0
5,Age at start,31+,1,Babe Ruth,ruthba01,1926,1933,8,77.94,9.74,11.4 / 12.6 / 10.2 / 8.1 / 10.5 / 10.6 / 8.5 / 6.2,Hitter,OF,NYY,AL,31,FALSE,0,77.73,0.21
5,Age at start,31+,2,Randy Johnson,johnsra05,1997,2002,6,50.11,8.35,8.0 / 5.4 / 8.6 / 8.1 / 9.5 / 10.5,Pitcher,P,ARI,Mixed,33,FALSE,0,-1.67,51.78
5,Age at start,31+,3,Phil Niekro,niekrph01,1974,1979,6,48.05,8.01,8.0 / 6.6 / 6.9 / 8.5 / 10.4 / 7.7,Pitcher,P,ATL,NL,35,FALSE,0,0.52,47.53
5,Age at start,31+,4,Barry Bonds,bondsba01,2000,2004,5,51.12,10.22,7.7 / 11.9 / 11.7 / 9.2 / 10.6,Hitter,OF,SFG,NL,35,FALSE,0,51.12,0
5,Age at start,31+,5,Bob Gibson,gibsobo01,1968,1972,5,46.04,9.21,11.9 / 11.3 / 10.1 / 5.0 / 7.8,Pitcher,P,STL,NL,32,FALSE,0,3.51,42.53
5,Age at start,<=24,1,Hank Aaron,aaronha01,1955,1971,17,130.57,7.68,6.2 / 7.2 / 8.0 / 7.3 / 8.6 / 8.0 / 9.4 / 8.6 / 9.1 / 6.8 / 7.9 / 7.8 / 8.5 / 6.8 / 8.0 / 5.0 / 7.2,Hitter,OF,ATL,NL,21,FALSE,0,130.57,0
5,Age at start,<=24,2,Cy Young,youngcy01,1891,1905,15,137.28,9.15,6.1 / 13.0 / 10.6 / 8.5 / 11.6 / 10.5 / 6.8 / 7.6 / 8.2 / 7.1 / 12.4 / 10.1 / 8.1 / 9.6 / 7.1,Pitcher,P,CLV,Mixed,24,FALSE,0,-1.52,138.8
5,Age at start,<=24,3,Tris Speaker,speaktr01,1909,1923,15,115.24,7.68,6.3 / 7.6 / 6.2 / 10.1 / 8.8 / 9.9 / 7.1 / 8.9 / 7.9 / 5.8 / 5.4 / 8.7 / 6.6 / 6.9 / 9.1,Hitter,OF,BOS,AL,21,TRUE,0,115.31,-0.07
5,Age at start,<=24,4,Mike Schmidt,schmimi01,1974,1987,14,103.52,7.39,9.7 / 7.7 / 8.0 / 8.8 / 6.2 / 7.9 / 8.9 / 7.7 / 7.4 / 6.9 / 7.0 / 5.0 / 6.2 / 6.1,Hitter,3B,PHI,NL,24,TRUE,0,103.52,0
5,Age at start,<=24,5,Willie Mays,mayswi01,1954,1966,13,124.09,9.55,10.4 / 9.2 / 7.6 / 8.3 / 10.2 / 7.8 / 9.5 / 8.7 / 10.5 / 10.6 / 11.0 / 11.2 / 9.0,Hitter,OF,SFG,NL,23,FALSE,0,124.09,0
5,League,AL,1,Tris Speaker,speaktr01,1909,1923,15,115.24,7.68,6.3 / 7.6 / 6.2 / 10.1 / 8.8 / 9.9 / 7.1 / 8.9 / 7.9 / 5.8 / 5.4 / 8.7 / 6.6 / 6.9 / 9.1,Hitter,OF,BOS,AL,21,TRUE,0,115.31,-0.07
5,League,AL,2,Ty Cobb,cobbty01,1907,1919,13,105.35,8.1,6.8 / 6.2 / 9.9 / 10.3 / 10.5 / 8.8 / 7.0 / 5.5 / 9.5 / 8.0 / 11.0 / 6.4 / 5.4,Hitter,OF,DET,AL,20,TRUE,0,105.36,-0.01
5,League,AL,3,Lou Gehrig,gehrilo01,1926,1937,12,105.48,8.79,6.9 / 11.8 / 9.5 / 7.5 / 9.6 / 8.6 / 8.2 / 7.1 / 10.0 / 8.3 / 9.7 / 8.2,Hitter,1B,NYY,AL,23,FALSE,0,105.48,0
5,League,AL,4,Mickey Mantle,mantlmi01,1952,1962,11,89.23,8.11,6.3 / 5.8 / 6.9 / 9.5 / 11.2 / 11.3 / 8.7 / 6.6 / 6.3 / 10.4 / 6.0,Hitter,OF,NYY,AL,20,FALSE,0,89.23,0
5,League,AL,5,Walter Johnson,johnswa01,1910,1919,10,120.26,12.03,11.0 / 9.0 / 15.4 / 16.6 / 13.1 / 12.8 / 11.2 / 8.4 / 11.8 / 11.0,Pitcher,P,MIN,AL,22,TRUE,0,8.85,111.41
5,League,Mixed,1,Cy Young,youngcy01,1891,1905,15,137.28,9.15,6.1 / 13.0 / 10.6 / 8.5 / 11.6 / 10.5 / 6.8 / 7.6 / 8.2 / 7.1 / 12.4 / 10.1 / 8.1 / 9.6 / 7.1,Pitcher,P,CLV,Mixed,24,FALSE,0,-1.52,138.8
5,League,Mixed,2,Pedro Martinez,martipe02,1997,2005,9,68.75,7.64,8.8 / 7.1 / 9.8 / 11.7 / 5.1 / 6.4 / 8.0 / 5.4 / 6.5,Pitcher,P,BOS,Mixed,25,FALSE,0,-0.98,69.73
5,League,Mixed,3,Roger Connor,connoro01,1885,1892,8,52.61,6.58,8.2 / 7.1 / 6.2 / 7.5 / 5.6 / 6.0 / 5.7 / 6.3,Hitter,1B,SFG,Mixed,27,FALSE,0,52.61,0
5,League,Mixed,4,Tim Keefe,keefeti01,1882,1888,7,66.42,9.49,5.2 / 20.2 / 8.3 / 6.6 / 9.4 / 7.5 / 9.1,Pitcher,P,NYP,Mixed,25,FALSE,0,0.18,66.24
5,League,Mixed,5,Max Scherzer,scherma01,2013,2019,7,47.52,6.79,6.5 / 5.7 / 7.4 / 6.4 / 7.5 / 8.7 / 5.3,Pitcher,P,WSN,Mixed,28,FALSE,0,1.69,45.83
5,League,NL,1,Hank Aaron,aaronha01,1955,1971,17,130.57,7.68,6.2 / 7.2 / 8.0 / 7.3 / 8.6 / 8.0 / 9.4 / 8.6 / 9.1 / 6.8 / 7.9 / 7.8 / 8.5 / 6.8 / 8.0 / 5.0 / 7.2,Hitter,OF,ATL,NL,21,FALSE,0,130.57,0
5,League,NL,2,Honus Wagner,wagneho01,1899,1912,14,112.9,8.06,6.0 / 6.8 / 7.2 / 7.3 / 7.6 / 8.3 / 10.2 / 9.3 / 9.0 / 11.5 / 9.2 / 5.4 / 6.8 / 8.4,Hitter,SS,PIT,NL,25,FALSE,0,112.91,-0.01
5,League,NL,3,Mike Schmidt,schmimi01,1974,1987,14,103.52,7.39,9.7 / 7.7 / 8.0 / 8.8 / 6.2 / 7.9 / 8.9 / 7.7 / 7.4 / 6.9 / 7.0 / 5.0 / 6.2 / 6.1,Hitter,3B,PHI,NL,24,TRUE,0,103.52,0
5,League,NL,4,Willie Mays,mayswi01,1954,1966,13,124.09,9.55,10.4 / 9.2 / 7.6 / 8.3 / 10.2 / 7.8 / 9.5 / 8.7 / 10.5 / 10.6 / 11.0 / 11.2 / 9.0,Hitter,OF,SFG,NL,23,FALSE,0,124.09,0
5,League,NL,5,Kid Nichols,nichoki01,1890,1901,12,109.05,9.09,13.0 / 9.3 / 8.8 / 11.7 / 8.2 / 9.5 / 6.2 / 11.1 / 11.8 / 7.6 / 5.0 / 6.8,Pitcher,P,ATL,NL,20,FALSE,0,-0.56,109.61
5,League,Other (AA/UA/PL/FL),1,Bob Caruthers,carutbo01,1885,1889,5,47.26,9.45,10.0 / 11.6 / 10.7 / 6.6 / 8.4,Two-way / mixed,Two-way,STL,Other (AA/UA/PL/FL),21,FALSE,0,11.24,36.02
5,League,Other (AA/UA/PL/FL),2,Guy Hecker,heckegu01,1884,1886,3,31.87,10.62,17.8 / 8.2 / 5.9,Two-way / mixed,P,LOU,Other (AA/UA/PL/FL),28,FALSE,0,5.75,26.12
5,League,Other (AA/UA/PL/FL),3,Ed Morris,morried01,1884,1886,3,31.59,10.53,8.5 / 12.7 / 10.4,Pitcher,P,PIT,Other (AA/UA/PL/FL),21,FALSE,0,-1.29,32.88
5,League,Other (AA/UA/PL/FL),4,Will White,whitewi01,1882,1884,3,26.53,8.84,11.3 / 9.2 / 6.0,Pitcher,P,CIN,Other (AA/UA/PL/FL),27,FALSE,0,0.01,26.52
5,League,Other (AA/UA/PL/FL),5,Tony Mullane,mullato01,1882,1884,3,25.84,8.61,6.2 / 6.4 / 13.2,Two-way / mixed,Two-way,TOL,Other (AA/UA/PL/FL),23,FALSE,0,2.61,23.23
5,Franchise (one-team runs only),ANA,1,Mike Trout,troutmi01,2012,2019,8,71.67,8.96,10.5 / 8.9 / 7.7 / 9.5 / 10.4 / 6.9 / 9.9 / 7.8,Hitter,OF,ANA,AL,20,FALSE,0,71.67,0
5,Franchise (one-team runs only),ANA,2,Jim Fregosi,fregoji01,1964,1967,4,24.07,6.02,7.9 / 5.2 / 5.5 / 5.4,Hitter,SS,ANA,AL,22,FALSE,0,24.07,0
5,Franchise (one-team runs only),ANA,3,Frank Tanana,tananfr01,1975,1977,3,23.14,7.71,7.3 / 7.5 / 8.3,Pitcher,P,ANA,AL,21,FALSE,0,0.01,23.13
5,Franchise (one-team runs only),ANA,4,Nolan Ryan,ryanno01,1972,1974,3,19.95,6.65,6.3 / 7.7 / 5.9,Pitcher,P,ANA,AL,25,FALSE,0,0.16,19.79
5,Franchise (one-team runs only),ANA,5,Andrelton Simmons,simmoan01,2017,2018,2,13.45,6.72,8.0 / 5.5,Hitter,SS,ANA,AL,27,FALSE,0,13.45,0
5,Franchise (one-team runs only),ARI,1,Brandon Webb,webbbr01,2006,2008,3,18.31,6.1,6.9 / 5.9 / 5.5,Pitcher,P,ARI,NL,27,FALSE,0,-0.73,19.04
5,Franchise (one-team runs only),ARI,2,Dan Haren,harenda01,2008,2009,2,13.51,6.75,6.5 / 7.0,Pitcher,P,ARI,NL,27,FALSE,0,0.94,12.57
5,Franchise (one-team runs only),ARI,3,Paul Goldschmidt,goldspa01,2017,2018,2,11.85,5.92,6.1 / 5.8,Hitter,1B,ARI,NL,29,FALSE,0,11.85,0
5,Franchise (one-team runs only),ARI,4,Luis Gonzalez,gonzalu01,2001,2001,1,7.94,7.94,7.9,Hitter,OF,ARI,NL,33,FALSE,0,7.94,0
5,Franchise (one-team runs only),ARI,5,Ketel Marte,marteke01,2019,2019,1,6.88,6.88,6.9,Hitter,OF,ARI,NL,25,FALSE,0,6.88,0
5,Franchise (one-team runs only),ATL,1,Hank Aaron,aaronha01,1955,1971,17,130.57,7.68,6.2 / 7.2 / 8.0 / 7.3 / 8.6 / 8.0 / 9.4 / 8.6 / 9.1 / 6.8 / 7.9 / 7.8 / 8.5 / 6.8 / 8.0 / 5.0 / 7.2,Hitter,OF,ATL,NL,21,FALSE,0,130.57,0
5,Franchise (one-team runs only),ATL,2,Kid Nichols,nichoki01,1890,1901,12,109.05,9.09,13.0 / 9.3 / 8.8 / 11.7 / 8.2 / 9.5 / 6.2 / 11.1 / 11.8 / 7.6 / 5.0 / 6.8,Pitcher,P,ATL,NL,20,FALSE,0,-0.56,109.61
5,Franchise (one-team runs only),ATL,3,Eddie Mathews,matheed01,1953,1963,11,78.95,7.18,8.1 / 7.7 / 7.2 / 5.7 / 7.4 / 6.5 / 8.2 / 7.3 / 7.3 / 5.6 / 8.0,Hitter,3B,ATL,NL,21,FALSE,0,78.95,0
5,Franchise (one-team runs only),ATL,4,Phil Niekro,niekrph01,1974,1979,6,48.05,8.01,8.0 / 6.6 / 6.9 / 8.5 / 10.4 / 7.7,Pitcher,P,ATL,NL,35,FALSE,0,0.52,47.53
5,Franchise (one-team runs only),ATL,5,Warren Spahn,spahnwa01,1949,1954,6,40.82,6.8,5.7 / 5.7 / 7.9 / 6.9 / 9.1 / 5.6,Pitcher,P,ATL,NL,28,FALSE,0,1.72,39.1
5,Franchise (one-team runs only),BAL,1,George Sisler,sislege01,1916,1922,7,48.31,6.9,5.1 / 6.0 / 6.6 / 6.2 / 9.8 / 5.8 / 8.7,Hitter,1B,BAL,AL,23,TRUE,0,47.46,0.85
5,Franchise (one-team runs only),BAL,2,Bobby Grich,grichbo01,1972,1976,5,34.97,6.99,6.0 / 8.3 / 7.3 / 7.3 / 6.1,Hitter,2B,BAL,AL,23,FALSE,0,34.97,0
5,Franchise (one-team runs only),BAL,3,Bobby Wallace,wallabo01,1904,1908,5,28.71,5.74,5.7 / 5.3 / 6.1 / 5.2 / 6.3,Hitter,SS,BAL,AL,30,FALSE,0,28.71,0
5,Franchise (one-team runs only),BAL,4,Cal Ripken,ripkeca01,1988,1991,4,31.44,7.86,5.8 / 6.6 / 7.5 / 11.5,Hitter,SS,BAL,AL,27,FALSE,0,31.44,0
5,Franchise (one-team runs only),BAL,5,Urban Shocker,shockur01,1920,1923,4,29.32,7.33,6.8 / 8.6 / 7.3 / 6.5,Pitcher,P,BAL,AL,29,FALSE,0,1.44,27.88
5,Franchise (one-team runs only),BFL,1,Russ Ford,fordru01,1914,1914,1,6.82,6.82,6.8,Pitcher,P,BFL,Other (AA/UA/PL/FL),31,FALSE,0,-0.26,7.08
5,Franchise (one-team runs only),BLO,1,Hughie Jennings,jennihu01,1895,1898,4,31.06,7.77,7.5 / 8.3 / 7.3 / 7.9,Hitter,SS,BLO,NL,26,FALSE,0,31.06,0
5,Franchise (one-team runs only),BLO,2,Joe Kelley,kellejo01,1894,1897,4,24.6,6.15,6.5 / 5.9 / 7.0 / 5.1,Hitter,OF,BLO,NL,22,FALSE,0,24.6,0
5,Franchise (one-team runs only),BLO,3,Matt Kilroy,kilroma01,1886,1887,2,18.3,9.15,6.2 / 12.1,Pitcher,P,BLO,Other (AA/UA/PL/FL),20,FALSE,0,0.95,17.35
5,Franchise (one-team runs only),BLO,4,Bill Hoffer,hoffebi01,1895,1896,2,16.16,8.08,7.9 / 8.2,Pitcher,P,BLO,NL,24,FALSE,0,0.68,15.48
5,Franchise (one-team runs only),BLO,5,Hardie Henderson,hendeha01,1884,1885,2,14.16,7.08,6.4 / 7.8,Pitcher,P,BLO,Other (AA/UA/PL/FL),21,FALSE,0,0.42,13.74
5,Franchise (one-team runs only),BLT,1,George Suggs,suggsge01,1914,1914,1,6.72,6.72,6.7,Pitcher,P,BLT,Other (AA/UA/PL/FL),31,FALSE,0,0.74,5.98
5,Franchise (one-team runs only),BLT,2,Jack Quinn,quinnja01,1914,1914,1,6.68,6.68,6.7,Pitcher,P,BLT,Other (AA/UA/PL/FL),30,FALSE,0,1.23,5.45
5,Franchise (one-team runs only),BLU,1,Bill Sweeney,sweenbi01,1884,1884,1,7.33,7.33,7.3,Pitcher,P,BLU,Other (AA/UA/PL/FL),26,FALSE,0,-0.17,7.5
5,Franchise (one-team runs only),BOS,1,Roger Clemens,clemero02,1986,1992,7,58.1,8.3,8.8 / 9.4 / 7.1 / 5.7 / 10.4 / 7.9 / 8.7,Pitcher,P,BOS,AL,23,FALSE,0,0,58.1
5,Franchise (one-team runs only),BOS,2,Wade Boggs,boggswa01,1983,1989,7,56.27,8.04,7.8 / 6.3 / 9.1 / 8.1 / 8.3 / 8.3 / 8.4,Hitter,3B,BOS,AL,25,FALSE,0,56.27,0
5,Franchise (one-team runs only),BOS,3,Carl Yastrzemski,yastrca01,1966,1970,5,43.47,8.69,5.5 / 12.4 / 10.5 / 5.5 / 9.5,Hitter,OF,BOS,AL,26,FALSE,0,43.47,0
5,Franchise (one-team runs only),BOS,4,Mookie Betts,bettsmo01,2015,2019,5,40.26,8.05,6.0 / 9.8 / 6.5 / 10.7 / 7.2,Hitter,OF,BOS,AL,22,FALSE,0,40.26,0
5,Franchise (one-team runs only),BOS,5,Ted Williams,willite01,1946,1949,4,37.42,9.36,10.6 / 9.5 / 8.3 / 9.0,Hitter,OF,BOS,AL,27,FALSE,0,37.42,0
5,Franchise (one-team runs only),BRD,1,Dupee Shaw,shawdu01,1884,1884,1,7.82,7.82,7.8,Pitcher,P,BRD,Other (AA/UA/PL/FL),25,FALSE,0,-0.2,8.02
5,Franchise (one-team runs only),BRS,1,Old Hoss Radbourn,radboch01,1890,1890,1,7.78,7.78,7.8,Pitcher,P,BRS,Other (AA/UA/PL/FL),35,FALSE,0,-0.19,7.97
5,Franchise (one-team runs only),BRS,2,Charlie Buffinton,buffich01,1891,1891,1,7.23,7.23,7.2,Pitcher,P,BRS,Other (AA/UA/PL/FL),30,FALSE,0,-0.29,7.52
5,Franchise (one-team runs only),BRS,3,George Haddock,haddoge01,1891,1891,1,7.12,7.12,7.1,Pitcher,P,BRS,Other (AA/UA/PL/FL),24,FALSE,0,0.44,6.68
5,Franchise (one-team runs only),BRS,4,Duke Farrell,farredu01,1891,1891,1,5.3,5.3,5.3,Hitter,3B,BRS,Other (AA/UA/PL/FL),24,FALSE,0,5.3,0
5,Franchise (one-team runs only),BTT,1,Steve Evans,evansst01,1914,1914,1,5.19,5.19,5.2,Hitter,OF,BTT,Other (AA/UA/PL/FL),29,FALSE,0,5.19,0
5,Franchise (one-team runs only),BTT,2,Ed Lafitte,lafited01,1914,1914,1,5,5,5.0,Pitcher,P,BTT,Other (AA/UA/PL/FL),28,FALSE,0,0.65,4.35
5,Franchise (one-team runs only),BUF,1,Pud Galvin,galvipu01,1883,1884,2,28.23,14.12,9.8 / 18.4,Pitcher,P,BUF,NL,26,FALSE,0,-3.23,31.46
5,Franchise (one-team runs only),CBL,1,Jim McCormick,mccorji01,1879,1884,6,61.52,10.25,9.8 / 10.8 / 7.0 / 10.9 / 8.2 / 14.8,Pitcher,P,CBL,NL,22,FALSE,0,0.52,61
5,Franchise (one-team runs only),CBL,2,Hugh Daily,dailyhu01,1883,1883,1,5.66,5.66,5.7,Pitcher,P,CBL,NL,35,FALSE,0,-1.22,6.88
5,Franchise (one-team runs only),CHC,1,Ron Santo,santoro01,1963,1969,7,53.86,7.69,6.7 / 8.9 / 7.7 / 8.9 / 9.8 / 6.4 / 5.5,Hitter,3B,CHC,NL,23,FALSE,0,53.86,0
5,Franchise (one-team runs only),CHC,2,Ernie Banks,bankser01,1955,1960,6,47.53,7.92,8.1 / 5.3 / 6.7 / 9.3 / 10.2 / 7.9,Hitter,SS,CHC,NL,24,FALSE,0,47.53,0
5,Franchise (one-team runs only),CHC,3,Fergie Jenkins,jenkife01,1967,1972,6,43.31,7.22,5.2 / 6.6 / 7.0 / 6.9 / 11.8 / 5.8,Pitcher,P,CHC,NL,24,FALSE,0,1.8,41.51
5,Franchise (one-team runs only),CHC,4,Hippo Vaughn,vaughhi01,1916,1920,5,33.97,6.79,6.0 / 6.6 / 8.2 / 7.4 / 5.8,Pitcher,P,CHC,NL,28,TRUE,0,0.5,33.47
5,Franchise (one-team runs only),CHC,5,Rick Reuschel,reuscri01,1976,1980,5,31.85,6.37,5.5 / 9.6 / 5.4 / 5.9 / 5.4,Pitcher,P,CHC,NL,27,FALSE,0,0.83,31.02
5,Franchise (one-team runs only),CHH,1,Claude Hendrix,hendrcl01,1914,1914,1,8.03,8.03,8.0,Pitcher,P,CHH,Other (AA/UA/PL/FL),25,FALSE,0,0.92,7.11
5,Franchise (one-team runs only),CHH,2,Art Wilson,wilsoar01,1914,1914,1,6.27,6.27,6.3,Hitter,C,CHH,Other (AA/UA/PL/FL),28,FALSE,0,6.27,0
5,Franchise (one-team runs only),CHP,1,Mark Baldwin,baldwma01,1890,1890,1,7.42,7.42,7.4,Pitcher,P,CHP,Other (AA/UA/PL/FL),26,FALSE,0,-0.49,7.91
5,Franchise (one-team runs only),CHW,1,Frank Thomas,thomafr04,1991,1997,7,44.63,6.38,7.0 / 7.0 / 6.2 / 6.3 / 5.3 / 5.5 / 7.3,Hitter,1B,CHW,AL,23,TRUE,0,44.63,0
5,Franchise (one-team runs only),CHW,2,Ed Walsh,walshed01,1907,1912,6,59.41,9.9,7.6 / 10.7 / 6.8 / 11.8 / 9.7 / 12.8,Pitcher,P,CHW,AL,26,FALSE,0,2.11,57.3
5,Franchise (one-team runs only),CHW,3,Wilbur Wood,woodwi01,1971,1974,4,34.38,8.6,11.0 / 10.3 / 7.5 / 5.5,Pitcher,P,CHW,AL,29,FALSE,0,-1.14,35.52
5,Franchise (one-team runs only),CHW,4,Red Faber,faberre01,1920,1922,3,25.7,8.57,5.1 / 11.1 / 9.5,Pitcher,P,CHW,AL,31,FALSE,0,-1.02,26.72
5,Franchise (one-team runs only),CHW,5,George Davis,davisge01,1904,1906,3,20.77,6.92,7.2 / 7.2 / 6.4,Hitter,SS,CHW,AL,33,FALSE,0,20.77,0
5,Franchise (one-team runs only),CIN,1,Noodles Hahn,hahnno01,1899,1904,6,43.65,7.28,7.5 / 5.8 / 7.7 / 8.5 / 7.5 / 6.6,Pitcher,P,CIN,NL,20,FALSE,0,-1.61,45.26
5,Franchise (one-team runs only),CIN,2,Frank Robinson,robinfr02,1959,1962,4,28.35,7.09,5.8 / 6.2 / 7.6 / 8.7,Hitter,OF,CIN,NL,23,FALSE,0,28.35,0
5,Franchise (one-team runs only),CIN,3,Jose Rijo,rijojo01,1990,1993,4,27.61,6.9,5.8 / 5.7 / 6.0 / 10.1,Pitcher,P,CIN,NL,25,FALSE,0,1.72,25.89
5,Franchise (one-team runs only),CIN,4,Joey Votto,vottojo01,2010,2013,4,26.14,6.54,7.0 / 6.6 / 5.9 / 6.6,Hitter,1B,CIN,NL,26,FALSE,0,26.14,0
5,Franchise (one-team runs only),CIN,5,Pete Rose,rosepe01,1971,1974,4,25.34,6.34,5.1 / 6.1 / 8.3 / 5.9,Hitter,OF,CIN,NL,30,FALSE,0,25.34,0
5,Franchise (one-team runs only),CLE,1,Stan Coveleski,covelst01,1917,1922,6,45.98,7.66,7.9 / 9.5 / 7.4 / 8.9 / 6.5 / 5.8,Pitcher,P,CLE,AL,27,TRUE,0,-1.98,47.96
5,Franchise (one-team runs only),CLE,2,Nap Lajoie,lajoina01,1906,1910,5,42.32,8.46,10.0 / 7.6 / 7.9 / 6.5 / 10.3,Hitter,2B,CLE,AL,31,FALSE,0,42.32,0
5,Franchise (one-team runs only),CLE,3,Bob Feller,fellebo01,1938,1941,4,32.84,8.21,5.1 / 9.7 / 9.8 / 8.2,Pitcher,P,CLE,AL,19,FALSE,0,0.42,32.42
5,Franchise (one-team runs only),CLE,4,Wes Ferrell,ferrewe01,1929,1932,4,31.14,7.78,6.6 / 9.4 / 8.0 / 7.2,Pitcher,P,CLE,AL,21,FALSE,0,3.78,27.36
5,Franchise (one-team runs only),CLE,5,Mel Harder,hardeme01,1932,1935,4,26.09,6.52,5.8 / 5.4 / 7.7 / 7.2,Pitcher,P,CLE,AL,22,FALSE,0,-0.73,26.82
5,Franchise (one-team runs only),CLI,1,Pete Browning,brownpe01,1890,1890,1,5.29,5.29,5.3,Hitter,OF,CLI,Other (AA/UA/PL/FL),29,FALSE,0,5.29,0
5,Franchise (one-team runs only),CLS,1,Phil Knell,knellph01,1891,1891,1,6.09,6.09,6.1,Pitcher,P,CLS,Other (AA/UA/PL/FL),26,FALSE,0,-1.11,7.2
5,Franchise (one-team runs only),CLV,1,George Cuppy,cuppyni01,1895,1896,2,18.86,9.43,8.5 / 10.3,Pitcher,P,CLV,NL,25,FALSE,0,1.36,17.5
5,Franchise (one-team runs only),CLV,2,Jesse Burkett,burkeje01,1895,1896,2,10.65,5.32,5.3 / 5.3,Hitter,OF,CLV,NL,26,FALSE,0,10.65,0
5,Franchise (one-team runs only),CLV,3,Cupid Childs,childcu01,1892,1892,1,7.08,7.08,7.1,Hitter,2B,CLV,NL,24,FALSE,0,7.08,0
5,Franchise (one-team runs only),CLV,4,Ed McKean,mckeaed01,1890,1890,1,5.27,5.27,5.3,Hitter,SS,CLV,NL,26,FALSE,0,5.27,0
5,Franchise (one-team runs only),CLV,5,Jersey Bakley,bakelje01,1889,1889,1,5.22,5.22,5.2,Pitcher,P,CLV,NL,25,FALSE,0,-0.48,5.7
5,Franchise (one-team runs only),COL,1,Todd Helton,heltoto01,2000,2004,5,37.5,7.5,8.9 / 7.8 / 6.3 / 6.2 / 8.3,Hitter,1B,COL,NL,26,FALSE,0,37.5,0
5,Franchise (one-team runs only),COL,2,Nolan Arenado,arenano01,2015,2019,5,32.09,6.42,6.3 / 5.7 / 6.6 / 6.3 / 7.1,Hitter,3B,COL,NL,24,FALSE,0,32.09,0
5,Franchise (one-team runs only),COL,3,Larry Walker,walkela01,1997,1999,3,20.67,6.89,9.8 / 5.7 / 5.1,Hitter,OF,COL,NL,30,FALSE,0,20.67,0
5,Franchise (one-team runs only),COL,4,Troy Tulowitzki,tulowtr01,2009,2011,3,19.43,6.48,6.5 / 6.7 / 6.2,Hitter,SS,COL,NL,24,FALSE,0,19.43,0
5,Franchise (one-team runs only),COL,5,Ubaldo Jimenez,jimenub01,2009,2010,2,13.23,6.62,5.9 / 7.3,Pitcher,P,COL,NL,25,FALSE,0,0.17,13.06
5,Franchise (one-team runs only),DET,1,Ty Cobb,cobbty01,1907,1919,13,105.35,8.1,6.8 / 6.2 / 9.9 / 10.3 / 10.5 / 8.8 / 7.0 / 5.5 / 9.5 / 8.0 / 11.0 / 6.4 / 5.4,Hitter,OF,DET,AL,20,TRUE,0,105.36,-0.01
5,Franchise (one-team runs only),DET,2,Charlie Gehringer,gehrich01,1932,1939,8,55.63,6.95,5.1 / 7.2 / 8.9 / 8.6 / 7.9 / 7.8 / 5.0 / 5.0,Hitter,2B,DET,AL,29,FALSE,0,55.63,0
5,Franchise (one-team runs only),DET,3,Harry Heilmann,heilmha01,1921,1927,7,47.07,6.72,6.9 / 5.4 / 9.3 / 6.3 / 7.0 / 5.1 / 7.0,Hitter,OF,DET,AL,26,FALSE,0,47.07,0
5,Franchise (one-team runs only),DET,4,Hal Newhouser,newhoha01,1944,1949,6,48.75,8.12,8.4 / 12.2 / 9.6 / 6.3 / 6.7 / 5.7,Pitcher,P,DET,AL,23,FALSE,0,2.37,46.38
5,Franchise (one-team runs only),DET,5,Miguel Cabrera,cabremi01,2009,2014,6,38.89,6.48,5.1 / 6.5 / 7.6 / 7.1 / 7.5 / 5.1,Hitter,1B,DET,AL,26,FALSE,0,38.89,0
5,Franchise (one-team runs only),DTN,1,Lady Baldwin,baldwla01,1886,1886,1,10.47,10.47,10.5,Pitcher,P,DTN,NL,27,FALSE,0,-0.3,10.77
5,Franchise (one-team runs only),DTN,2,George Weidman,wiedmst01,1882,1882,1,9.79,9.79,9.8,Pitcher,P,DTN,NL,21,FALSE,0,-0.44,10.23
5,Franchise (one-team runs only),DTN,3,George Derby,derbyge01,1881,1881,1,7.54,7.54,7.5,Pitcher,P,DTN,NL,23,FALSE,0,-1.18,8.72
5,Franchise (one-team runs only),DTN,4,Pete Conway,conwape01,1888,1888,1,6.95,6.95,7.0,Pitcher,P,DTN,NL,21,FALSE,0,1.34,5.61
5,Franchise (one-team runs only),DTN,5,Hardy Richardson,richaha01,1886,1886,1,6.9,6.9,6.9,Hitter,OF,DTN,NL,31,FALSE,0,6.95,-0.05
5,Franchise (one-team runs only),FLA,1,Hanley Ramirez,ramirha01,2008,2009,2,14.09,7.04,6.7 / 7.4,Hitter,SS,FLA,NL,24,FALSE,0,14.09,0
5,Franchise (one-team runs only),FLA,2,Josh Johnson,johnsjo09,2009,2010,2,13.91,6.96,7.4 / 6.6,Pitcher,P,FLA,NL,25,FALSE,0,0.27,13.64
5,Franchise (one-team runs only),FLA,3,Miguel Cabrera,cabremi01,2005,2006,2,10.96,5.48,5.2 / 5.8,Hitter,3B,FLA,NL,22,FALSE,0,10.96,0
5,Franchise (one-team runs only),FLA,4,Dontrelle Willis,willido03,2005,2005,1,8.3,8.3,8.3,Pitcher,P,FLA,NL,23,FALSE,0,1.01,7.29
5,Franchise (one-team runs only),FLA,5,Giancarlo Stanton,stantmi03,2017,2017,1,8.1,8.1,8.1,Hitter,OF,FLA,NL,27,FALSE,0,8.1,0
5,Franchise (one-team runs only),HOU,1,Jeff Bagwell,bagweje01,1996,2001,6,40.14,6.69,7.5 / 7.7 / 6.3 / 7.4 / 5.4 / 5.8,Hitter,1B,HOU,NL,28,FALSE,0,40.14,0
5,Franchise (one-team runs only),HOU,2,Craig Biggio,biggicr01,1995,1999,5,32.76,6.55,6.3 / 5.5 / 9.4 / 6.5 / 5.1,Hitter,2B,HOU,NL,29,TRUE,0,32.76,0
5,Franchise (one-team runs only),HOU,3,Cesar Cedeno,cedence01,1972,1974,3,21.14,7.05,8.0 / 7.4 / 5.8,Hitter,OF,HOU,NL,21,FALSE,0,21.14,0
5,Franchise (one-team runs only),HOU,4,Jose Altuve,altuvjo01,2016,2018,3,20.95,6.98,7.8 / 8.1 / 5.1,Hitter,2B,HOU,AL,26,FALSE,0,20.95,0
5,Franchise (one-team runs only),HOU,5,Roy Oswalt,oswalro01,2005,2007,3,18.51,6.17,5.9 / 6.0 / 6.6,Pitcher,P,HOU,NL,27,FALSE,0,0.13,18.38
5,Franchise (one-team runs only),IND,1,Henry Boyle,boylehe01,1889,1889,1,6.26,6.26,6.3,Pitcher,P,IND,NL,28,FALSE,0,0.41,5.85
5,Franchise (one-team runs only),KCR,1,George Brett,brettge01,1975,1980,6,44.36,7.39,5.8 / 7.5 / 7.6 / 5.4 / 8.6 / 9.4,Hitter,3B,KCR,AL,22,FALSE,0,44.36,0
5,Franchise (one-team runs only),KCR,2,Kevin Appier,appieke01,1992,1993,2,17.27,8.63,8.0 / 9.3,Pitcher,P,KCR,AL,24,FALSE,0,0,17.27
5,Franchise (one-team runs only),KCR,3,Zack Greinke,greinza01,2008,2009,2,15.72,7.86,5.3 / 10.4,Pitcher,P,KCR,AL,24,FALSE,0,0.08,15.64
5,Franchise (one-team runs only),KCR,4,Willie Wilson,wilsowi02,1979,1980,2,14.83,7.41,6.3 / 8.5,Hitter,OF,KCR,AL,23,FALSE,0,14.83,0
5,Franchise (one-team runs only),KCR,5,Mark Gubicza,gubicma01,1988,1989,2,14,7,7.7 / 6.3,Pitcher,P,KCR,AL,25,FALSE,0,0,14
5,Franchise (one-team runs only),LAD,1,Clayton Kershaw,kershcl01,2010,2017,8,54.9,6.86,5.2 / 7.4 / 6.8 / 8.6 / 8.2 / 7.3 / 6.1 / 5.3,Pitcher,P,LAD,NL,22,FALSE,0,2.23,52.67
5,Franchise (one-team runs only),LAD,2,Jackie Robinson,robinja02,1948,1953,6,46.98,7.83,5.3 / 9.3 / 7.4 / 9.6 / 8.4 / 6.9,Hitter,2B,LAD,NL,29,FALSE,0,46.98,0
5,Franchise (one-team runs only),LAD,3,Duke Snider,snidedu01,1953,1957,5,38.44,7.69,9.1 / 8.1 / 8.6 / 7.6 / 5.0,Hitter,OF,LAD,NL,26,FALSE,0,38.44,0
5,Franchise (one-team runs only),LAD,4,Nap Rucker,ruckena01,1908,1912,5,37.42,7.48,5.5 / 7.1 / 6.7 / 9.4 / 8.7,Pitcher,P,LAD,NL,23,FALSE,0,-0.27,37.69
5,Franchise (one-team runs only),LAD,5,Sandy Koufax,koufasa01,1963,1966,4,35.14,8.79,9.9 / 6.9 / 8.6 / 9.7,Pitcher,P,LAD,NL,27,FALSE,0,-1.16,36.3
5,Franchise (one-team runs only),LGR,1,Jim Devlin,devliji01,1876,1877,2,31.7,15.85,18.3 / 13.4,Pitcher,P,LGR,NL,27,FALSE,0,0.86,30.84
5,Franchise (one-team runs only),LOU,1,Guy Hecker,heckegu01,1884,1886,3,31.87,10.62,17.8 / 8.2 / 5.9,Two-way / mixed,P,LOU,Other (AA/UA/PL/FL),28,FALSE,0,5.75,26.12
5,Franchise (one-team runs only),LOU,2,Toad Ramsey,ramseto01,1886,1887,2,20.3,10.15,12.5 / 7.8,Pitcher,P,LOU,Other (AA/UA/PL/FL),21,FALSE,0,-0.63,20.93
5,Franchise (one-team runs only),LOU,3,Scott Stratton,stratsc01,1890,1890,1,10.8,10.8,10.8,Pitcher,P,LOU,Other (AA/UA/PL/FL),20,FALSE,0,1.67,9.13
5,Franchise (one-team runs only),LOU,4,Bert Cunningham,cunnibe01,1898,1898,1,7.25,7.25,7.2,Pitcher,P,LOU,NL,32,FALSE,0,0.08,7.17
5,Franchise (one-team runs only),LOU,5,Fred Clarke,clarkfr01,1897,1897,1,6.59,6.59,6.6,Hitter,OF,LOU,NL,24,FALSE,0,6.59,0
5,Franchise (one-team runs only),MIL,1,Ryan Braun,braunry02,2009,2012,4,26.5,6.62,6.2 / 5.7 / 7.7 / 6.9,Hitter,OF,MIL,NL,25,FALSE,0,26.5,0
5,Franchise (one-team runs only),MIL,2,Robin Yount,yountro01,1982,1984,3,23.71,7.9,10.5 / 7.2 / 5.9,Hitter,SS,MIL,AL,26,FALSE,0,23.71,0
5,Franchise (one-team runs only),MIL,3,Teddy Higuera,higuete01,1986,1988,3,23.08,7.69,9.4 / 6.3 / 7.4,Pitcher,P,MIL,AL,28,FALSE,0,0,23.08
5,Franchise (one-team runs only),MIL,4,Paul Molitor,molitpa01,1987,1989,3,16.91,5.64,6.0 / 5.2 / 5.7,Hitter,DH,MIL,AL,30,FALSE,0,16.91,0
5,Franchise (one-team runs only),MIL,5,Christian Yelich,yelicch01,2018,2019,2,14.45,7.22,7.3 / 7.1,Hitter,OF,MIL,NL,26,FALSE,0,14.45,0
5,Franchise (one-team runs only),MIN,1,Walter Johnson,johnswa01,1910,1919,10,120.26,12.03,11.0 / 9.0 / 15.4 / 16.6 / 13.1 / 12.8 / 11.2 / 8.4 / 11.8 / 11.0,Pitcher,P,MIN,AL,22,TRUE,0,8.85,111.41
5,Franchise (one-team runs only),MIN,2,Rod Carew,carewro01,1972,1977,6,44.22,7.37,5.4 / 7.0 / 7.5 / 7.8 / 6.8 / 9.7,Hitter,1B,MIN,AL,26,FALSE,0,44.22,0
5,Franchise (one-team runs only),MIN,3,Goose Goslin,gosligo01,1924,1928,5,32.4,6.48,6.5 / 6.4 / 6.9 / 5.1 / 7.5,Hitter,OF,MIN,AL,23,FALSE,0,32.4,0
5,Franchise (one-team runs only),MIN,4,Joe Cronin,cronijo01,1930,1933,4,28.81,7.2,8.5 / 6.8 / 6.3 / 7.1,Hitter,SS,MIN,AL,23,FALSE,0,28.81,0
5,Franchise (one-team runs only),MIN,5,Chuck Knoblauch,knoblch01,1995,1997,3,22.09,7.36,6.7 / 8.6 / 6.8,Hitter,2B,MIN,AL,26,TRUE,0,22.09,0
5,Franchise (one-team runs only),MLG,1,Sam Weaver,weavesa01,1878,1878,1,10.16,10.16,10.2,Pitcher,P,MLG,NL,22,FALSE,0,-0.24,10.4
5,Franchise (one-team runs only),NYM,1,Keith Hernandez,hernake01,1983,1986,4,22.46,5.62,5.6 / 6.3 / 5.0 / 5.5,Hitter,1B,NYM,NL,29,FALSE,0,22.46,0
5,Franchise (one-team runs only),NYM,2,Carlos Beltran,beltrca01,2006,2008,3,20.58,6.86,8.2 / 5.4 / 7.0,Hitter,OF,NYM,NL,29,FALSE,0,20.58,0
5,Franchise (one-team runs only),NYM,3,Francisco Lindor,lindofr01,2022,2024,3,18.37,6.12,5.4 / 6.1 / 6.8,Hitter,SS,NYM,NL,28,FALSE,0,18.37,0
5,Franchise (one-team runs only),NYM,4,Dwight Gooden,goodedw01,1984,1985,2,19.06,9.53,5.8 / 13.3,Pitcher,P,NYM,NL,19,FALSE,0,1.41,17.65
5,Franchise (one-team runs only),NYM,5,Jacob deGrom,degroja01,2018,2019,2,17.63,8.81,9.9 / 7.7,Pitcher,P,NYM,NL,30,FALSE,0,1.01,16.62
5,Franchise (one-team runs only),NYP,1,Dave Orr,orrda01,1886,1886,1,6.34,6.34,6.3,Hitter,1B,NYP,Other (AA/UA/PL/FL),26,FALSE,0,6.34,0
5,Franchise (one-team runs only),NYY,1,Lou Gehrig,gehrilo01,1926,1937,12,105.48,8.79,6.9 / 11.8 / 9.5 / 7.5 / 9.6 / 8.6 / 8.2 / 7.1 / 10.0 / 8.3 / 9.7 / 8.2,Hitter,1B,NYY,AL,23,FALSE,0,105.48,0
5,Franchise (one-team runs only),NYY,2,Mickey Mantle,mantlmi01,1952,1962,11,89.23,8.11,6.3 / 5.8 / 6.9 / 9.5 / 11.2 / 11.3 / 8.7 / 6.6 / 6.3 / 10.4 / 6.0,Hitter,OF,NYY,AL,20,FALSE,0,89.23,0
5,Franchise (one-team runs only),NYY,3,Babe Ruth,ruthba01,1926,1933,8,77.94,9.74,11.4 / 12.6 / 10.2 / 8.1 / 10.5 / 10.6 / 8.5 / 6.2,Hitter,OF,NYY,AL,31,FALSE,0,77.73,0.21
5,Franchise (one-team runs only),NYY,4,Joe DiMaggio,dimagjo01,1937,1942,6,45.02,7.5,8.4 / 5.6 / 8.2 / 7.1 / 9.3 / 6.4,Hitter,OF,NYY,AL,22,FALSE,0,45.02,0
5,Franchise (one-team runs only),NYY,5,Joe Gordon,gordojo01,1939,1943,5,31.55,6.31,6.2 / 6.0 / 5.2 / 7.7 / 6.5,Hitter,2B,NYY,AL,24,FALSE,0,31.55,0
5,Franchise (one-team runs only),OAK,1,Lefty Grove,grovele01,1926,1933,8,63.54,7.94,6.6 / 5.4 / 7.2 / 7.4 / 10.3 / 10.0 / 9.2 / 7.3,Pitcher,P,OAK,AL,26,FALSE,0,-2.76,66.3
5,Franchise (one-team runs only),OAK,2,Home Run Baker,bakerfr01,1909,1914,6,42.32,7.05,5.7 / 5.3 / 6.7 / 9.0 / 8.2 / 7.4,Hitter,3B,OAK,AL,23,FALSE,0,42.32,0
5,Franchise (one-team runs only),OAK,3,Rube Waddell,wadderu01,1902,1906,5,42.56,8.51,9.7 / 7.5 / 10.4 / 9.3 / 5.5,Pitcher,P,OAK,AL,25,FALSE,0,-1.15,43.71
5,Franchise (one-team runs only),OAK,4,Eddie Plank,planked01,1901,1905,5,34.49,6.9,5.1 / 5.8 / 7.0 / 9.3 / 7.4,Pitcher,P,OAK,AL,25,FALSE,0,1.42,33.07
5,Franchise (one-team runs only),OAK,5,Sal Bando,bandosa01,1969,1973,5,32.94,6.59,8.3 / 6.2 / 6.4 / 5.6 / 6.5,Hitter,3B,OAK,AL,25,FALSE,0,32.94,0
5,Franchise (one-team runs only),PBS,1,Ed Konetchy,koneted01,1915,1915,1,5.05,5.05,5.0,Hitter,1B,PBS,Other (AA/UA/PL/FL),29,FALSE,0,5.05,0
5,Franchise (one-team runs only),PHA,1,Ed Seward,sewared01,1887,1888,2,16.31,8.16,6.4 / 9.9,Pitcher,P,PHA,Other (AA/UA/PL/FL),20,FALSE,0,-0.75,17.06
5,Franchise (one-team runs only),PHA,2,Harry Stovey,stoveha01,1888,1889,2,10.8,5.4,5.4 / 5.4,Hitter,OF,PHA,Other (AA/UA/PL/FL),31,FALSE,0,10.8,0
5,Franchise (one-team runs only),PHA,3,Sam Weaver,weavesa01,1882,1882,1,6.6,6.6,6.6,Pitcher,P,PHA,Other (AA/UA/PL/FL),26,FALSE,0,0.07,6.53
5,Franchise (one-team runs only),PHA,4,Bobby Mathews,mathebo01,1885,1885,1,5.66,5.66,5.7,Pitcher,P,PHA,Other (AA/UA/PL/FL),33,FALSE,0,-0.72,6.38
5,Franchise (one-team runs only),PHA,5,Denny Lyons,lyonsde01,1889,1889,1,5.39,5.39,5.4,Hitter,3B,PHA,Other (AA/UA/PL/FL),23,FALSE,0,5.39,0
5,Franchise (one-team runs only),PHI,1,Mike Schmidt,schmimi01,1974,1987,14,103.52,7.39,9.7 / 7.7 / 8.0 / 8.8 / 6.2 / 7.9 / 8.9 / 7.7 / 7.4 / 6.9 / 7.0 / 5.0 / 6.2 / 6.1,Hitter,3B,PHI,NL,24,TRUE,0,103.52,0
5,Franchise (one-team runs only),PHI,2,Pete Alexander,alexape01,1911,1917,7,62.3,8.9,7.9 / 6.3 / 6.0 / 9.3 / 10.9 / 12.1 / 9.8,Pitcher,P,PHI,NL,24,FALSE,0,0.9,61.4
5,Franchise (one-team runs only),PHI,3,Ed Delahanty,delahed01,1893,1899,7,47.84,6.83,6.9 / 6.0 / 6.9 / 7.3 / 5.7 / 6.7 / 8.4,Hitter,OF,PHI,NL,25,FALSE,0,47.84,0
5,Franchise (one-team runs only),PHI,4,Bobby Abreu,abreubo01,1998,2004,7,41.62,5.95,6.4 / 6.1 / 6.2 / 5.2 / 5.8 / 5.4 / 6.6,Hitter,OF,PHI,NL,24,FALSE,0,41.62,0
5,Franchise (one-team runs only),PHI,5,Robin Roberts,roberro01,1950,1955,6,48.5,8.08,6.9 / 8.7 / 8.6 / 9.9 / 8.7 / 5.8,Pitcher,P,PHI,NL,23,FALSE,0,1.66,46.84
5,Franchise (one-team runs only),PIT,1,Roberto Clemente,clemero01,1963,1971,9,65.23,7.25,5.3 / 7.2 / 7.2 / 8.2 / 8.9 / 8.2 / 7.5 / 5.5 / 7.3,Hitter,OF,PIT,NL,28,FALSE,0,65.23,0
5,Franchise (one-team runs only),PIT,2,Arky Vaughan,vaughar01,1933,1940,8,58.67,7.33,6.6 / 7.3 / 9.7 / 7.9 / 5.7 / 8.8 / 5.7 / 6.8,Hitter,SS,PIT,NL,21,FALSE,0,58.67,0
5,Franchise (one-team runs only),PIT,3,Ralph Kiner,kinerra01,1947,1951,5,35.48,7.1,8.1 / 6.1 / 8.1 / 5.2 / 8.0,Hitter,OF,PIT,NL,24,FALSE,0,35.48,0
5,Franchise (one-team runs only),PIT,4,Andrew McCutchen,mccutan01,2011,2014,4,26.51,6.63,5.4 / 6.9 / 7.8 / 6.4,Hitter,OF,PIT,NL,24,FALSE,0,26.51,0
5,Franchise (one-team runs only),PIT,5,Paul Waner,wanerpa01,1926,1929,4,24.38,6.1,5.4 / 7.1 / 6.8 / 5.1,Hitter,OF,PIT,NL,23,FALSE,0,24.38,0
5,Franchise (one-team runs only),PRO,1,Old Hoss Radbourn,radboch01,1882,1885,4,50.14,12.54,7.9 / 14.3 / 19.4 / 8.5,Two-way / mixed,P,PRO,NL,27,FALSE,0,3.02,47.12
5,Franchise (one-team runs only),PRO,2,John Ward,wardjo01,1879,1880,2,16.8,8.4,9.2 / 7.6,Pitcher,P,PRO,NL,19,FALSE,0,2.82,13.98
5,Franchise (one-team runs only),PRO,3,Jack Farrell,farreja02,1883,1883,1,5.25,5.25,5.2,Hitter,2B,PRO,NL,25,FALSE,0,5.25,0
5,Franchise (one-team runs only),SBS,1,George Bradley,bradlge01,1876,1876,1,9.12,9.12,9.1,Pitcher,P,SBS,NL,23,FALSE,0,0.37,8.75
5,Franchise (one-team runs only),SDP,1,Tony Gwynn,gwynnto01,1984,1987,4,26.74,6.69,6.3 / 5.2 / 6.7 / 8.6,Hitter,OF,SDP,NL,24,FALSE,0,26.74,0
5,Franchise (one-team runs only),SDP,2,Ed Whitson,whitsed01,1989,1990,2,13.52,6.76,6.5 / 7.0,Pitcher,P,SDP,NL,34,FALSE,0,0.09,13.43
5,Franchise (one-team runs only),SDP,3,Manny Machado,machama01,2021,2022,2,11.81,5.9,5.0 / 6.8,Hitter,3B,SDP,NL,28,FALSE,0,11.81,0
5,Franchise (one-team runs only),SDP,4,Gene Tenace,tenacge01,1978,1979,2,11.16,5.58,5.2 / 6.0,Hitter,C,SDP,NL,31,FALSE,0,11.16,0
5,Franchise (one-team runs only),SDP,5,Dave Winfield,winfida01,1976,1977,2,10.44,5.22,5.1 / 5.3,Hitter,OF,SDP,NL,24,FALSE,0,10.44,0
5,Franchise (one-team runs only),SEA,1,Ken Griffey,griffke02,1990,1994,5,33.81,6.76,5.2 / 7.1 / 5.8 / 8.8 / 6.9,Hitter,OF,SEA,AL,20,TRUE,0,33.81,0
5,Franchise (one-team runs only),SEA,2,Edgar Martinez,martied01,1995,1998,4,25.36,6.34,7.0 / 6.5 / 6.2 / 5.6,Hitter,DH,SEA,AL,32,TRUE,0,25.36,0
5,Franchise (one-team runs only),SEA,3,Alex Rodriguez,rodrial01,1996,1998,3,23.57,7.86,9.4 / 5.6 / 8.5,Hitter,SS,SEA,AL,20,FALSE,0,23.57,0
5,Franchise (one-team runs only),SEA,4,Randy Johnson,johnsra05,1993,1995,3,20.66,6.89,6.6 / 5.4 / 8.6,Pitcher,P,SEA,AL,29,TRUE,0,-0.01,20.67
5,Franchise (one-team runs only),SEA,5,Kyle Seager,seageky01,2014,2016,3,18.53,6.18,6.3 / 5.4 / 6.8,Hitter,3B,SEA,AL,26,FALSE,0,18.53,0
5,Franchise (one-team runs only),SFG,1,Willie Mays,mayswi01,1954,1966,13,124.09,9.55,10.4 / 9.2 / 7.6 / 8.3 / 10.2 / 7.8 / 9.5 / 8.7 / 10.5 / 10.6 / 11.0 / 11.2 / 9.0,Hitter,OF,SFG,NL,23,FALSE,0,124.09,0
5,Franchise (one-team runs only),SFG,2,Mel Ott,ottme01,1929,1940,12,83.05,6.92,7.2 / 6.6 / 6.1 / 8.3 / 5.8 / 7.2 / 7.2 / 7.8 / 6.8 / 8.8 / 5.8 / 5.3,Hitter,3B,SFG,NL,20,FALSE,0,83.05,0
5,Franchise (one-team runs only),SFG,3,Christy Mathewson,mathech01,1907,1913,7,64.23,9.18,8.8 / 11.8 / 10.6 / 9.1 / 8.2 / 8.5 / 7.2,Pitcher,P,SFG,NL,26,FALSE,0,2.7,61.53
5,Franchise (one-team runs only),SFG,4,Amos Rusie,rusieam01,1890,1895,6,55.06,9.18,8.2 / 8.7 / 7.2 / 11.2 / 13.7 / 6.0,Pitcher,P,SFG,NL,19,FALSE,0,0.98,54.08
5,Franchise (one-team runs only),SFG,5,Willie McCovey,mccovwi01,1965,1970,6,38.37,6.39,5.8 / 5.9 / 5.0 / 7.0 / 8.1 / 6.6,Hitter,1B,SFG,NL,27,FALSE,0,38.37,0
5,Franchise (one-team runs only),SLI,1,Dave Davenport,davenda01,1915,1915,1,7.49,7.49,7.5,Pitcher,P,SLI,Other (AA/UA/PL/FL),25,FALSE,0,-1.22,8.71
5,Franchise (one-team runs only),SLI,2,Eddie Plank,planked01,1915,1915,1,7.22,7.22,7.2,Pitcher,P,SLI,Other (AA/UA/PL/FL),39,FALSE,0,0.64,6.58
5,Franchise (one-team runs only),SLI,3,Doc Crandall,cranddo01,1915,1915,1,5.49,5.49,5.5,Pitcher,P,SLI,Other (AA/UA/PL/FL),27,FALSE,0,1.98,3.51
5,Franchise (one-team runs only),SLM,1,Billy Taylor,taylobi01,1884,1884,1,11.48,11.48,11.5,Pitcher,P,SLM,Other (AA/UA/PL/FL),29,FALSE,0,2.75,8.73
5,Franchise (one-team runs only),SLM,2,Charlie Sweeney,sweench01,1884,1884,1,11.19,11.19,11.2,Two-way / mixed,Two-way,SLM,Other (AA/UA/PL/FL),21,FALSE,0,2.41,8.78
5,Franchise (one-team runs only),SLM,3,Fred Dunlap,dunlafr01,1884,1884,1,7.82,7.82,7.8,Hitter,2B,SLM,Other (AA/UA/PL/FL),25,FALSE,0,7.88,-0.06
5,Franchise (one-team runs only),STL,1,Stan Musial,musiast01,1946,1957,12,90.26,7.52,9.3 / 5.1 / 11.3 / 9.1 / 7.2 / 8.8 / 7.5 / 7.6 / 6.5 / 6.2 / 5.5 / 6.1,Hitter,OF,STL,NL,25,FALSE,0,90.26,0
5,Franchise (one-team runs only),STL,2,Albert Pujols,pujolal01,2001,2011,11,86.64,7.88,6.6 / 5.5 / 8.6 / 8.5 / 8.4 / 8.5 / 8.7 / 9.2 / 9.7 / 7.5 / 5.3,Hitter,1B,STL,NL,21,FALSE,0,86.64,0
5,Franchise (one-team runs only),STL,3,Rogers Hornsby,hornsro01,1917,1925,9,81.63,9.07,10.0 / 5.3 / 6.5 / 9.7 / 10.9 / 10.1 / 6.8 / 12.1 / 10.2,Hitter,2B,STL,NL,21,TRUE,0,81.63,0
5,Franchise (one-team runs only),STL,4,Ken Boyer,boyerke01,1958,1964,7,45.06,6.44,6.0 / 7.4 / 6.8 / 8.0 / 5.6 / 5.2 / 6.1,Hitter,3B,STL,NL,27,FALSE,0,45.06,0
5,Franchise (one-team runs only),STL,5,Bob Gibson,gibsobo01,1968,1972,5,46.04,9.21,11.9 / 11.3 / 10.1 / 5.0 / 7.8,Pitcher,P,STL,NL,32,FALSE,0,3.51,42.53
5,Franchise (one-team runs only),SYS,1,Cupid Childs,childcu01,1890,1890,1,6.36,6.36,6.4,Hitter,2B,SYS,Other (AA/UA/PL/FL),22,FALSE,0,6.36,0
5,Franchise (one-team runs only),TBD,1,Evan Longoria,longoev01,2009,2011,3,22.4,7.47,7.0 / 8.2 / 7.2,Hitter,3B,TBD,AL,23,FALSE,0,22.4,0
5,Franchise (one-team runs only),TBD,2,Ben Zobrist,zobribe01,2011,2013,3,18.57,6.19,7.6 / 5.8 / 5.2,Hitter,2B,TBD,AL,30,FALSE,0,18.57,0
5,Franchise (one-team runs only),TBD,3,Carlos Peña,penaca01,2007,2008,2,12.26,6.13,7.2 / 5.1,Hitter,1B,TBD,AL,29,FALSE,0,12.26,0
5,Franchise (one-team runs only),TBD,4,Kevin Kiermaier,kiermke01,2015,2016,2,12.2,6.1,6.8 / 5.3,Hitter,OF,TBD,AL,25,FALSE,0,12.2,0
5,Franchise (one-team runs only),TBD,5,Carl Crawford,crawfca02,2009,2010,2,11.99,5.99,5.0 / 7.0,Hitter,OF,TBD,AL,27,FALSE,0,11.99,0
5,Franchise (one-team runs only),TEX,1,Ivan Rodriguez,rodriiv01,1996,1999,4,25.5,6.38,6.1 / 6.5 / 6.4 / 6.4,Hitter,C,TEX,AL,24,FALSE,0,25.5,0
5,Franchise (one-team runs only),TEX,2,Buddy Bell,bellbu01,1979,1982,4,25.31,6.33,6.9 / 6.5 / 6.2 / 5.7,Hitter,3B,TEX,AL,27,TRUE,0,25.31,0
5,Franchise (one-team runs only),TEX,3,Julio Franco,francju01,1989,1991,3,18.32,6.11,5.3 / 6.8 / 6.2,Hitter,2B,TEX,AL,30,FALSE,0,18.32,0
5,Franchise (one-team runs only),TEX,4,Corey Seager,seageco01,2023,2024,2,12.4,6.2,7.2 / 5.2,Hitter,SS,TEX,AL,29,FALSE,0,12.4,0
5,Franchise (one-team runs only),TEX,5,Jim Sundberg,sundbji01,1977,1978,2,10.39,5.2,5.0 / 5.4,Hitter,C,TEX,AL,26,FALSE,0,10.39,0
5,Franchise (one-team runs only),TLM,1,Egyptian Healy,healyjo01,1890,1890,1,7.45,7.45,7.4,Pitcher,P,TLM,Other (AA/UA/PL/FL),23,FALSE,0,0.81,6.64
5,Franchise (one-team runs only),TLM,2,Perry Werden,werdepe01,1890,1890,1,5.15,5.15,5.2,Hitter,1B,TLM,Other (AA/UA/PL/FL),28,FALSE,0,5.15,0
5,Franchise (one-team runs only),TLM,3,Ed Swartwood,swarted01,1890,1890,1,5.08,5.08,5.1,Hitter,OF,TLM,Other (AA/UA/PL/FL),31,FALSE,0,4.98,0.1
5,Franchise (one-team runs only),TOR,1,Dave Stieb,stiebda01,1982,1985,4,29.27,7.32,7.6 / 7.0 / 7.9 / 6.8,Pitcher,P,TOR,AL,24,FALSE,0,0,29.27
5,Franchise (one-team runs only),TOR,2,Devon White,whitede03,1991,1993,3,18.8,6.27,6.3 / 6.2 / 6.3,Hitter,OF,TOR,AL,28,FALSE,0,18.8,0
5,Franchise (one-team runs only),TOR,3,Fred McGriff,mcgrifr01,1988,1990,3,18.04,6.01,6.2 / 6.6 / 5.2,Hitter,1B,TOR,AL,24,FALSE,0,18.04,0
5,Franchise (one-team runs only),TOR,4,Jose Bautista,bautijo02,2010,2011,2,15.23,7.62,7.0 / 8.3,Hitter,OF,TOR,AL,29,FALSE,0,15.23,0
5,Franchise (one-team runs only),TOR,5,Roy Halladay,hallaro01,2002,2003,2,15.19,7.59,7.1 / 8.0,Pitcher,P,TOR,AL,25,FALSE,0,-0.17,15.36
5,Franchise (one-team runs only),TRT,1,Mickey Welch,welchmi01,1880,1881,2,12.11,6.06,6.5 / 5.6,Pitcher,P,TRT,NL,20,FALSE,0,0.7,11.41
5,Franchise (one-team runs only),WAS,1,Bill Joyce,joycebi01,1894,1894,1,5.15,5.15,5.2,Hitter,3B,WAS,NL,26,FALSE,0,5.15,0
5,Franchise (one-team runs only),WAS,2,Win Mercer,mercewi01,1897,1897,1,5.05,5.05,5.1,Pitcher,P,WAS,NL,23,FALSE,0,0.86,4.19
5,Franchise (one-team runs only),WNL,1,Jim Whitney,whitnji01,1887,1887,1,8.38,8.38,8.4,Pitcher,P,WNL,NL,29,FALSE,0,0.84,7.54
5,Franchise (one-team runs only),WOR,1,Lee Richmond,richmle01,1880,1880,1,7.29,7.29,7.3,Pitcher,P,WOR,NL,23,FALSE,0,-0.89,8.18
5,Franchise (one-team runs only),WSN,1,Tim Raines,raineti01,1983,1987,5,32.34,6.47,6.0 / 6.5 / 7.6 / 5.5 / 6.8,Hitter,OF,WSN,NL,23,FALSE,0,32.34,0
5,Franchise (one-team runs only),WSN,2,Andre Dawson,dawsoan01,1980,1983,4,29.06,7.26,6.9 / 7.4 / 7.9 / 6.8,Hitter,OF,WSN,NL,25,TRUE,0,29.06,0
5,Franchise (one-team runs only),WSN,3,Gary Carter,cartega01,1977,1980,4,23.64,5.91,5.3 / 5.8 / 6.0 / 6.5,Hitter,C,WSN,NL,23,FALSE,0,23.64,0
5,Franchise (one-team runs only),WSN,4,Anthony Rendon,rendoan01,2017,2019,3,18.6,6.2,6.1 / 5.2 / 7.2,Hitter,3B,WSN,NL,27,FALSE,0,18.6,0
5,Franchise (one-team runs only),WSN,5,Rusty Staub,staubru01,1969,1971,3,18.52,6.17,6.2 / 6.3 / 6.0,Hitter,OF,WSN,NL,25,FALSE,0,18.52,0
5,Era cutoff 1901,1901+,1,Hank Aaron,aaronha01,1955,1971,17,130.57,7.68,6.2 / 7.2 / 8.0 / 7.3 / 8.6 / 8.0 / 9.4 / 8.6 / 9.1 / 6.8 / 7.9 / 7.8 / 8.5 / 6.8 / 8.0 / 5.0 / 7.2,Hitter,OF,ATL,NL,21,FALSE,0,130.57,0
5,Era cutoff 1901,1901+,2,Tris Speaker,speaktr01,1909,1923,15,115.24,7.68,6.3 / 7.6 / 6.2 / 10.1 / 8.8 / 9.9 / 7.1 / 8.9 / 7.9 / 5.8 / 5.4 / 8.7 / 6.6 / 6.9 / 9.1,Hitter,OF,BOS,AL,21,TRUE,0,115.31,-0.07
5,Era cutoff 1901,1901+,3,Mike Schmidt,schmimi01,1974,1987,14,103.52,7.39,9.7 / 7.7 / 8.0 / 8.8 / 6.2 / 7.9 / 8.9 / 7.7 / 7.4 / 6.9 / 7.0 / 5.0 / 6.2 / 6.1,Hitter,3B,PHI,NL,24,TRUE,0,103.52,0
5,Era cutoff 1901,1901+,4,Willie Mays,mayswi01,1954,1966,13,124.09,9.55,10.4 / 9.2 / 7.6 / 8.3 / 10.2 / 7.8 / 9.5 / 8.7 / 10.5 / 10.6 / 11.0 / 11.2 / 9.0,Hitter,OF,SFG,NL,23,FALSE,0,124.09,0
5,Era cutoff 1901,1901+,5,Ty Cobb,cobbty01,1907,1919,13,105.35,8.1,6.8 / 6.2 / 9.9 / 10.3 / 10.5 / 8.8 / 7.0 / 5.5 / 9.5 / 8.0 / 11.0 / 6.4 / 5.4,Hitter,OF,DET,AL,20,TRUE,0,105.36,-0.01
5,Era cutoff 1901,Pre-1901,1,Roger Connor,connoro01,1885,1892,8,52.61,6.58,8.2 / 7.1 / 6.2 / 7.5 / 5.6 / 6.0 / 5.7 / 6.3,Hitter,1B,SFG,Mixed,27,FALSE,0,52.61,0
5,Era cutoff 1901,Pre-1901,2,Dan Brouthers,broutda01,1882,1889,8,48.35,6.04,5.9 / 5.5 / 5.4 / 5.2 / 8.2 / 5.3 / 6.6 / 6.2,Hitter,1B,DTN,NL,24,FALSE,0,48.66,-0.31
5,Era cutoff 1901,Pre-1901,3,Tim Keefe,keefeti01,1882,1888,7,66.42,9.49,5.2 / 20.2 / 8.3 / 6.6 / 9.4 / 7.5 / 9.1,Pitcher,P,NYP,Mixed,25,FALSE,0,0.18,66.24
5,Era cutoff 1901,Pre-1901,4,Ed Delahanty,delahed01,1893,1899,7,47.84,6.83,6.9 / 6.0 / 6.9 / 7.3 / 5.7 / 6.7 / 8.4,Hitter,OF,PHI,NL,25,FALSE,0,47.84,0
5,Era cutoff 1901,Pre-1901,5,Jim McCormick,mccorji01,1879,1884,6,61.52,10.25,9.8 / 10.8 / 7.0 / 10.9 / 8.2 / 14.8,Pitcher,P,CBL,NL,22,FALSE,0,0.52,61
5,Era cutoff 1920,1920+,1,Hank Aaron,aaronha01,1955,1971,17,130.57,7.68,6.2 / 7.2 / 8.0 / 7.3 / 8.6 / 8.0 / 9.4 / 8.6 / 9.1 / 6.8 / 7.9 / 7.8 / 8.5 / 6.8 / 8.0 / 5.0 / 7.2,Hitter,OF,ATL,NL,21,FALSE,0,130.57,0
5,Era cutoff 1920,1920+,2,Mike Schmidt,schmimi01,1974,1987,14,103.52,7.39,9.7 / 7.7 / 8.0 / 8.8 / 6.2 / 7.9 / 8.9 / 7.7 / 7.4 / 6.9 / 7.0 / 5.0 / 6.2 / 6.1,Hitter,3B,PHI,NL,24,TRUE,0,103.52,0
5,Era cutoff 1920,1920+,3,Willie Mays,mayswi01,1954,1966,13,124.09,9.55,10.4 / 9.2 / 7.6 / 8.3 / 10.2 / 7.8 / 9.5 / 8.7 / 10.5 / 10.6 / 11.0 / 11.2 / 9.0,Hitter,OF,SFG,NL,23,FALSE,0,124.09,0
5,Era cutoff 1920,1920+,4,Lou Gehrig,gehrilo01,1926,1937,12,105.48,8.79,6.9 / 11.8 / 9.5 / 7.5 / 9.6 / 8.6 / 8.2 / 7.1 / 10.0 / 8.3 / 9.7 / 8.2,Hitter,1B,NYY,AL,23,FALSE,0,105.48,0
5,Era cutoff 1920,1920+,5,Barry Bonds,bondsba01,1987,1998,12,96.37,8.03,5.8 / 6.2 / 8.0 / 9.7 / 8.0 / 9.0 / 9.9 / 6.2 / 7.5 / 9.6 / 8.2 / 8.1,Hitter,OF,SFG,NL,22,TRUE,0,96.37,0
5,Era cutoff 1920,Pre-1920,1,Cy Young,youngcy01,1891,1905,15,137.28,9.15,6.1 / 13.0 / 10.6 / 8.5 / 11.6 / 10.5 / 6.8 / 7.6 / 8.2 / 7.1 / 12.4 / 10.1 / 8.1 / 9.6 / 7.1,Pitcher,P,CLV,Mixed,24,FALSE,0,-1.52,138.8
5,Era cutoff 1920,Pre-1920,2,Honus Wagner,wagneho01,1899,1912,14,112.9,8.06,6.0 / 6.8 / 7.2 / 7.3 / 7.6 / 8.3 / 10.2 / 9.3 / 9.0 / 11.5 / 9.2 / 5.4 / 6.8 / 8.4,Hitter,SS,PIT,NL,25,FALSE,0,112.91,-0.01
5,Era cutoff 1920,Pre-1920,3,Ty Cobb,cobbty01,1907,1919,13,105.35,8.1,6.8 / 6.2 / 9.9 / 10.3 / 10.5 / 8.8 / 7.0 / 5.5 / 9.5 / 8.0 / 11.0 / 6.4 / 5.4,Hitter,OF,DET,AL,20,TRUE,0,105.36,-0.01
5,Era cutoff 1920,Pre-1920,4,Kid Nichols,nichoki01,1890,1901,12,109.05,9.09,13.0 / 9.3 / 8.8 / 11.7 / 8.2 / 9.5 / 6.2 / 11.1 / 11.8 / 7.6 / 5.0 / 6.8,Pitcher,P,ATL,NL,20,FALSE,0,-0.56,109.61
5,Era cutoff 1920,Pre-1920,5,Walter Johnson,johnswa01,1910,1919,10,120.26,12.03,11.0 / 9.0 / 15.4 / 16.6 / 13.1 / 12.8 / 11.2 / 8.4 / 11.8 / 11.0,Pitcher,P,MIN,AL,22,TRUE,0,8.85,111.41
5,Era cutoff 1947 (PRIMARY),1947+,1,Hank Aaron,aaronha01,1955,1971,17,130.57,7.68,6.2 / 7.2 / 8.0 / 7.3 / 8.6 / 8.0 / 9.4 / 8.6 / 9.1 / 6.8 / 7.9 / 7.8 / 8.5 / 6.8 / 8.0 / 5.0 / 7.2,Hitter,OF,ATL,NL,21,FALSE,0,130.57,0
5,Era cutoff 1947 (PRIMARY),1947+,2,Mike Schmidt,schmimi01,1974,1987,14,103.52,7.39,9.7 / 7.7 / 8.0 / 8.8 / 6.2 / 7.9 / 8.9 / 7.7 / 7.4 / 6.9 / 7.0 / 5.0 / 6.2 / 6.1,Hitter,3B,PHI,NL,24,TRUE,0,103.52,0
5,Era cutoff 1947 (PRIMARY),1947+,3,Willie Mays,mayswi01,1954,1966,13,124.09,9.55,10.4 / 9.2 / 7.6 / 8.3 / 10.2 / 7.8 / 9.5 / 8.7 / 10.5 / 10.6 / 11.0 / 11.2 / 9.0,Hitter,OF,SFG,NL,23,FALSE,0,124.09,0
5,Era cutoff 1947 (PRIMARY),1947+,4,Barry Bonds,bondsba01,1987,1998,12,96.37,8.03,5.8 / 6.2 / 8.0 / 9.7 / 8.0 / 9.0 / 9.9 / 6.2 / 7.5 / 9.6 / 8.2 / 8.1,Hitter,OF,SFG,NL,22,TRUE,0,96.37,0
5,Era cutoff 1947 (PRIMARY),1947+,5,Mickey Mantle,mantlmi01,1952,1962,11,89.23,8.11,6.3 / 5.8 / 6.9 / 9.5 / 11.2 / 11.3 / 8.7 / 6.6 / 6.3 / 10.4 / 6.0,Hitter,OF,NYY,AL,20,FALSE,0,89.23,0
5,Era cutoff 1947 (PRIMARY),Pre-1947,1,Cy Young,youngcy01,1891,1905,15,137.28,9.15,6.1 / 13.0 / 10.6 / 8.5 / 11.6 / 10.5 / 6.8 / 7.6 / 8.2 / 7.1 / 12.4 / 10.1 / 8.1 / 9.6 / 7.1,Pitcher,P,CLV,Mixed,24,FALSE,0,-1.52,138.8
5,Era cutoff 1947 (PRIMARY),Pre-1947,2,Tris Speaker,speaktr01,1909,1923,15,115.24,7.68,6.3 / 7.6 / 6.2 / 10.1 / 8.8 / 9.9 / 7.1 / 8.9 / 7.9 / 5.8 / 5.4 / 8.7 / 6.6 / 6.9 / 9.1,Hitter,OF,BOS,AL,21,TRUE,0,115.31,-0.07
5,Era cutoff 1947 (PRIMARY),Pre-1947,3,Honus Wagner,wagneho01,1899,1912,14,112.9,8.06,6.0 / 6.8 / 7.2 / 7.3 / 7.6 / 8.3 / 10.2 / 9.3 / 9.0 / 11.5 / 9.2 / 5.4 / 6.8 / 8.4,Hitter,SS,PIT,NL,25,FALSE,0,112.91,-0.01
5,Era cutoff 1947 (PRIMARY),Pre-1947,4,Ty Cobb,cobbty01,1907,1919,13,105.35,8.1,6.8 / 6.2 / 9.9 / 10.3 / 10.5 / 8.8 / 7.0 / 5.5 / 9.5 / 8.0 / 11.0 / 6.4 / 5.4,Hitter,OF,DET,AL,20,TRUE,0,105.36,-0.01
5,Era cutoff 1947 (PRIMARY),Pre-1947,5,Kid Nichols,nichoki01,1890,1901,12,109.05,9.09,13.0 / 9.3 / 8.8 / 11.7 / 8.2 / 9.5 / 6.2 / 11.1 / 11.8 / 7.6 / 5.0 / 6.8,Pitcher,P,ATL,NL,20,FALSE,0,-0.56,109.61
5,Era cutoff 1969,1969+,1,Mike Schmidt,schmimi01,1974,1987,14,103.52,7.39,9.7 / 7.7 / 8.0 / 8.8 / 6.2 / 7.9 / 8.9 / 7.7 / 7.4 / 6.9 / 7.0 / 5.0 / 6.2 / 6.1,Hitter,3B,PHI,NL,24,TRUE,0,103.52,0
5,Era cutoff 1969,1969+,2,Barry Bonds,bondsba01,1987,1998,12,96.37,8.03,5.8 / 6.2 / 8.0 / 9.7 / 8.0 / 9.0 / 9.9 / 6.2 / 7.5 / 9.6 / 8.2 / 8.1,Hitter,OF,SFG,NL,22,TRUE,0,96.37,0
5,Era cutoff 1969,1969+,3,Albert Pujols,pujolal01,2001,2011,11,86.64,7.88,6.6 / 5.5 / 8.6 / 8.5 / 8.4 / 8.5 / 8.7 / 9.2 / 9.7 / 7.5 / 5.3,Hitter,1B,STL,NL,21,FALSE,0,86.64,0
5,Era cutoff 1969,1969+,4,Pedro Martinez,martipe02,1997,2005,9,68.75,7.64,8.8 / 7.1 / 9.8 / 11.7 / 5.1 / 6.4 / 8.0 / 5.4 / 6.5,Pitcher,P,BOS,Mixed,25,FALSE,0,-0.98,69.73
5,Era cutoff 1969,1969+,5,Mike Trout,troutmi01,2012,2019,8,71.67,8.96,10.5 / 8.9 / 7.7 / 9.5 / 10.4 / 6.9 / 9.9 / 7.8,Hitter,OF,ANA,AL,20,FALSE,0,71.67,0
5,Era cutoff 1969,Pre-1969,1,Cy Young,youngcy01,1891,1905,15,137.28,9.15,6.1 / 13.0 / 10.6 / 8.5 / 11.6 / 10.5 / 6.8 / 7.6 / 8.2 / 7.1 / 12.4 / 10.1 / 8.1 / 9.6 / 7.1,Pitcher,P,CLV,Mixed,24,FALSE,0,-1.52,138.8
5,Era cutoff 1969,Pre-1969,2,Tris Speaker,speaktr01,1909,1923,15,115.24,7.68,6.3 / 7.6 / 6.2 / 10.1 / 8.8 / 9.9 / 7.1 / 8.9 / 7.9 / 5.8 / 5.4 / 8.7 / 6.6 / 6.9 / 9.1,Hitter,OF,BOS,AL,21,TRUE,0,115.31,-0.07
5,Era cutoff 1969,Pre-1969,3,Honus Wagner,wagneho01,1899,1912,14,112.9,8.06,6.0 / 6.8 / 7.2 / 7.3 / 7.6 / 8.3 / 10.2 / 9.3 / 9.0 / 11.5 / 9.2 / 5.4 / 6.8 / 8.4,Hitter,SS,PIT,NL,25,FALSE,0,112.91,-0.01
5,Era cutoff 1969,Pre-1969,4,Willie Mays,mayswi01,1954,1966,13,124.09,9.55,10.4 / 9.2 / 7.6 / 8.3 / 10.2 / 7.8 / 9.5 / 8.7 / 10.5 / 10.6 / 11.0 / 11.2 / 9.0,Hitter,OF,SFG,NL,23,FALSE,0,124.09,0
5,Era cutoff 1969,Pre-1969,5,Ty Cobb,cobbty01,1907,1919,13,105.35,8.1,6.8 / 6.2 / 9.9 / 10.3 / 10.5 / 8.8 / 7.0 / 5.5 / 9.5 / 8.0 / 11.0 / 6.4 / 5.4,Hitter,OF,DET,AL,20,TRUE,0,105.36,-0.01
6,Overall,All,1,Cy Young,youngcy01,1891,1905,15,137.28,9.15,6.1 / 13.0 / 10.6 / 8.5 / 11.6 / 10.5 / 6.8 / 7.6 / 8.2 / 7.1 / 12.4 / 10.1 / 8.1 / 9.6 / 7.1,Pitcher,P,CLV,Mixed,24,FALSE,0,-1.52,138.8
6,Overall,All,2,Hank Aaron,aaronha01,1955,1969,15,118.31,7.89,6.2 / 7.2 / 8.0 / 7.3 / 8.6 / 8.0 / 9.4 / 8.6 / 9.1 / 6.8 / 7.9 / 7.8 / 8.5 / 6.8 / 8.0,Hitter,OF,ATL,NL,21,FALSE,0,118.31,0
6,Overall,All,3,Willie Mays,mayswi01,1954,1966,13,124.09,9.55,10.4 / 9.2 / 7.6 / 8.3 / 10.2 / 7.8 / 9.5 / 8.7 / 10.5 / 10.6 / 11.0 / 11.2 / 9.0,Hitter,OF,SFG,NL,23,FALSE,0,124.09,0
6,Overall,All,4,Lou Gehrig,gehrilo01,1926,1937,12,105.48,8.79,6.9 / 11.8 / 9.5 / 7.5 / 9.6 / 8.6 / 8.2 / 7.1 / 10.0 / 8.3 / 9.7 / 8.2,Hitter,1B,NYY,AL,23,FALSE,0,105.48,0
6,Overall,All,5,Honus Wagner,wagneho01,1899,1909,11,92.42,8.4,6.0 / 6.8 / 7.2 / 7.3 / 7.6 / 8.3 / 10.2 / 9.3 / 9.0 / 11.5 / 9.2,Hitter,SS,PIT,NL,25,FALSE,0,92.43,-0.01
6,Role,Hitter,1,Hank Aaron,aaronha01,1955,1969,15,118.31,7.89,6.2 / 7.2 / 8.0 / 7.3 / 8.6 / 8.0 / 9.4 / 8.6 / 9.1 / 6.8 / 7.9 / 7.8 / 8.5 / 6.8 / 8.0,Hitter,OF,ATL,NL,21,FALSE,0,118.31,0
6,Role,Hitter,2,Willie Mays,mayswi01,1954,1966,13,124.09,9.55,10.4 / 9.2 / 7.6 / 8.3 / 10.2 / 7.8 / 9.5 / 8.7 / 10.5 / 10.6 / 11.0 / 11.2 / 9.0,Hitter,OF,SFG,NL,23,FALSE,0,124.09,0
6,Role,Hitter,3,Lou Gehrig,gehrilo01,1926,1937,12,105.48,8.79,6.9 / 11.8 / 9.5 / 7.5 / 9.6 / 8.6 / 8.2 / 7.1 / 10.0 / 8.3 / 9.7 / 8.2,Hitter,1B,NYY,AL,23,FALSE,0,105.48,0
6,Role,Hitter,4,Honus Wagner,wagneho01,1899,1909,11,92.42,8.4,6.0 / 6.8 / 7.2 / 7.3 / 7.6 / 8.3 / 10.2 / 9.3 / 9.0 / 11.5 / 9.2,Hitter,SS,PIT,NL,25,FALSE,0,92.43,-0.01
6,Role,Hitter,5,Barry Bonds,bondsba01,1988,1998,11,90.58,8.23,6.2 / 8.0 / 9.7 / 8.0 / 9.0 / 9.9 / 6.2 / 7.5 / 9.6 / 8.2 / 8.1,Hitter,OF,SFG,NL,23,TRUE,0,90.58,0
6,Role,Pitcher,1,Cy Young,youngcy01,1891,1905,15,137.28,9.15,6.1 / 13.0 / 10.6 / 8.5 / 11.6 / 10.5 / 6.8 / 7.6 / 8.2 / 7.1 / 12.4 / 10.1 / 8.1 / 9.6 / 7.1,Pitcher,P,CLV,Mixed,24,FALSE,0,-1.52,138.8
6,Role,Pitcher,2,Walter Johnson,johnswa01,1910,1919,10,120.26,12.03,11.0 / 9.0 / 15.4 / 16.6 / 13.1 / 12.8 / 11.2 / 8.4 / 11.8 / 11.0,Pitcher,P,MIN,AL,22,TRUE,0,8.85,111.41
6,Role,Pitcher,3,Kid Nichols,nichoki01,1890,1899,10,97.28,9.73,13.0 / 9.3 / 8.8 / 11.7 / 8.2 / 9.5 / 6.2 / 11.1 / 11.8 / 7.6,Pitcher,P,ATL,NL,20,FALSE,0,-1.52,98.8
6,Role,Pitcher,4,Christy Mathewson,mathech01,1907,1913,7,64.23,9.18,8.8 / 11.8 / 10.6 / 9.1 / 8.2 / 8.5 / 7.2,Pitcher,P,SFG,NL,26,FALSE,0,2.7,61.53
6,Role,Pitcher,5,Jim McCormick,mccorji01,1879,1884,6,61.52,10.25,9.8 / 10.8 / 7.0 / 10.9 / 8.2 / 14.8,Pitcher,P,CBL,NL,22,FALSE,0,0.52,61
6,Role,Two-way / mixed,1,Babe Ruth,ruthba01,1916,1924,9,92.22,10.25,10.4 / 8.6 / 7.0 / 10.0 / 11.8 / 12.6 / 6.4 / 14.1 / 11.3,Two-way / mixed,OF,NYY,AL,21,TRUE,0,74.18,18.04
6,Role,Two-way / mixed,2,Bob Caruthers,carutbo01,1885,1889,5,47.26,9.45,10.0 / 11.6 / 10.7 / 6.6 / 8.4,Two-way / mixed,Two-way,STL,Other (AA/UA/PL/FL),21,FALSE,0,11.24,36.02
6,Role,Two-way / mixed,3,Old Hoss Radbourn,radboch01,1882,1885,4,50.14,12.54,7.9 / 14.3 / 19.4 / 8.5,Two-way / mixed,P,PRO,NL,27,FALSE,0,3.02,47.12
6,Role,Two-way / mixed,4,Jim Whitney,whitnji01,1881,1884,4,38.85,9.71,8.6 / 8.4 / 13.4 / 8.4,Two-way / mixed,Two-way,ATL,NL,23,FALSE,0,6.63,32.22
6,Role,Two-way / mixed,5,Shohei Ohtani,ohtansh01,2021,2024,4,37.56,9.39,9.0 / 9.6 / 9.9 / 9.0,Two-way / mixed,Two-way,ANA,Mixed,26,FALSE,0,23.44,14.12
6,Position,1B,1,Lou Gehrig,gehrilo01,1926,1937,12,105.48,8.79,6.9 / 11.8 / 9.5 / 7.5 / 9.6 / 8.6 / 8.2 / 7.1 / 10.0 / 8.3 / 9.7 / 8.2,Hitter,1B,NYY,AL,23,FALSE,0,105.48,0
6,Position,1B,2,Albert Pujols,pujolal01,2003,2010,8,69.25,8.66,8.6 / 8.5 / 8.4 / 8.5 / 8.7 / 9.2 / 9.7 / 7.5,Hitter,1B,STL,NL,23,FALSE,0,69.25,0
6,Position,1B,3,Rod Carew,carewro01,1973,1977,5,38.78,7.76,7.0 / 7.5 / 7.8 / 6.8 / 9.7,Hitter,1B,MIN,AL,27,FALSE,0,38.78,0
6,Position,1B,4,Todd Helton,heltoto01,2000,2004,5,37.5,7.5,8.9 / 7.8 / 6.3 / 6.2 / 8.3,Hitter,1B,COL,NL,26,FALSE,0,37.5,0
6,Position,1B,5,Jimmie Foxx,foxxji01,1932,1935,4,35.59,8.9,10.3 / 9.0 / 8.3 / 8.0,Hitter,1B,OAK,AL,24,FALSE,0,35.59,0
6,Position,2B,1,Eddie Collins,collied01,1909,1916,8,69.42,8.68,9.7 / 9.8 / 6.7 / 8.8 / 9.4 / 8.9 / 9.1 / 7.0,Hitter,2B,OAK,AL,22,FALSE,0,69.42,0
6,Position,2B,2,Rogers Hornsby,hornsro01,1919,1925,7,66.26,9.47,6.5 / 9.7 / 10.9 / 10.1 / 6.8 / 12.1 / 10.2,Hitter,2B,STL,NL,23,TRUE,0,66.26,0
6,Position,2B,3,Joe Morgan,morgajo02,1972,1976,5,47.79,9.56,9.3 / 9.3 / 8.6 / 11.0 / 9.6,Hitter,2B,CIN,NL,28,FALSE,0,47.79,0
6,Position,2B,4,Nap Lajoie,lajoina01,1906,1910,5,42.32,8.46,10.0 / 7.6 / 7.9 / 6.5 / 10.3,Hitter,2B,CLE,AL,31,FALSE,0,42.32,0
6,Position,2B,5,Jackie Robinson,robinja02,1949,1953,5,41.65,8.33,9.3 / 7.4 / 9.6 / 8.4 / 6.9,Hitter,2B,LAD,NL,30,FALSE,0,41.65,0
6,Position,3B,1,Mike Schmidt,schmimi01,1974,1984,11,86.23,7.84,9.7 / 7.7 / 8.0 / 8.8 / 6.2 / 7.9 / 8.9 / 7.7 / 7.4 / 6.9 / 7.0,Hitter,3B,PHI,NL,24,TRUE,0,86.23,0
6,Position,3B,2,Wade Boggs,boggswa01,1983,1989,7,56.27,8.04,7.8 / 6.3 / 9.1 / 8.1 / 8.3 / 8.3 / 8.4,Hitter,3B,BOS,AL,25,FALSE,0,56.27,0
6,Position,3B,3,Ron Santo,santoro01,1963,1968,6,48.32,8.05,6.7 / 8.9 / 7.7 / 8.9 / 9.8 / 6.4,Hitter,3B,CHC,NL,23,FALSE,0,48.32,0
6,Position,3B,4,Mel Ott,ottme01,1934,1938,5,37.91,7.58,7.2 / 7.2 / 7.8 / 6.8 / 8.8,Hitter,3B,SFG,NL,25,FALSE,0,37.91,0
6,Position,3B,5,Eddie Mathews,matheed01,1957,1961,5,36.59,7.32,7.4 / 6.5 / 8.2 / 7.3 / 7.3,Hitter,3B,ATL,NL,25,FALSE,0,36.59,0
6,Position,C,1,Gary Carter,cartega01,1982,1985,4,30.08,7.52,8.6 / 7.1 / 7.4 / 6.9,Hitter,C,WSN,NL,28,FALSE,0,30.08,0
6,Position,C,2,Ivan Rodriguez,rodriiv01,1996,1999,4,25.5,6.38,6.1 / 6.5 / 6.4 / 6.4,Hitter,C,TEX,AL,24,FALSE,0,25.5,0
6,Position,C,3,Mike Piazza,piazzmi01,1997,1998,2,14.94,7.47,8.7 / 6.3,Hitter,C,LAD,NL,28,FALSE,0,14.94,0
6,Position,C,4,Johnny Bench,benchjo01,1974,1975,2,14.47,7.23,7.8 / 6.6,Hitter,C,CIN,NL,26,FALSE,0,14.47,0
6,Position,C,5,Yadier Molina,molinya01,2012,2013,2,13.36,6.68,7.2 / 6.2,Hitter,C,STL,NL,29,FALSE,0,13.36,0
6,Position,DH,1,Frank Thomas,thomafr04,1991,1994,4,26.51,6.63,7.0 / 7.0 / 6.2 / 6.3,Hitter,DH,CHW,AL,23,TRUE,0,26.51,0
6,Position,DH,2,Edgar Martinez,martied01,1995,1997,3,19.79,6.6,7.0 / 6.5 / 6.2,Hitter,DH,SEA,AL,32,TRUE,0,19.79,0
6,Position,DH,3,Yordan Alvarez,alvaryo01,2022,2022,1,6.84,6.84,6.8,Hitter,DH,HOU,AL,25,FALSE,0,6.84,0
6,Position,DH,4,J. D. Martinez,martijd02,2018,2018,1,6.67,6.67,6.7,Hitter,DH,BOS,AL,30,FALSE,0,6.67,0
6,Position,DH,5,David Ortiz,ortizda01,2007,2007,1,6.37,6.37,6.4,Hitter,DH,BOS,AL,31,FALSE,0,6.37,0
6,Position,OF,1,Hank Aaron,aaronha01,1955,1969,15,118.31,7.89,6.2 / 7.2 / 8.0 / 7.3 / 8.6 / 8.0 / 9.4 / 8.6 / 9.1 / 6.8 / 7.9 / 7.8 / 8.5 / 6.8 / 8.0,Hitter,OF,ATL,NL,21,FALSE,0,118.31,0
6,Position,OF,2,Willie Mays,mayswi01,1954,1966,13,124.09,9.55,10.4 / 9.2 / 7.6 / 8.3 / 10.2 / 7.8 / 9.5 / 8.7 / 10.5 / 10.6 / 11.0 / 11.2 / 9.0,Hitter,OF,SFG,NL,23,FALSE,0,124.09,0
6,Position,OF,3,Barry Bonds,bondsba01,1988,1998,11,90.58,8.23,6.2 / 8.0 / 9.7 / 8.0 / 9.0 / 9.9 / 6.2 / 7.5 / 9.6 / 8.2 / 8.1,Hitter,OF,SFG,NL,23,TRUE,0,90.58,0
6,Position,OF,4,Babe Ruth,ruthba01,1916,1924,9,92.22,10.25,10.4 / 8.6 / 7.0 / 10.0 / 11.8 / 12.6 / 6.4 / 14.1 / 11.3,Two-way / mixed,OF,NYY,AL,21,TRUE,0,74.18,18.04
6,Position,OF,5,Tris Speaker,speaktr01,1909,1917,9,72.78,8.09,6.3 / 7.6 / 6.2 / 10.1 / 8.8 / 9.9 / 7.1 / 8.9 / 7.9,Hitter,OF,BOS,AL,21,FALSE,0,72.85,-0.07
6,Position,P,1,Cy Young,youngcy01,1891,1905,15,137.28,9.15,6.1 / 13.0 / 10.6 / 8.5 / 11.6 / 10.5 / 6.8 / 7.6 / 8.2 / 7.1 / 12.4 / 10.1 / 8.1 / 9.6 / 7.1,Pitcher,P,CLV,Mixed,24,FALSE,0,-1.52,138.8
6,Position,P,2,Walter Johnson,johnswa01,1910,1919,10,120.26,12.03,11.0 / 9.0 / 15.4 / 16.6 / 13.1 / 12.8 / 11.2 / 8.4 / 11.8 / 11.0,Pitcher,P,MIN,AL,22,TRUE,0,8.85,111.41
6,Position,P,3,Kid Nichols,nichoki01,1890,1899,10,97.28,9.73,13.0 / 9.3 / 8.8 / 11.7 / 8.2 / 9.5 / 6.2 / 11.1 / 11.8 / 7.6,Pitcher,P,ATL,NL,20,FALSE,0,-1.52,98.8
6,Position,P,4,Christy Mathewson,mathech01,1907,1913,7,64.23,9.18,8.8 / 11.8 / 10.6 / 9.1 / 8.2 / 8.5 / 7.2,Pitcher,P,SFG,NL,26,FALSE,0,2.7,61.53
6,Position,P,5,Jim McCormick,mccorji01,1879,1884,6,61.52,10.25,9.8 / 10.8 / 7.0 / 10.9 / 8.2 / 14.8,Pitcher,P,CBL,NL,22,FALSE,0,0.52,61
6,Position,SS,1,Honus Wagner,wagneho01,1899,1909,11,92.42,8.4,6.0 / 6.8 / 7.2 / 7.3 / 7.6 / 8.3 / 10.2 / 9.3 / 9.0 / 11.5 / 9.2,Hitter,SS,PIT,NL,25,FALSE,0,92.43,-0.01
6,Position,SS,2,Alex Rodriguez,rodrial01,2000,2005,6,52.84,8.81,10.4 / 8.3 / 8.8 / 8.4 / 7.6 / 9.4,Hitter,SS,SEA,AL,24,FALSE,0,52.84,0
6,Position,SS,3,Ernie Banks,bankser01,1957,1960,4,34.11,8.53,6.7 / 9.3 / 10.2 / 7.9,Hitter,SS,CHC,NL,26,FALSE,0,34.11,0
6,Position,SS,4,Arky Vaughan,vaughar01,1933,1936,4,31.59,7.9,6.6 / 7.3 / 9.7 / 7.9,Hitter,SS,PIT,NL,21,FALSE,0,31.59,0
6,Position,SS,5,Hughie Jennings,jennihu01,1895,1898,4,31.06,7.77,7.5 / 8.3 / 7.3 / 7.9,Hitter,SS,BLO,NL,26,FALSE,0,31.06,0
6,Position,Two-way,1,Bob Caruthers,carutbo01,1885,1889,5,47.26,9.45,10.0 / 11.6 / 10.7 / 6.6 / 8.4,Two-way / mixed,Two-way,STL,Other (AA/UA/PL/FL),21,FALSE,0,11.24,36.02
6,Position,Two-way,2,Jim Whitney,whitnji01,1881,1884,4,38.85,9.71,8.6 / 8.4 / 13.4 / 8.4,Two-way / mixed,Two-way,ATL,NL,23,FALSE,0,6.63,32.22
6,Position,Two-way,3,Shohei Ohtani,ohtansh01,2021,2024,4,37.56,9.39,9.0 / 9.6 / 9.9 / 9.0,Two-way / mixed,Two-way,ANA,Mixed,26,FALSE,0,23.44,14.12
6,Position,Two-way,4,Tony Mullane,mullato01,1882,1884,3,25.84,8.61,6.2 / 6.4 / 13.2,Two-way / mixed,Two-way,TOL,Other (AA/UA/PL/FL),23,FALSE,0,2.61,23.23
6,Position,Two-way,5,Charlie Sweeney,sweench01,1884,1884,1,11.19,11.19,11.2,Two-way / mixed,Two-way,SLM,Other (AA/UA/PL/FL),21,FALSE,0,2.41,8.78
6,Decade (start year),1870s,1,Jim McCormick,mccorji01,1879,1884,6,61.52,10.25,9.8 / 10.8 / 7.0 / 10.9 / 8.2 / 14.8,Pitcher,P,CBL,NL,22,FALSE,0,0.52,61
6,Decade (start year),1870s,2,Tommy Bond,bondto01,1876,1879,4,49.64,12.41,10.4 / 11.5 / 13.4 / 14.3,Pitcher,P,ATL,NL,20,FALSE,0,-0.72,50.36
6,Decade (start year),1870s,3,Jim Devlin,devliji01,1876,1877,2,31.7,15.85,18.3 / 13.4,Pitcher,P,LGR,NL,27,FALSE,0,0.86,30.84
6,Decade (start year),1870s,4,John Ward,wardjo01,1879,1880,2,16.8,8.4,9.2 / 7.6,Pitcher,P,PRO,NL,19,FALSE,0,2.82,13.98
6,Decade (start year),1870s,5,Al Spalding,spaldal01,1876,1876,1,10.16,10.16,10.2,Pitcher,P,CHC,NL,25,FALSE,0,0.79,9.37
6,Decade (start year),1880s,1,Tim Keefe,keefeti01,1883,1888,6,61.2,10.2,20.2 / 8.3 / 6.6 / 9.4 / 7.5 / 9.1,Pitcher,P,NYP,Mixed,26,FALSE,0,-0.51,61.71
6,Decade (start year),1880s,2,Bob Caruthers,carutbo01,1885,1889,5,47.26,9.45,10.0 / 11.6 / 10.7 / 6.6 / 8.4,Two-way / mixed,Two-way,STL,Other (AA/UA/PL/FL),21,FALSE,0,11.24,36.02
6,Decade (start year),1880s,3,Old Hoss Radbourn,radboch01,1882,1885,4,50.14,12.54,7.9 / 14.3 / 19.4 / 8.5,Two-way / mixed,P,PRO,NL,27,FALSE,0,3.02,47.12
6,Decade (start year),1880s,4,Jim Whitney,whitnji01,1881,1884,4,38.85,9.71,8.6 / 8.4 / 13.4 / 8.4,Two-way / mixed,Two-way,ATL,NL,23,FALSE,0,6.63,32.22
6,Decade (start year),1880s,5,Roger Connor,connoro01,1885,1888,4,29,7.25,8.2 / 7.1 / 6.2 / 7.5,Hitter,1B,SFG,NL,27,FALSE,0,29,0
6,Decade (start year),1890s,1,Cy Young,youngcy01,1891,1905,15,137.28,9.15,6.1 / 13.0 / 10.6 / 8.5 / 11.6 / 10.5 / 6.8 / 7.6 / 8.2 / 7.1 / 12.4 / 10.1 / 8.1 / 9.6 / 7.1,Pitcher,P,CLV,Mixed,24,FALSE,0,-1.52,138.8
6,Decade (start year),1890s,2,Honus Wagner,wagneho01,1899,1909,11,92.42,8.4,6.0 / 6.8 / 7.2 / 7.3 / 7.6 / 8.3 / 10.2 / 9.3 / 9.0 / 11.5 / 9.2,Hitter,SS,PIT,NL,25,FALSE,0,92.43,-0.01
6,Decade (start year),1890s,3,Kid Nichols,nichoki01,1890,1899,10,97.28,9.73,13.0 / 9.3 / 8.8 / 11.7 / 8.2 / 9.5 / 6.2 / 11.1 / 11.8 / 7.6,Pitcher,P,ATL,NL,20,FALSE,0,-1.52,98.8
6,Decade (start year),1890s,4,Amos Rusie,rusieam01,1890,1895,6,55.06,9.18,8.2 / 8.7 / 7.2 / 11.2 / 13.7 / 6.0,Pitcher,P,SFG,NL,19,FALSE,0,0.98,54.08
6,Decade (start year),1890s,5,Hughie Jennings,jennihu01,1895,1898,4,31.06,7.77,7.5 / 8.3 / 7.3 / 7.9,Hitter,SS,BLO,NL,26,FALSE,0,31.06,0
6,Decade (start year),1900s,1,Tris Speaker,speaktr01,1909,1917,9,72.78,8.09,6.3 / 7.6 / 6.2 / 10.1 / 8.8 / 9.9 / 7.1 / 8.9 / 7.9,Hitter,OF,BOS,AL,21,FALSE,0,72.85,-0.07
6,Decade (start year),1900s,2,Eddie Collins,collied01,1909,1916,8,69.42,8.68,9.7 / 9.8 / 6.7 / 8.8 / 9.4 / 8.9 / 9.1 / 7.0,Hitter,2B,OAK,AL,22,FALSE,0,69.42,0
6,Decade (start year),1900s,3,Christy Mathewson,mathech01,1907,1913,7,64.23,9.18,8.8 / 11.8 / 10.6 / 9.1 / 8.2 / 8.5 / 7.2,Pitcher,P,SFG,NL,26,FALSE,0,2.7,61.53
6,Decade (start year),1900s,4,Ty Cobb,cobbty01,1907,1913,7,59.54,8.51,6.8 / 6.2 / 9.9 / 10.3 / 10.5 / 8.8 / 7.0,Hitter,OF,DET,AL,20,FALSE,0,59.54,0
6,Decade (start year),1900s,5,Ed Walsh,walshed01,1907,1912,6,59.41,9.9,7.6 / 10.7 / 6.8 / 11.8 / 9.7 / 12.8,Pitcher,P,CHW,AL,26,FALSE,0,2.11,57.3
6,Decade (start year),1910s,1,Walter Johnson,johnswa01,1910,1919,10,120.26,12.03,11.0 / 9.0 / 15.4 / 16.6 / 13.1 / 12.8 / 11.2 / 8.4 / 11.8 / 11.0,Pitcher,P,MIN,AL,22,TRUE,0,8.85,111.41
6,Decade (start year),1910s,2,Babe Ruth,ruthba01,1916,1924,9,92.22,10.25,10.4 / 8.6 / 7.0 / 10.0 / 11.8 / 12.6 / 6.4 / 14.1 / 11.3,Two-way / mixed,OF,NYY,AL,21,TRUE,0,74.18,18.04
6,Decade (start year),1910s,3,Rogers Hornsby,hornsro01,1919,1925,7,66.26,9.47,6.5 / 9.7 / 10.9 / 10.1 / 6.8 / 12.1 / 10.2,Hitter,2B,STL,NL,23,TRUE,0,66.26,0
6,Decade (start year),1910s,4,Stan Coveleski,covelst01,1917,1921,5,40.16,8.03,7.9 / 9.5 / 7.4 / 8.9 / 6.5,Pitcher,P,CLE,AL,27,TRUE,0,-1.23,41.39
6,Decade (start year),1910s,5,Pete Alexander,alexape01,1914,1917,4,42.1,10.52,9.3 / 10.9 / 12.1 / 9.8,Pitcher,P,PHI,NL,27,FALSE,0,1.98,40.12
6,Decade (start year),1920s,1,Lou Gehrig,gehrilo01,1926,1937,12,105.48,8.79,6.9 / 11.8 / 9.5 / 7.5 / 9.6 / 8.6 / 8.2 / 7.1 / 10.0 / 8.3 / 9.7 / 8.2,Hitter,1B,NYY,AL,23,FALSE,0,105.48,0
6,Decade (start year),1920s,2,Babe Ruth,ruthba01,1926,1933,8,77.94,9.74,11.4 / 12.6 / 10.2 / 8.1 / 10.5 / 10.6 / 8.5 / 6.2,Hitter,OF,NYY,AL,31,FALSE,0,77.73,0.21
6,Decade (start year),1920s,3,Lefty Grove,grovele01,1928,1933,6,51.55,8.59,7.2 / 7.4 / 10.3 / 10.0 / 9.2 / 7.3,Pitcher,P,OAK,AL,28,FALSE,0,-1.51,53.06
6,Decade (start year),1920s,4,Tris Speaker,speaktr01,1920,1923,4,31.31,7.83,8.7 / 6.6 / 6.9 / 9.1,Hitter,OF,CLE,AL,32,FALSE,0,31.31,0
6,Decade (start year),1920s,5,Wes Ferrell,ferrewe01,1929,1932,4,31.14,7.78,6.6 / 9.4 / 8.0 / 7.2,Pitcher,P,CLE,AL,21,FALSE,0,3.78,27.36
6,Decade (start year),1930s,1,Charlie Gehringer,gehrich01,1933,1937,5,40.43,8.09,7.2 / 8.9 / 8.6 / 7.9 / 7.8,Hitter,2B,DET,AL,30,FALSE,0,40.43,0
6,Decade (start year),1930s,2,Mel Ott,ottme01,1934,1938,5,37.91,7.58,7.2 / 7.2 / 7.8 / 6.8 / 8.8,Hitter,3B,SFG,NL,25,FALSE,0,37.91,0
6,Decade (start year),1930s,3,Jimmie Foxx,foxxji01,1932,1935,4,35.59,8.9,10.3 / 9.0 / 8.3 / 8.0,Hitter,1B,OAK,AL,24,FALSE,0,35.59,0
6,Decade (start year),1930s,4,Ted Williams,willite01,1939,1942,4,34.03,8.51,6.6 / 6.6 / 10.4 / 10.4,Hitter,OF,BOS,AL,20,FALSE,0,34,0.03
6,Decade (start year),1930s,5,Arky Vaughan,vaughar01,1933,1936,4,31.59,7.9,6.6 / 7.3 / 9.7 / 7.9,Hitter,SS,PIT,NL,21,FALSE,0,31.59,0
6,Decade (start year),1940s,1,Stan Musial,musiast01,1948,1955,8,64.23,8.03,11.3 / 9.1 / 7.2 / 8.8 / 7.5 / 7.6 / 6.5 / 6.2,Hitter,OF,STL,NL,27,FALSE,0,64.23,0
6,Decade (start year),1940s,2,Hal Newhouser,newhoha01,1944,1948,5,43.09,8.62,8.4 / 12.2 / 9.6 / 6.3 / 6.7,Pitcher,P,DET,AL,23,FALSE,0,2.08,41.01
6,Decade (start year),1940s,3,Jackie Robinson,robinja02,1949,1953,5,41.65,8.33,9.3 / 7.4 / 9.6 / 8.4 / 6.9,Hitter,2B,LAD,NL,30,FALSE,0,41.65,0
6,Decade (start year),1940s,4,Ted Williams,willite01,1946,1949,4,37.42,9.36,10.6 / 9.5 / 8.3 / 9.0,Hitter,OF,BOS,AL,27,FALSE,0,37.42,0
6,Decade (start year),1940s,5,Ralph Kiner,kinerra01,1947,1949,3,22.31,7.44,8.1 / 6.1 / 8.1,Hitter,OF,PIT,NL,24,FALSE,0,22.31,0
6,Decade (start year),1950s,1,Hank Aaron,aaronha01,1955,1969,15,118.31,7.89,6.2 / 7.2 / 8.0 / 7.3 / 8.6 / 8.0 / 9.4 / 8.6 / 9.1 / 6.8 / 7.9 / 7.8 / 8.5 / 6.8 / 8.0,Hitter,OF,ATL,NL,21,FALSE,0,118.31,0
6,Decade (start year),1950s,2,Willie Mays,mayswi01,1954,1966,13,124.09,9.55,10.4 / 9.2 / 7.6 / 8.3 / 10.2 / 7.8 / 9.5 / 8.7 / 10.5 / 10.6 / 11.0 / 11.2 / 9.0,Hitter,OF,SFG,NL,23,FALSE,0,124.09,0
6,Decade (start year),1950s,3,Mickey Mantle,mantlmi01,1954,1961,8,71.11,8.89,6.9 / 9.5 / 11.2 / 11.3 / 8.7 / 6.6 / 6.3 / 10.4,Hitter,OF,NYY,AL,22,FALSE,0,71.11,0
6,Decade (start year),1950s,4,Robin Roberts,roberro01,1950,1954,5,42.74,8.55,6.9 / 8.7 / 8.6 / 9.9 / 8.7,Pitcher,P,PHI,NL,23,FALSE,0,0.17,42.57
6,Decade (start year),1950s,5,Eddie Mathews,matheed01,1957,1961,5,36.59,7.32,7.4 / 6.5 / 8.2 / 7.3 / 7.3,Hitter,3B,ATL,NL,25,FALSE,0,36.59,0
6,Decade (start year),1960s,1,Ron Santo,santoro01,1963,1968,6,48.32,8.05,6.7 / 8.9 / 7.7 / 8.9 / 9.8 / 6.4,Hitter,3B,CHC,NL,23,FALSE,0,48.32,0
6,Decade (start year),1960s,2,Roberto Clemente,clemero01,1964,1969,6,47.19,7.86,7.2 / 7.2 / 8.2 / 8.9 / 8.2 / 7.5,Hitter,OF,PIT,NL,29,FALSE,0,47.19,0
6,Decade (start year),1960s,3,Tom Seaver,seaveto01,1967,1971,5,38.17,7.63,6.7 / 7.0 / 7.2 / 6.4 / 10.9,Pitcher,P,NYM,NL,22,FALSE,0,2.19,35.98
6,Decade (start year),1960s,4,Sandy Koufax,koufasa01,1963,1966,4,35.14,8.79,9.9 / 6.9 / 8.6 / 9.7,Pitcher,P,LAD,NL,27,FALSE,0,-1.16,36.3
6,Decade (start year),1960s,5,Juan Marichal,maricju01,1963,1966,4,34.44,8.61,8.1 / 6.1 / 10.5 / 9.8,Pitcher,P,SFG,NL,25,FALSE,0,0.96,33.48
6,Decade (start year),1970s,1,Mike Schmidt,schmimi01,1974,1984,11,86.23,7.84,9.7 / 7.7 / 8.0 / 8.8 / 6.2 / 7.9 / 8.9 / 7.7 / 7.4 / 6.9 / 7.0,Hitter,3B,PHI,NL,24,TRUE,0,86.23,0
6,Decade (start year),1970s,2,Phil Niekro,niekrph01,1974,1979,6,48.05,8.01,8.0 / 6.6 / 6.9 / 8.5 / 10.4 / 7.7,Pitcher,P,ATL,NL,35,FALSE,0,0.52,47.53
6,Decade (start year),1970s,3,Joe Morgan,morgajo02,1972,1976,5,47.79,9.56,9.3 / 9.3 / 8.6 / 11.0 / 9.6,Hitter,2B,CIN,NL,28,FALSE,0,47.79,0
6,Decade (start year),1970s,4,Rod Carew,carewro01,1973,1977,5,38.78,7.76,7.0 / 7.5 / 7.8 / 6.8 / 9.7,Hitter,1B,MIN,AL,27,FALSE,0,38.78,0
6,Decade (start year),1970s,5,Bert Blyleven,blylebe01,1973,1976,4,30.14,7.54,9.7 / 7.8 / 6.0 / 6.5,Pitcher,P,MIN,AL,22,FALSE,0,0,30.14
6,Decade (start year),1980s,1,Barry Bonds,bondsba01,1988,1998,11,90.58,8.23,6.2 / 8.0 / 9.7 / 8.0 / 9.0 / 9.9 / 6.2 / 7.5 / 9.6 / 8.2 / 8.1,Hitter,OF,SFG,NL,23,TRUE,0,90.58,0
6,Decade (start year),1980s,2,Wade Boggs,boggswa01,1983,1989,7,56.27,8.04,7.8 / 6.3 / 9.1 / 8.1 / 8.3 / 8.3 / 8.4,Hitter,3B,BOS,AL,25,FALSE,0,56.27,0
6,Decade (start year),1980s,3,Rickey Henderson,henderi01,1980,1986,7,51.28,7.33,8.8 / 6.7 / 6.7 / 6.9 / 6.0 / 9.9 / 6.3,Hitter,OF,NYY,AL,21,TRUE,0,51.28,0
6,Decade (start year),1980s,4,Gary Carter,cartega01,1982,1985,4,30.08,7.52,8.6 / 7.1 / 7.4 / 6.9,Hitter,C,WSN,NL,28,FALSE,0,30.08,0
6,Decade (start year),1980s,5,Dave Stieb,stiebda01,1982,1985,4,29.27,7.32,7.6 / 7.0 / 7.9 / 6.8,Pitcher,P,TOR,AL,24,FALSE,0,0,29.27
6,Decade (start year),1990s,1,Greg Maddux,maddugr01,1994,1998,5,40.29,8.06,8.7 / 9.6 / 7.2 / 7.7 / 7.1,Pitcher,P,ATL,NL,28,TRUE,0,0.53,39.76
6,Decade (start year),1990s,2,Pedro Martinez,martipe02,1997,2000,4,37.36,9.34,8.8 / 7.1 / 9.8 / 11.7,Pitcher,P,BOS,Mixed,25,FALSE,0,-0.38,37.74
6,Decade (start year),1990s,3,Randy Johnson,johnsra05,1999,2002,4,36.7,9.18,8.6 / 8.1 / 9.5 / 10.5,Pitcher,P,ARI,NL,35,FALSE,0,-1.39,38.09
6,Decade (start year),1990s,4,Jeff Bagwell,bagweje01,1996,1999,4,28.92,7.23,7.5 / 7.7 / 6.3 / 7.4,Hitter,1B,HOU,NL,28,FALSE,0,28.92,0
6,Decade (start year),1990s,5,Nomar Garciaparra,garcino01,1997,2000,4,27.67,6.92,6.6 / 7.1 / 6.6 / 7.4,Hitter,SS,BOS,AL,23,FALSE,0,27.67,0
6,Decade (start year),2000s,1,Albert Pujols,pujolal01,2003,2010,8,69.25,8.66,8.6 / 8.5 / 8.4 / 8.5 / 8.7 / 9.2 / 9.7 / 7.5,Hitter,1B,STL,NL,23,FALSE,0,69.25,0
6,Decade (start year),2000s,2,Alex Rodriguez,rodrial01,2000,2005,6,52.84,8.81,10.4 / 8.3 / 8.8 / 8.4 / 7.6 / 9.4,Hitter,SS,SEA,AL,24,FALSE,0,52.84,0
6,Decade (start year),2000s,3,Barry Bonds,bondsba01,2000,2004,5,51.12,10.22,7.7 / 11.9 / 11.7 / 9.2 / 10.6,Hitter,OF,SFG,NL,35,FALSE,0,51.12,0
6,Decade (start year),2000s,4,Chase Utley,utleych01,2005,2009,5,39.66,7.93,7.3 / 7.3 / 7.8 / 9.0 / 8.2,Hitter,2B,PHI,NL,26,FALSE,0,39.66,0
6,Decade (start year),2000s,5,Todd Helton,heltoto01,2000,2004,5,37.5,7.5,8.9 / 7.8 / 6.3 / 6.2 / 8.3,Hitter,1B,COL,NL,26,FALSE,0,37.5,0
6,Decade (start year),2010s,1,Mike Trout,troutmi01,2012,2019,8,71.67,8.96,10.5 / 8.9 / 7.7 / 9.5 / 10.4 / 6.9 / 9.9 / 7.8,Hitter,OF,ANA,AL,20,FALSE,0,71.67,0
6,Decade (start year),2010s,2,Clayton Kershaw,kershcl01,2011,2016,6,44.39,7.4,7.4 / 6.8 / 8.6 / 8.2 / 7.3 / 6.1,Pitcher,P,LAD,NL,23,FALSE,0,2.29,42.1
6,Decade (start year),2010s,3,Mookie Betts,bettsmo01,2015,2019,5,40.26,8.05,6.0 / 9.8 / 6.5 / 10.7 / 7.2,Hitter,OF,BOS,AL,22,FALSE,0,40.26,0
6,Decade (start year),2010s,4,Max Scherzer,scherma01,2015,2018,4,29.97,7.49,7.4 / 6.4 / 7.5 / 8.7,Pitcher,P,WSN,NL,30,FALSE,0,1.66,28.31
6,Decade (start year),2010s,5,Josh Donaldson,donaljo02,2013,2016,4,28.87,7.22,7.2 / 6.9 / 7.4 / 7.3,Hitter,3B,TOR,AL,27,FALSE,0,28.87,0
6,Decade (start year),2020s,1,Shohei Ohtani,ohtansh01,2021,2024,4,37.56,9.39,9.0 / 9.6 / 9.9 / 9.0,Two-way / mixed,Two-way,ANA,Mixed,26,FALSE,0,23.44,14.12
6,Decade (start year),2020s,2,Austin Riley,rileyau01,2021,2023,3,18.76,6.25,6.3 / 6.4 / 6.0,Hitter,3B,ATL,NL,24,FALSE,0,18.76,0
6,Decade (start year),2020s,3,Mookie Betts,bettsmo01,2022,2023,2,15.29,7.64,6.7 / 8.6,Hitter,OF,LAD,NL,29,FALSE,0,15.29,0
6,Decade (start year),2020s,4,Gunnar Henderson,hendegu01,2023,2024,2,14.86,7.43,6.1 / 8.8,Hitter,SS,BAL,AL,22,FALSE,0,14.86,0
6,Decade (start year),2020s,5,Freddie Freeman,freemfr01,2022,2023,2,13.02,6.51,6.2 / 6.8,Hitter,1B,LAD,NL,32,FALSE,0,13.02,0
6,Age at start,25-27,1,Honus Wagner,wagneho01,1899,1909,11,92.42,8.4,6.0 / 6.8 / 7.2 / 7.3 / 7.6 / 8.3 / 10.2 / 9.3 / 9.0 / 11.5 / 9.2,Hitter,SS,PIT,NL,25,FALSE,0,92.43,-0.01
6,Age at start,25-27,2,Stan Musial,musiast01,1948,1955,8,64.23,8.03,11.3 / 9.1 / 7.2 / 8.8 / 7.5 / 7.6 / 6.5 / 6.2,Hitter,OF,STL,NL,27,FALSE,0,64.23,0
6,Age at start,25-27,3,Christy Mathewson,mathech01,1907,1913,7,64.23,9.18,8.8 / 11.8 / 10.6 / 9.1 / 8.2 / 8.5 / 7.2,Pitcher,P,SFG,NL,26,FALSE,0,2.7,61.53
6,Age at start,25-27,4,Wade Boggs,boggswa01,1983,1989,7,56.27,8.04,7.8 / 6.3 / 9.1 / 8.1 / 8.3 / 8.3 / 8.4,Hitter,3B,BOS,AL,25,FALSE,0,56.27,0
6,Age at start,25-27,5,Tim Keefe,keefeti01,1883,1888,6,61.2,10.2,20.2 / 8.3 / 6.6 / 9.4 / 7.5 / 9.1,Pitcher,P,NYP,Mixed,26,FALSE,0,-0.51,61.71
6,Age at start,28-30,1,Lefty Grove,grovele01,1928,1933,6,51.55,8.59,7.2 / 7.4 / 10.3 / 10.0 / 9.2 / 7.3,Pitcher,P,OAK,AL,28,FALSE,0,-1.51,53.06
6,Age at start,28-30,2,Roberto Clemente,clemero01,1964,1969,6,47.19,7.86,7.2 / 7.2 / 8.2 / 8.9 / 8.2 / 7.5,Hitter,OF,PIT,NL,29,FALSE,0,47.19,0
6,Age at start,28-30,3,Joe Morgan,morgajo02,1972,1976,5,47.79,9.56,9.3 / 9.3 / 8.6 / 11.0 / 9.6,Hitter,2B,CIN,NL,28,FALSE,0,47.79,0
6,Age at start,28-30,4,Jackie Robinson,robinja02,1949,1953,5,41.65,8.33,9.3 / 7.4 / 9.6 / 8.4 / 6.9,Hitter,2B,LAD,NL,30,FALSE,0,41.65,0
6,Age at start,28-30,5,Charlie Gehringer,gehrich01,1933,1937,5,40.43,8.09,7.2 / 8.9 / 8.6 / 7.9 / 7.8,Hitter,2B,DET,AL,30,FALSE,0,40.43,0
6,Age at start,31+,1,Babe Ruth,ruthba01,1926,1933,8,77.94,9.74,11.4 / 12.6 / 10.2 / 8.1 / 10.5 / 10.6 / 8.5 / 6.2,Hitter,OF,NYY,AL,31,FALSE,0,77.73,0.21
6,Age at start,31+,2,Phil Niekro,niekrph01,1974,1979,6,48.05,8.01,8.0 / 6.6 / 6.9 / 8.5 / 10.4 / 7.7,Pitcher,P,ATL,NL,35,FALSE,0,0.52,47.53
6,Age at start,31+,3,Barry Bonds,bondsba01,2000,2004,5,51.12,10.22,7.7 / 11.9 / 11.7 / 9.2 / 10.6,Hitter,OF,SFG,NL,35,FALSE,0,51.12,0
6,Age at start,31+,4,Nap Lajoie,lajoina01,1906,1910,5,42.32,8.46,10.0 / 7.6 / 7.9 / 6.5 / 10.3,Hitter,2B,CLE,AL,31,FALSE,0,42.32,0
6,Age at start,31+,5,Randy Johnson,johnsra05,1999,2002,4,36.7,9.18,8.6 / 8.1 / 9.5 / 10.5,Pitcher,P,ARI,NL,35,FALSE,0,-1.39,38.09
6,Age at start,<=24,1,Cy Young,youngcy01,1891,1905,15,137.28,9.15,6.1 / 13.0 / 10.6 / 8.5 / 11.6 / 10.5 / 6.8 / 7.6 / 8.2 / 7.1 / 12.4 / 10.1 / 8.1 / 9.6 / 7.1,Pitcher,P,CLV,Mixed,24,FALSE,0,-1.52,138.8
6,Age at start,<=24,2,Hank Aaron,aaronha01,1955,1969,15,118.31,7.89,6.2 / 7.2 / 8.0 / 7.3 / 8.6 / 8.0 / 9.4 / 8.6 / 9.1 / 6.8 / 7.9 / 7.8 / 8.5 / 6.8 / 8.0,Hitter,OF,ATL,NL,21,FALSE,0,118.31,0
6,Age at start,<=24,3,Willie Mays,mayswi01,1954,1966,13,124.09,9.55,10.4 / 9.2 / 7.6 / 8.3 / 10.2 / 7.8 / 9.5 / 8.7 / 10.5 / 10.6 / 11.0 / 11.2 / 9.0,Hitter,OF,SFG,NL,23,FALSE,0,124.09,0
6,Age at start,<=24,4,Lou Gehrig,gehrilo01,1926,1937,12,105.48,8.79,6.9 / 11.8 / 9.5 / 7.5 / 9.6 / 8.6 / 8.2 / 7.1 / 10.0 / 8.3 / 9.7 / 8.2,Hitter,1B,NYY,AL,23,FALSE,0,105.48,0
6,Age at start,<=24,5,Barry Bonds,bondsba01,1988,1998,11,90.58,8.23,6.2 / 8.0 / 9.7 / 8.0 / 9.0 / 9.9 / 6.2 / 7.5 / 9.6 / 8.2 / 8.1,Hitter,OF,SFG,NL,23,TRUE,0,90.58,0
6,League,AL,1,Lou Gehrig,gehrilo01,1926,1937,12,105.48,8.79,6.9 / 11.8 / 9.5 / 7.5 / 9.6 / 8.6 / 8.2 / 7.1 / 10.0 / 8.3 / 9.7 / 8.2,Hitter,1B,NYY,AL,23,FALSE,0,105.48,0
6,League,AL,2,Walter Johnson,johnswa01,1910,1919,10,120.26,12.03,11.0 / 9.0 / 15.4 / 16.6 / 13.1 / 12.8 / 11.2 / 8.4 / 11.8 / 11.0,Pitcher,P,MIN,AL,22,TRUE,0,8.85,111.41
6,League,AL,3,Babe Ruth,ruthba01,1916,1924,9,92.22,10.25,10.4 / 8.6 / 7.0 / 10.0 / 11.8 / 12.6 / 6.4 / 14.1 / 11.3,Two-way / mixed,OF,NYY,AL,21,TRUE,0,74.18,18.04
6,League,AL,4,Tris Speaker,speaktr01,1909,1917,9,72.78,8.09,6.3 / 7.6 / 6.2 / 10.1 / 8.8 / 9.9 / 7.1 / 8.9 / 7.9,Hitter,OF,BOS,AL,21,FALSE,0,72.85,-0.07
6,League,AL,5,Mike Trout,troutmi01,2012,2019,8,71.67,8.96,10.5 / 8.9 / 7.7 / 9.5 / 10.4 / 6.9 / 9.9 / 7.8,Hitter,OF,ANA,AL,20,FALSE,0,71.67,0
6,League,Mixed,1,Cy Young,youngcy01,1891,1905,15,137.28,9.15,6.1 / 13.0 / 10.6 / 8.5 / 11.6 / 10.5 / 6.8 / 7.6 / 8.2 / 7.1 / 12.4 / 10.1 / 8.1 / 9.6 / 7.1,Pitcher,P,CLV,Mixed,24,FALSE,0,-1.52,138.8
6,League,Mixed,2,Tim Keefe,keefeti01,1883,1888,6,61.2,10.2,20.2 / 8.3 / 6.6 / 9.4 / 7.5 / 9.1,Pitcher,P,NYP,Mixed,26,FALSE,0,-0.51,61.71
6,League,Mixed,3,Joe McGinnity,mcginjo01,1901,1904,4,37.62,9.41,7.6 / 8.8 / 11.9 / 9.3,Pitcher,P,SFG,Mixed,30,FALSE,0,-1.18,38.8
6,League,Mixed,4,Shohei Ohtani,ohtansh01,2021,2024,4,37.56,9.39,9.0 / 9.6 / 9.9 / 9.0,Two-way / mixed,Two-way,ANA,Mixed,26,FALSE,0,23.44,14.12
6,League,Mixed,5,Pedro Martinez,martipe02,1997,2000,4,37.36,9.34,8.8 / 7.1 / 9.8 / 11.7,Pitcher,P,BOS,Mixed,25,FALSE,0,-0.38,37.74
6,League,NL,1,Hank Aaron,aaronha01,1955,1969,15,118.31,7.89,6.2 / 7.2 / 8.0 / 7.3 / 8.6 / 8.0 / 9.4 / 8.6 / 9.1 / 6.8 / 7.9 / 7.8 / 8.5 / 6.8 / 8.0,Hitter,OF,ATL,NL,21,FALSE,0,118.31,0
6,League,NL,2,Willie Mays,mayswi01,1954,1966,13,124.09,9.55,10.4 / 9.2 / 7.6 / 8.3 / 10.2 / 7.8 / 9.5 / 8.7 / 10.5 / 10.6 / 11.0 / 11.2 / 9.0,Hitter,OF,SFG,NL,23,FALSE,0,124.09,0
6,League,NL,3,Honus Wagner,wagneho01,1899,1909,11,92.42,8.4,6.0 / 6.8 / 7.2 / 7.3 / 7.6 / 8.3 / 10.2 / 9.3 / 9.0 / 11.5 / 9.2,Hitter,SS,PIT,NL,25,FALSE,0,92.43,-0.01
6,League,NL,4,Barry Bonds,bondsba01,1988,1998,11,90.58,8.23,6.2 / 8.0 / 9.7 / 8.0 / 9.0 / 9.9 / 6.2 / 7.5 / 9.6 / 8.2 / 8.1,Hitter,OF,SFG,NL,23,TRUE,0,90.58,0
6,League,NL,5,Mike Schmidt,schmimi01,1974,1984,11,86.23,7.84,9.7 / 7.7 / 8.0 / 8.8 / 6.2 / 7.9 / 8.9 / 7.7 / 7.4 / 6.9 / 7.0,Hitter,3B,PHI,NL,24,TRUE,0,86.23,0
6,League,Other (AA/UA/PL/FL),1,Bob Caruthers,carutbo01,1885,1889,5,47.26,9.45,10.0 / 11.6 / 10.7 / 6.6 / 8.4,Two-way / mixed,Two-way,STL,Other (AA/UA/PL/FL),21,FALSE,0,11.24,36.02
6,League,Other (AA/UA/PL/FL),2,Ed Morris,morried01,1884,1886,3,31.59,10.53,8.5 / 12.7 / 10.4,Pitcher,P,PIT,Other (AA/UA/PL/FL),21,FALSE,0,-1.29,32.88
6,League,Other (AA/UA/PL/FL),3,Tony Mullane,mullato01,1882,1884,3,25.84,8.61,6.2 / 6.4 / 13.2,Two-way / mixed,Two-way,TOL,Other (AA/UA/PL/FL),23,FALSE,0,2.61,23.23
6,League,Other (AA/UA/PL/FL),4,Guy Hecker,heckegu01,1884,1885,2,25.97,12.98,17.8 / 8.2,Pitcher,P,LOU,Other (AA/UA/PL/FL),28,FALSE,0,3.1,22.87
6,League,Other (AA/UA/PL/FL),5,Will White,whitewi01,1882,1883,2,20.55,10.28,11.3 / 9.2,Pitcher,P,CIN,Other (AA/UA/PL/FL),27,FALSE,0,0.47,20.08
6,Franchise (one-team runs only),ANA,1,Mike Trout,troutmi01,2012,2019,8,71.67,8.96,10.5 / 8.9 / 7.7 / 9.5 / 10.4 / 6.9 / 9.9 / 7.8,Hitter,OF,ANA,AL,20,FALSE,0,71.67,0
6,Franchise (one-team runs only),ANA,2,Frank Tanana,tananfr01,1975,1977,3,23.14,7.71,7.3 / 7.5 / 8.3,Pitcher,P,ANA,AL,21,FALSE,0,0.01,23.13
6,Franchise (one-team runs only),ANA,3,Nolan Ryan,ryanno01,1972,1973,2,14.07,7.04,6.3 / 7.7,Pitcher,P,ANA,AL,25,FALSE,0,0.16,13.91
6,Franchise (one-team runs only),ANA,4,Dean Chance,chancde01,1964,1964,1,8.66,8.66,8.7,Pitcher,P,ANA,AL,23,FALSE,0,-0.7,9.36
6,Franchise (one-team runs only),ANA,5,Mark Langston,langsma01,1993,1993,1,8.52,8.52,8.5,Pitcher,P,ANA,AL,32,FALSE,0,0,8.52
6,Franchise (one-team runs only),ARI,1,Randy Johnson,johnsra05,1999,2002,4,36.7,9.18,8.6 / 8.1 / 9.5 / 10.5,Pitcher,P,ARI,NL,35,FALSE,0,-1.39,38.09
6,Franchise (one-team runs only),ARI,2,Curt Schilling,schilcu01,2001,2002,2,16.99,8.49,8.5 / 8.5,Pitcher,P,ARI,NL,34,FALSE,0,-0.39,17.38
6,Franchise (one-team runs only),ARI,3,Dan Haren,harenda01,2008,2009,2,13.51,6.75,6.5 / 7.0,Pitcher,P,ARI,NL,27,FALSE,0,0.94,12.57
6,Franchise (one-team runs only),ARI,4,Paul Goldschmidt,goldspa01,2015,2015,1,8.33,8.33,8.3,Hitter,1B,ARI,NL,27,FALSE,0,8.33,0
6,Franchise (one-team runs only),ARI,5,Luis Gonzalez,gonzalu01,2001,2001,1,7.94,7.94,7.9,Hitter,OF,ARI,NL,33,FALSE,0,7.94,0
6,Franchise (one-team runs only),ATL,1,Hank Aaron,aaronha01,1955,1969,15,118.31,7.89,6.2 / 7.2 / 8.0 / 7.3 / 8.6 / 8.0 / 9.4 / 8.6 / 9.1 / 6.8 / 7.9 / 7.8 / 8.5 / 6.8 / 8.0,Hitter,OF,ATL,NL,21,FALSE,0,118.31,0
6,Franchise (one-team runs only),ATL,2,Kid Nichols,nichoki01,1890,1899,10,97.28,9.73,13.0 / 9.3 / 8.8 / 11.7 / 8.2 / 9.5 / 6.2 / 11.1 / 11.8 / 7.6,Pitcher,P,ATL,NL,20,FALSE,0,-1.52,98.8
6,Franchise (one-team runs only),ATL,3,Phil Niekro,niekrph01,1974,1979,6,48.05,8.01,8.0 / 6.6 / 6.9 / 8.5 / 10.4 / 7.7,Pitcher,P,ATL,NL,35,FALSE,0,0.52,47.53
6,Franchise (one-team runs only),ATL,4,Greg Maddux,maddugr01,1994,1998,5,40.29,8.06,8.7 / 9.6 / 7.2 / 7.7 / 7.1,Pitcher,P,ATL,NL,28,TRUE,0,0.53,39.76
6,Franchise (one-team runs only),ATL,5,Eddie Mathews,matheed01,1957,1961,5,36.59,7.32,7.4 / 6.5 / 8.2 / 7.3 / 7.3,Hitter,3B,ATL,NL,25,FALSE,0,36.59,0
6,Franchise (one-team runs only),BAL,1,Urban Shocker,shockur01,1920,1923,4,29.32,7.33,6.8 / 8.6 / 7.3 / 6.5,Pitcher,P,BAL,AL,29,FALSE,0,1.44,27.88
6,Franchise (one-team runs only),BAL,2,Bobby Grich,grichbo01,1973,1976,4,29.01,7.25,8.3 / 7.3 / 7.3 / 6.1,Hitter,2B,BAL,AL,24,FALSE,0,29.01,0
6,Franchise (one-team runs only),BAL,3,George Sisler,sislege01,1917,1920,4,28.77,7.19,6.0 / 6.6 / 6.2 / 9.8,Hitter,1B,BAL,AL,24,TRUE,0,28.94,-0.17
6,Franchise (one-team runs only),BAL,4,Jim Palmer,palmeji01,1975,1978,4,28.68,7.17,8.4 / 6.5 / 7.3 / 6.4,Pitcher,P,BAL,AL,29,FALSE,0,0,28.68
6,Franchise (one-team runs only),BAL,5,Cal Ripken,ripkeca01,1989,1991,3,25.69,8.56,6.6 / 7.5 / 11.5,Hitter,SS,BAL,AL,28,FALSE,0,25.69,0
6,Franchise (one-team runs only),BFL,1,Russ Ford,fordru01,1914,1914,1,6.82,6.82,6.8,Pitcher,P,BFL,Other (AA/UA/PL/FL),31,FALSE,0,-0.26,7.08
6,Franchise (one-team runs only),BLO,1,Hughie Jennings,jennihu01,1895,1898,4,31.06,7.77,7.5 / 8.3 / 7.3 / 7.9,Hitter,SS,BLO,NL,26,FALSE,0,31.06,0
6,Franchise (one-team runs only),BLO,2,Matt Kilroy,kilroma01,1886,1887,2,18.3,9.15,6.2 / 12.1,Pitcher,P,BLO,Other (AA/UA/PL/FL),20,FALSE,0,0.95,17.35
6,Franchise (one-team runs only),BLO,3,John McGraw,mcgrajo01,1898,1899,2,16.57,8.29,7.9 / 8.7,Hitter,3B,BLO,NL,25,FALSE,0,16.57,0
6,Franchise (one-team runs only),BLO,4,Bill Hoffer,hoffebi01,1895,1896,2,16.16,8.08,7.9 / 8.2,Pitcher,P,BLO,NL,24,FALSE,0,0.68,15.48
6,Franchise (one-team runs only),BLO,5,Hardie Henderson,hendeha01,1884,1885,2,14.16,7.08,6.4 / 7.8,Pitcher,P,BLO,Other (AA/UA/PL/FL),21,FALSE,0,0.42,13.74
6,Franchise (one-team runs only),BLT,1,George Suggs,suggsge01,1914,1914,1,6.72,6.72,6.7,Pitcher,P,BLT,Other (AA/UA/PL/FL),31,FALSE,0,0.74,5.98
6,Franchise (one-team runs only),BLT,2,Jack Quinn,quinnja01,1914,1914,1,6.68,6.68,6.7,Pitcher,P,BLT,Other (AA/UA/PL/FL),30,FALSE,0,1.23,5.45
6,Franchise (one-team runs only),BLU,1,Bill Sweeney,sweenbi01,1884,1884,1,7.33,7.33,7.3,Pitcher,P,BLU,Other (AA/UA/PL/FL),26,FALSE,0,-0.17,7.5
6,Franchise (one-team runs only),BOS,1,Wade Boggs,boggswa01,1983,1989,7,56.27,8.04,7.8 / 6.3 / 9.1 / 8.1 / 8.3 / 8.3 / 8.4,Hitter,3B,BOS,AL,25,FALSE,0,56.27,0
6,Franchise (one-team runs only),BOS,2,Mookie Betts,bettsmo01,2015,2019,5,40.26,8.05,6.0 / 9.8 / 6.5 / 10.7 / 7.2,Hitter,OF,BOS,AL,22,FALSE,0,40.26,0
6,Franchise (one-team runs only),BOS,3,Ted Williams,willite01,1946,1949,4,37.42,9.36,10.6 / 9.5 / 8.3 / 9.0,Hitter,OF,BOS,AL,27,FALSE,0,37.42,0
6,Franchise (one-team runs only),BOS,4,Nomar Garciaparra,garcino01,1997,2000,4,27.67,6.92,6.6 / 7.1 / 6.6 / 7.4,Hitter,SS,BOS,AL,23,FALSE,0,27.67,0
6,Franchise (one-team runs only),BOS,5,Lefty Grove,grovele01,1935,1937,3,28.57,9.52,8.8 / 10.6 / 9.2,Pitcher,P,BOS,AL,35,FALSE,0,-1.81,30.38
6,Franchise (one-team runs only),BRD,1,Dupee Shaw,shawdu01,1884,1884,1,7.82,7.82,7.8,Pitcher,P,BRD,Other (AA/UA/PL/FL),25,FALSE,0,-0.2,8.02
6,Franchise (one-team runs only),BRS,1,Old Hoss Radbourn,radboch01,1890,1890,1,7.78,7.78,7.8,Pitcher,P,BRS,Other (AA/UA/PL/FL),35,FALSE,0,-0.19,7.97
6,Franchise (one-team runs only),BRS,2,Charlie Buffinton,buffich01,1891,1891,1,7.23,7.23,7.2,Pitcher,P,BRS,Other (AA/UA/PL/FL),30,FALSE,0,-0.29,7.52
6,Franchise (one-team runs only),BRS,3,George Haddock,haddoge01,1891,1891,1,7.12,7.12,7.1,Pitcher,P,BRS,Other (AA/UA/PL/FL),24,FALSE,0,0.44,6.68
6,Franchise (one-team runs only),BUF,1,Pud Galvin,galvipu01,1883,1884,2,28.23,14.12,9.8 / 18.4,Pitcher,P,BUF,NL,26,FALSE,0,-3.23,31.46
6,Franchise (one-team runs only),CBL,1,Jim McCormick,mccorji01,1879,1884,6,61.52,10.25,9.8 / 10.8 / 7.0 / 10.9 / 8.2 / 14.8,Pitcher,P,CBL,NL,22,FALSE,0,0.52,61
6,Franchise (one-team runs only),CHC,1,Ron Santo,santoro01,1963,1968,6,48.32,8.05,6.7 / 8.9 / 7.7 / 8.9 / 9.8 / 6.4,Hitter,3B,CHC,NL,23,FALSE,0,48.32,0
6,Franchise (one-team runs only),CHC,2,Ernie Banks,bankser01,1957,1960,4,34.11,8.53,6.7 / 9.3 / 10.2 / 7.9,Hitter,SS,CHC,NL,26,FALSE,0,34.11,0
6,Franchise (one-team runs only),CHC,3,Fergie Jenkins,jenkife01,1968,1971,4,32.34,8.09,6.6 / 7.0 / 6.9 / 11.8,Pitcher,P,CHC,NL,25,FALSE,0,1.58,30.76
6,Franchise (one-team runs only),CHC,4,Ryne Sandberg,sandbry01,1989,1992,4,28.06,7.02,6.1 / 7.1 / 7.0 / 7.8,Hitter,2B,CHC,NL,29,FALSE,0,28.06,0
6,Franchise (one-team runs only),CHC,5,John Clarkson,clarkjo01,1885,1887,3,34.62,11.54,12.8 / 6.8 / 15.0,Pitcher,P,CHC,NL,23,FALSE,0,-0.47,35.09
6,Franchise (one-team runs only),CHH,1,Claude Hendrix,hendrcl01,1914,1914,1,8.03,8.03,8.0,Pitcher,P,CHH,Other (AA/UA/PL/FL),25,FALSE,0,0.92,7.11
6,Franchise (one-team runs only),CHH,2,Art Wilson,wilsoar01,1914,1914,1,6.27,6.27,6.3,Hitter,C,CHH,Other (AA/UA/PL/FL),28,FALSE,0,6.27,0
6,Franchise (one-team runs only),CHP,1,Mark Baldwin,baldwma01,1890,1890,1,7.42,7.42,7.4,Pitcher,P,CHP,Other (AA/UA/PL/FL),26,FALSE,0,-0.49,7.91
6,Franchise (one-team runs only),CHW,1,Ed Walsh,walshed01,1907,1912,6,59.41,9.9,7.6 / 10.7 / 6.8 / 11.8 / 9.7 / 12.8,Pitcher,P,CHW,AL,26,FALSE,0,2.11,57.3
6,Franchise (one-team runs only),CHW,2,Frank Thomas,thomafr04,1991,1994,4,26.51,6.63,7.0 / 7.0 / 6.2 / 6.3,Hitter,DH,CHW,AL,23,TRUE,0,26.51,0
6,Franchise (one-team runs only),CHW,3,Wilbur Wood,woodwi01,1971,1973,3,28.87,9.62,11.0 / 10.3 / 7.5,Pitcher,P,CHW,AL,29,FALSE,0,-1.14,30.01
6,Franchise (one-team runs only),CHW,4,George Davis,davisge01,1904,1906,3,20.77,6.92,7.2 / 7.2 / 6.4,Hitter,SS,CHW,AL,33,FALSE,0,20.77,0
6,Franchise (one-team runs only),CHW,5,Luke Appling,applilu01,1935,1937,3,20.16,6.72,6.9 / 7.1 / 6.1,Hitter,SS,CHW,AL,28,FALSE,0,20.16,0
6,Franchise (one-team runs only),CIN,1,Joe Morgan,morgajo02,1972,1976,5,47.79,9.56,9.3 / 9.3 / 8.6 / 11.0 / 9.6,Hitter,2B,CIN,NL,28,FALSE,0,47.79,0
6,Franchise (one-team runs only),CIN,2,Noodles Hahn,hahnno01,1901,1904,4,30.36,7.59,7.7 / 8.5 / 7.5 / 6.6,Pitcher,P,CIN,NL,22,FALSE,0,-0.63,30.99
6,Franchise (one-team runs only),CIN,3,Bucky Walters,waltebu01,1939,1941,3,23.72,7.91,9.8 / 6.9 / 7.0,Pitcher,P,CIN,NL,30,FALSE,0,2.37,21.35
6,Franchise (one-team runs only),CIN,4,Frank Robinson,robinfr02,1960,1962,3,22.55,7.52,6.2 / 7.6 / 8.7,Hitter,OF,CIN,NL,24,FALSE,0,22.55,0
6,Franchise (one-team runs only),CIN,5,Will White,whitewi01,1882,1883,2,20.55,10.28,11.3 / 9.2,Pitcher,P,CIN,Other (AA/UA/PL/FL),27,FALSE,0,0.47,20.08
6,Franchise (one-team runs only),CLE,1,Nap Lajoie,lajoina01,1906,1910,5,42.32,8.46,10.0 / 7.6 / 7.9 / 6.5 / 10.3,Hitter,2B,CLE,AL,31,FALSE,0,42.32,0
6,Franchise (one-team runs only),CLE,2,Stan Coveleski,covelst01,1917,1921,5,40.16,8.03,7.9 / 9.5 / 7.4 / 8.9 / 6.5,Pitcher,P,CLE,AL,27,TRUE,0,-1.23,41.39
6,Franchise (one-team runs only),CLE,3,Tris Speaker,speaktr01,1920,1923,4,31.31,7.83,8.7 / 6.6 / 6.9 / 9.1,Hitter,OF,CLE,AL,32,FALSE,0,31.31,0
6,Franchise (one-team runs only),CLE,4,Wes Ferrell,ferrewe01,1929,1932,4,31.14,7.78,6.6 / 9.4 / 8.0 / 7.2,Pitcher,P,CLE,AL,21,FALSE,0,3.78,27.36
6,Franchise (one-team runs only),CLE,5,Bob Feller,fellebo01,1939,1941,3,27.75,9.25,9.7 / 9.8 / 8.2,Pitcher,P,CLE,AL,20,FALSE,0,0.44,27.31
6,Franchise (one-team runs only),CLS,1,Phil Knell,knellph01,1891,1891,1,6.09,6.09,6.1,Pitcher,P,CLS,Other (AA/UA/PL/FL),26,FALSE,0,-1.11,7.2
6,Franchise (one-team runs only),CLV,1,George Cuppy,cuppyni01,1895,1896,2,18.86,9.43,8.5 / 10.3,Pitcher,P,CLV,NL,25,FALSE,0,1.36,17.5
6,Franchise (one-team runs only),CLV,2,Cupid Childs,childcu01,1892,1892,1,7.08,7.08,7.1,Hitter,2B,CLV,NL,24,FALSE,0,7.08,0
6,Franchise (one-team runs only),COL,1,Todd Helton,heltoto01,2000,2004,5,37.5,7.5,8.9 / 7.8 / 6.3 / 6.2 / 8.3,Hitter,1B,COL,NL,26,FALSE,0,37.5,0
6,Franchise (one-team runs only),COL,2,Nolan Arenado,arenano01,2017,2019,3,20.04,6.68,6.6 / 6.3 / 7.1,Hitter,3B,COL,NL,26,FALSE,0,20.04,0
6,Franchise (one-team runs only),COL,3,Troy Tulowitzki,tulowtr01,2009,2011,3,19.43,6.48,6.5 / 6.7 / 6.2,Hitter,SS,COL,NL,24,FALSE,0,19.43,0
6,Franchise (one-team runs only),COL,4,Larry Walker,walkela01,2001,2002,2,13.92,6.96,7.8 / 6.1,Hitter,OF,COL,NL,34,FALSE,0,13.92,0
6,Franchise (one-team runs only),COL,5,Trevor Story,storytr01,2018,2019,2,13.17,6.58,6.3 / 6.9,Hitter,SS,COL,NL,25,FALSE,0,13.17,0
6,Franchise (one-team runs only),DET,1,Ty Cobb,cobbty01,1907,1913,7,59.54,8.51,6.8 / 6.2 / 9.9 / 10.3 / 10.5 / 8.8 / 7.0,Hitter,OF,DET,AL,20,FALSE,0,59.54,0
6,Franchise (one-team runs only),DET,2,Hal Newhouser,newhoha01,1944,1948,5,43.09,8.62,8.4 / 12.2 / 9.6 / 6.3 / 6.7,Pitcher,P,DET,AL,23,FALSE,0,2.08,41.01
6,Franchise (one-team runs only),DET,3,Charlie Gehringer,gehrich01,1933,1937,5,40.43,8.09,7.2 / 8.9 / 8.6 / 7.9 / 7.8,Hitter,2B,DET,AL,30,FALSE,0,40.43,0
6,Franchise (one-team runs only),DET,4,Miguel Cabrera,cabremi01,2010,2013,4,28.72,7.18,6.5 / 7.6 / 7.1 / 7.5,Hitter,1B,DET,AL,27,FALSE,0,28.72,0
6,Franchise (one-team runs only),DET,5,Harry Heilmann,heilmha01,1923,1925,3,22.62,7.54,9.3 / 6.3 / 7.0,Hitter,OF,DET,AL,28,FALSE,0,22.62,0
6,Franchise (one-team runs only),DTN,1,Lady Baldwin,baldwla01,1886,1886,1,10.47,10.47,10.5,Pitcher,P,DTN,NL,27,FALSE,0,-0.3,10.77
6,Franchise (one-team runs only),DTN,2,George Weidman,wiedmst01,1882,1882,1,9.79,9.79,9.8,Pitcher,P,DTN,NL,21,FALSE,0,-0.44,10.23
6,Franchise (one-team runs only),DTN,3,Dan Brouthers,broutda01,1886,1886,1,8.21,8.21,8.2,Hitter,1B,DTN,NL,28,FALSE,0,8.21,0
6,Franchise (one-team runs only),DTN,4,George Derby,derbyge01,1881,1881,1,7.54,7.54,7.5,Pitcher,P,DTN,NL,23,FALSE,0,-1.18,8.72
6,Franchise (one-team runs only),DTN,5,Pete Conway,conwape01,1888,1888,1,6.95,6.95,7.0,Pitcher,P,DTN,NL,21,FALSE,0,1.34,5.61
6,Franchise (one-team runs only),FLA,1,Hanley Ramirez,ramirha01,2008,2009,2,14.09,7.04,6.7 / 7.4,Hitter,SS,FLA,NL,24,FALSE,0,14.09,0
6,Franchise (one-team runs only),FLA,2,Josh Johnson,johnsjo09,2009,2010,2,13.91,6.96,7.4 / 6.6,Pitcher,P,FLA,NL,25,FALSE,0,0.27,13.64
6,Franchise (one-team runs only),FLA,3,Dontrelle Willis,willido03,2005,2005,1,8.3,8.3,8.3,Pitcher,P,FLA,NL,23,FALSE,0,1.01,7.29
6,Franchise (one-team runs only),FLA,4,Giancarlo Stanton,stantmi03,2017,2017,1,8.1,8.1,8.1,Hitter,OF,FLA,NL,27,FALSE,0,8.1,0
6,Franchise (one-team runs only),FLA,5,Sandy Alcantara,alcansa01,2022,2022,1,7.99,7.99,8.0,Pitcher,P,FLA,NL,26,FALSE,0,0,7.99
6,Franchise (one-team runs only),HOU,1,Jeff Bagwell,bagweje01,1996,1999,4,28.92,7.23,7.5 / 7.7 / 6.3 / 7.4,Hitter,1B,HOU,NL,28,FALSE,0,28.92,0
6,Franchise (one-team runs only),HOU,2,Alex Bregman,bregmal01,2018,2019,2,16.49,8.24,7.5 / 8.9,Hitter,3B,HOU,AL,24,FALSE,0,16.49,0
6,Franchise (one-team runs only),HOU,3,Craig Biggio,biggicr01,1997,1998,2,15.9,7.95,9.4 / 6.5,Hitter,2B,HOU,NL,31,FALSE,0,15.9,0
6,Franchise (one-team runs only),HOU,4,Jose Altuve,altuvjo01,2016,2017,2,15.87,7.93,7.8 / 8.1,Hitter,2B,HOU,AL,26,FALSE,0,15.87,0
6,Franchise (one-team runs only),HOU,5,Cesar Cedeno,cedence01,1972,1973,2,15.38,7.69,8.0 / 7.4,Hitter,OF,HOU,NL,21,FALSE,0,15.38,0
6,Franchise (one-team runs only),IND,1,Henry Boyle,boylehe01,1889,1889,1,6.26,6.26,6.3,Pitcher,P,IND,NL,28,FALSE,0,0.41,5.85
6,Franchise (one-team runs only),KCR,1,George Brett,brettge01,1979,1980,2,18.01,9,8.6 / 9.4,Hitter,3B,KCR,AL,26,FALSE,0,18.01,0
6,Franchise (one-team runs only),KCR,2,Kevin Appier,appieke01,1992,1993,2,17.27,8.63,8.0 / 9.3,Pitcher,P,KCR,AL,24,FALSE,0,0,17.27
6,Franchise (one-team runs only),KCR,3,Willie Wilson,wilsowi02,1979,1980,2,14.83,7.41,6.3 / 8.5,Hitter,OF,KCR,AL,23,FALSE,0,14.83,0
6,Franchise (one-team runs only),KCR,4,Mark Gubicza,gubicma01,1988,1989,2,14,7,7.7 / 6.3,Pitcher,P,KCR,AL,25,FALSE,0,0,14
6,Franchise (one-team runs only),KCR,5,Alex Gordon,gordoal01,2011,2012,2,13.57,6.78,7.3 / 6.3,Hitter,OF,KCR,AL,27,FALSE,0,13.57,0
6,Franchise (one-team runs only),LAD,1,Clayton Kershaw,kershcl01,2011,2016,6,44.39,7.4,7.4 / 6.8 / 8.6 / 8.2 / 7.3 / 6.1,Pitcher,P,LAD,NL,23,FALSE,0,2.29,42.1
6,Franchise (one-team runs only),LAD,2,Jackie Robinson,robinja02,1949,1953,5,41.65,8.33,9.3 / 7.4 / 9.6 / 8.4 / 6.9,Hitter,2B,LAD,NL,30,FALSE,0,41.65,0
6,Franchise (one-team runs only),LAD,3,Sandy Koufax,koufasa01,1963,1966,4,35.14,8.79,9.9 / 6.9 / 8.6 / 9.7,Pitcher,P,LAD,NL,27,FALSE,0,-1.16,36.3
6,Franchise (one-team runs only),LAD,4,Duke Snider,snidedu01,1953,1956,4,33.43,8.36,9.1 / 8.1 / 8.6 / 7.6,Hitter,OF,LAD,NL,26,FALSE,0,33.43,0
6,Franchise (one-team runs only),LAD,5,Nap Rucker,ruckena01,1909,1912,4,31.89,7.97,7.1 / 6.7 / 9.4 / 8.7,Pitcher,P,LAD,NL,24,FALSE,0,-0.14,32.03
6,Franchise (one-team runs only),LGR,1,Jim Devlin,devliji01,1876,1877,2,31.7,15.85,18.3 / 13.4,Pitcher,P,LGR,NL,27,FALSE,0,0.86,30.84
6,Franchise (one-team runs only),LOU,1,Guy Hecker,heckegu01,1884,1885,2,25.97,12.98,17.8 / 8.2,Pitcher,P,LOU,Other (AA/UA/PL/FL),28,FALSE,0,3.1,22.87
6,Franchise (one-team runs only),LOU,2,Toad Ramsey,ramseto01,1886,1887,2,20.3,10.15,12.5 / 7.8,Pitcher,P,LOU,Other (AA/UA/PL/FL),21,FALSE,0,-0.63,20.93
6,Franchise (one-team runs only),LOU,3,Scott Stratton,stratsc01,1890,1890,1,10.8,10.8,10.8,Pitcher,P,LOU,Other (AA/UA/PL/FL),20,FALSE,0,1.67,9.13
6,Franchise (one-team runs only),LOU,4,Bert Cunningham,cunnibe01,1898,1898,1,7.25,7.25,7.2,Pitcher,P,LOU,NL,32,FALSE,0,0.08,7.17
6,Franchise (one-team runs only),LOU,5,Fred Clarke,clarkfr01,1897,1897,1,6.59,6.59,6.6,Hitter,OF,LOU,NL,24,FALSE,0,6.59,0
6,Franchise (one-team runs only),MIL,1,Teddy Higuera,higuete01,1986,1988,3,23.08,7.69,9.4 / 6.3 / 7.4,Pitcher,P,MIL,AL,28,FALSE,0,0,23.08
6,Franchise (one-team runs only),MIL,2,Robin Yount,yountro01,1982,1983,2,17.79,8.89,10.5 / 7.2,Hitter,SS,MIL,AL,26,FALSE,0,17.79,0
6,Franchise (one-team runs only),MIL,3,Ryan Braun,braunry02,2011,2012,2,14.61,7.3,7.7 / 6.9,Hitter,OF,MIL,NL,27,FALSE,0,14.61,0
6,Franchise (one-team runs only),MIL,4,Christian Yelich,yelicch01,2018,2019,2,14.45,7.22,7.3 / 7.1,Hitter,OF,MIL,NL,26,FALSE,0,14.45,0
6,Franchise (one-team runs only),MIL,5,Mike Caldwell,caldwmi01,1978,1978,1,8.21,8.21,8.2,Pitcher,P,MIL,AL,29,FALSE,0,0,8.21
6,Franchise (one-team runs only),MIN,1,Walter Johnson,johnswa01,1910,1919,10,120.26,12.03,11.0 / 9.0 / 15.4 / 16.6 / 13.1 / 12.8 / 11.2 / 8.4 / 11.8 / 11.0,Pitcher,P,MIN,AL,22,TRUE,0,8.85,111.41
6,Franchise (one-team runs only),MIN,2,Rod Carew,carewro01,1973,1977,5,38.78,7.76,7.0 / 7.5 / 7.8 / 6.8 / 9.7,Hitter,1B,MIN,AL,27,FALSE,0,38.78,0
6,Franchise (one-team runs only),MIN,3,Joe Cronin,cronijo01,1930,1933,4,28.81,7.2,8.5 / 6.8 / 6.3 / 7.1,Hitter,SS,MIN,AL,23,FALSE,0,28.81,0
6,Franchise (one-team runs only),MIN,4,Johan Santana,santajo01,2004,2006,3,23.55,7.85,8.8 / 7.2 / 7.6,Pitcher,P,MIN,AL,25,FALSE,0,0.03,23.52
6,Franchise (one-team runs only),MIN,5,Chuck Knoblauch,knoblch01,1995,1997,3,22.09,7.36,6.7 / 8.6 / 6.8,Hitter,2B,MIN,AL,26,TRUE,0,22.09,0
6,Franchise (one-team runs only),MLG,1,Sam Weaver,weavesa01,1878,1878,1,10.16,10.16,10.2,Pitcher,P,MLG,NL,22,FALSE,0,-0.24,10.4
6,Franchise (one-team runs only),NYM,1,Tom Seaver,seaveto01,1967,1971,5,38.17,7.63,6.7 / 7.0 / 7.2 / 6.4 / 10.9,Pitcher,P,NYM,NL,22,FALSE,0,2.19,35.98
6,Franchise (one-team runs only),NYM,2,Jacob deGrom,degroja01,2018,2019,2,17.63,8.81,9.9 / 7.7,Pitcher,P,NYM,NL,30,FALSE,0,1.01,16.62
6,Franchise (one-team runs only),NYM,3,David Wright,wrighda03,2007,2008,2,15.19,7.6,8.3 / 6.8,Hitter,3B,NYM,NL,24,FALSE,0,15.19,0
6,Franchise (one-team runs only),NYM,4,Francisco Lindor,lindofr01,2023,2024,2,12.93,6.46,6.1 / 6.8,Hitter,SS,NYM,NL,29,FALSE,0,12.93,0
6,Franchise (one-team runs only),NYM,5,Edgardo Alfonzo,alfoned01,1999,2000,2,12.46,6.23,6.0 / 6.4,Hitter,2B,NYM,NL,25,FALSE,0,12.46,0
6,Franchise (one-team runs only),NYP,1,Dave Orr,orrda01,1886,1886,1,6.34,6.34,6.3,Hitter,1B,NYP,Other (AA/UA/PL/FL),26,FALSE,0,6.34,0
6,Franchise (one-team runs only),NYY,1,Lou Gehrig,gehrilo01,1926,1937,12,105.48,8.79,6.9 / 11.8 / 9.5 / 7.5 / 9.6 / 8.6 / 8.2 / 7.1 / 10.0 / 8.3 / 9.7 / 8.2,Hitter,1B,NYY,AL,23,FALSE,0,105.48,0
6,Franchise (one-team runs only),NYY,2,Babe Ruth,ruthba01,1926,1933,8,77.94,9.74,11.4 / 12.6 / 10.2 / 8.1 / 10.5 / 10.6 / 8.5 / 6.2,Hitter,OF,NYY,AL,31,FALSE,0,77.73,0.21
6,Franchise (one-team runs only),NYY,3,Mickey Mantle,mantlmi01,1954,1961,8,71.11,8.89,6.9 / 9.5 / 11.2 / 11.3 / 8.7 / 6.6 / 6.3 / 10.4,Hitter,OF,NYY,AL,22,FALSE,0,71.11,0
6,Franchise (one-team runs only),NYY,4,Joe DiMaggio,dimagjo01,1939,1942,4,31.01,7.75,8.2 / 7.1 / 9.3 / 6.4,Hitter,OF,NYY,AL,24,FALSE,0,31.01,0
6,Franchise (one-team runs only),NYY,5,Herb Pennock,pennohe01,1923,1925,3,20.46,6.82,6.2 / 7.9 / 6.4,Pitcher,P,NYY,AL,29,FALSE,0,-0.38,20.84
6,Franchise (one-team runs only),OAK,1,Lefty Grove,grovele01,1928,1933,6,51.55,8.59,7.2 / 7.4 / 10.3 / 10.0 / 9.2 / 7.3,Pitcher,P,OAK,AL,28,FALSE,0,-1.51,53.06
6,Franchise (one-team runs only),OAK,2,Rube Waddell,wadderu01,1902,1905,4,37.02,9.25,9.7 / 7.5 / 10.4 / 9.3,Pitcher,P,OAK,AL,25,FALSE,0,-1.09,38.11
6,Franchise (one-team runs only),OAK,3,Jimmie Foxx,foxxji01,1932,1935,4,35.59,8.9,10.3 / 9.0 / 8.3 / 8.0,Hitter,1B,OAK,AL,24,FALSE,0,35.59,0
6,Franchise (one-team runs only),OAK,4,Home Run Baker,bakerfr01,1911,1914,4,31.37,7.84,6.7 / 9.0 / 8.2 / 7.4,Hitter,3B,OAK,AL,25,FALSE,0,31.37,0
6,Franchise (one-team runs only),OAK,5,Eddie Plank,planked01,1903,1905,3,23.64,7.88,7.0 / 9.3 / 7.4,Pitcher,P,OAK,AL,27,FALSE,0,1.1,22.54
6,Franchise (one-team runs only),PHA,1,Ed Seward,sewared01,1887,1888,2,16.31,8.16,6.4 / 9.9,Pitcher,P,PHA,Other (AA/UA/PL/FL),20,FALSE,0,-0.75,17.06
6,Franchise (one-team runs only),PHA,2,Sam Weaver,weavesa01,1882,1882,1,6.6,6.6,6.6,Pitcher,P,PHA,Other (AA/UA/PL/FL),26,FALSE,0,0.07,6.53
6,Franchise (one-team runs only),PHI,1,Mike Schmidt,schmimi01,1974,1984,11,86.23,7.84,9.7 / 7.7 / 8.0 / 8.8 / 6.2 / 7.9 / 8.9 / 7.7 / 7.4 / 6.9 / 7.0,Hitter,3B,PHI,NL,24,TRUE,0,86.23,0
6,Franchise (one-team runs only),PHI,2,Robin Roberts,roberro01,1950,1954,5,42.74,8.55,6.9 / 8.7 / 8.6 / 9.9 / 8.7,Pitcher,P,PHI,NL,23,FALSE,0,0.17,42.57
6,Franchise (one-team runs only),PHI,3,Chase Utley,utleych01,2005,2009,5,39.66,7.93,7.3 / 7.3 / 7.8 / 9.0 / 8.2,Hitter,2B,PHI,NL,26,FALSE,0,39.66,0
6,Franchise (one-team runs only),PHI,4,Pete Alexander,alexape01,1914,1917,4,42.1,10.52,9.3 / 10.9 / 12.1 / 9.8,Pitcher,P,PHI,NL,27,FALSE,0,1.98,40.12
6,Franchise (one-team runs only),PHI,5,Ed Delahanty,delahed01,1893,1896,4,27.09,6.77,6.9 / 6.0 / 6.9 / 7.3,Hitter,OF,PHI,NL,25,FALSE,0,27.09,0
6,Franchise (one-team runs only),PIT,1,Roberto Clemente,clemero01,1964,1969,6,47.19,7.86,7.2 / 7.2 / 8.2 / 8.9 / 8.2 / 7.5,Hitter,OF,PIT,NL,29,FALSE,0,47.19,0
6,Franchise (one-team runs only),PIT,2,Arky Vaughan,vaughar01,1933,1936,4,31.59,7.9,6.6 / 7.3 / 9.7 / 7.9,Hitter,SS,PIT,NL,21,FALSE,0,31.59,0
6,Franchise (one-team runs only),PIT,3,Ralph Kiner,kinerra01,1947,1949,3,22.31,7.44,8.1 / 6.1 / 8.1,Hitter,OF,PIT,NL,24,FALSE,0,22.31,0
6,Franchise (one-team runs only),PIT,4,Andrew McCutchen,mccutan01,2012,2014,3,21.13,7.04,6.9 / 7.8 / 6.4,Hitter,OF,PIT,NL,25,FALSE,0,21.13,0
6,Franchise (one-team runs only),PIT,5,Dave Parker,parkeda01,1977,1979,3,21.07,7.02,7.4 / 7.0 / 6.7,Hitter,OF,PIT,NL,26,FALSE,0,21.07,0
6,Franchise (one-team runs only),PRO,1,Old Hoss Radbourn,radboch01,1882,1885,4,50.14,12.54,7.9 / 14.3 / 19.4 / 8.5,Two-way / mixed,P,PRO,NL,27,FALSE,0,3.02,47.12
6,Franchise (one-team runs only),PRO,2,John Ward,wardjo01,1879,1880,2,16.8,8.4,9.2 / 7.6,Pitcher,P,PRO,NL,19,FALSE,0,2.82,13.98
6,Franchise (one-team runs only),SBS,1,George Bradley,bradlge01,1876,1876,1,9.12,9.12,9.1,Pitcher,P,SBS,NL,23,FALSE,0,0.37,8.75
6,Franchise (one-team runs only),SDP,1,Tony Gwynn,gwynnto01,1986,1987,2,15.22,7.61,6.7 / 8.6,Hitter,OF,SDP,NL,26,FALSE,0,15.22,0
6,Franchise (one-team runs only),SDP,2,Ed Whitson,whitsed01,1989,1990,2,13.52,6.76,6.5 / 7.0,Pitcher,P,SDP,NL,34,FALSE,0,0.09,13.43
6,Franchise (one-team runs only),SDP,3,Dave Winfield,winfida01,1979,1979,1,8.33,8.33,8.3,Hitter,OF,SDP,NL,27,FALSE,0,8.33,0
6,Franchise (one-team runs only),SDP,4,Dave Roberts,roberda05,1971,1971,1,7.8,7.8,7.8,Pitcher,P,SDP,NL,26,FALSE,0,0.27,7.53
6,Franchise (one-team runs only),SDP,5,Ken Caminiti,caminke01,1996,1996,1,7.6,7.6,7.6,Hitter,3B,SDP,NL,33,FALSE,0,7.6,0
6,Franchise (one-team runs only),SEA,1,Ken Griffey,griffke02,1996,1998,3,25.44,8.48,9.7 / 9.1 / 6.6,Hitter,OF,SEA,AL,26,FALSE,0,25.44,0
6,Franchise (one-team runs only),SEA,2,Edgar Martinez,martied01,1995,1997,3,19.79,6.6,7.0 / 6.5 / 6.2,Hitter,DH,SEA,AL,32,TRUE,0,19.79,0
6,Franchise (one-team runs only),SEA,3,Alex Rodriguez,rodrial01,1996,1996,1,9.41,9.41,9.4,Hitter,SS,SEA,AL,20,FALSE,0,9.41,0
6,Franchise (one-team runs only),SEA,4,Ichiro Suzuki,suzukic01,2004,2004,1,9.16,9.16,9.2,Hitter,OF,SEA,AL,30,FALSE,0,9.16,0
6,Franchise (one-team runs only),SEA,5,Bret Boone,boonebr01,2001,2001,1,8.82,8.82,8.8,Hitter,2B,SEA,AL,32,FALSE,0,8.82,0
6,Franchise (one-team runs only),SFG,1,Willie Mays,mayswi01,1954,1966,13,124.09,9.55,10.4 / 9.2 / 7.6 / 8.3 / 10.2 / 7.8 / 9.5 / 8.7 / 10.5 / 10.6 / 11.0 / 11.2 / 9.0,Hitter,OF,SFG,NL,23,FALSE,0,124.09,0
6,Franchise (one-team runs only),SFG,2,Christy Mathewson,mathech01,1907,1913,7,64.23,9.18,8.8 / 11.8 / 10.6 / 9.1 / 8.2 / 8.5 / 7.2,Pitcher,P,SFG,NL,26,FALSE,0,2.7,61.53
6,Franchise (one-team runs only),SFG,3,Amos Rusie,rusieam01,1890,1895,6,55.06,9.18,8.2 / 8.7 / 7.2 / 11.2 / 13.7 / 6.0,Pitcher,P,SFG,NL,19,FALSE,0,0.98,54.08
6,Franchise (one-team runs only),SFG,4,Barry Bonds,bondsba01,2000,2004,5,51.12,10.22,7.7 / 11.9 / 11.7 / 9.2 / 10.6,Hitter,OF,SFG,NL,35,FALSE,0,51.12,0
6,Franchise (one-team runs only),SFG,5,Mel Ott,ottme01,1934,1938,5,37.91,7.58,7.2 / 7.2 / 7.8 / 6.8 / 8.8,Hitter,3B,SFG,NL,25,FALSE,0,37.91,0
6,Franchise (one-team runs only),SLI,1,Dave Davenport,davenda01,1915,1915,1,7.49,7.49,7.5,Pitcher,P,SLI,Other (AA/UA/PL/FL),25,FALSE,0,-1.22,8.71
6,Franchise (one-team runs only),SLI,2,Eddie Plank,planked01,1915,1915,1,7.22,7.22,7.2,Pitcher,P,SLI,Other (AA/UA/PL/FL),39,FALSE,0,0.64,6.58
6,Franchise (one-team runs only),SLM,1,Billy Taylor,taylobi01,1884,1884,1,11.48,11.48,11.5,Pitcher,P,SLM,Other (AA/UA/PL/FL),29,FALSE,0,2.75,8.73
6,Franchise (one-team runs only),SLM,2,Charlie Sweeney,sweench01,1884,1884,1,11.19,11.19,11.2,Two-way / mixed,Two-way,SLM,Other (AA/UA/PL/FL),21,FALSE,0,2.41,8.78
6,Franchise (one-team runs only),SLM,3,Fred Dunlap,dunlafr01,1884,1884,1,7.82,7.82,7.8,Hitter,2B,SLM,Other (AA/UA/PL/FL),25,FALSE,0,7.88,-0.06
6,Franchise (one-team runs only),SLM,4,Jack Glasscock,glassja01,1886,1886,1,7.03,7.03,7.0,Hitter,SS,SLM,NL,28,FALSE,0,7.03,0
6,Franchise (one-team runs only),STL,1,Albert Pujols,pujolal01,2003,2010,8,69.25,8.66,8.6 / 8.5 / 8.4 / 8.5 / 8.7 / 9.2 / 9.7 / 7.5,Hitter,1B,STL,NL,23,FALSE,0,69.25,0
6,Franchise (one-team runs only),STL,2,Stan Musial,musiast01,1948,1955,8,64.23,8.03,11.3 / 9.1 / 7.2 / 8.8 / 7.5 / 7.6 / 6.5 / 6.2,Hitter,OF,STL,NL,27,FALSE,0,64.23,0
6,Franchise (one-team runs only),STL,3,Rogers Hornsby,hornsro01,1919,1925,7,66.26,9.47,6.5 / 9.7 / 10.9 / 10.1 / 6.8 / 12.1 / 10.2,Hitter,2B,STL,NL,23,TRUE,0,66.26,0
6,Franchise (one-team runs only),STL,4,Johnny Mize,mizejo01,1937,1940,4,27.72,6.93,6.6 / 6.4 / 7.4 / 7.3,Hitter,1B,STL,NL,24,FALSE,0,27.72,0
6,Franchise (one-team runs only),STL,5,Bob Gibson,gibsobo01,1968,1970,3,33.21,11.07,11.9 / 11.3 / 10.1,Pitcher,P,STL,NL,32,FALSE,0,2.69,30.52
6,Franchise (one-team runs only),SYS,1,Cupid Childs,childcu01,1890,1890,1,6.36,6.36,6.4,Hitter,2B,SYS,Other (AA/UA/PL/FL),22,FALSE,0,6.36,0
6,Franchise (one-team runs only),TBD,1,Evan Longoria,longoev01,2009,2011,3,22.4,7.47,7.0 / 8.2 / 7.2,Hitter,3B,TBD,AL,23,FALSE,0,22.4,0
6,Franchise (one-team runs only),TBD,2,Ben Zobrist,zobribe01,2009,2009,1,8.61,8.61,8.6,Hitter,2B,TBD,AL,28,FALSE,0,8.61,0
6,Franchise (one-team runs only),TBD,3,Blake Snell,snellbl01,2018,2018,1,7.19,7.19,7.2,Pitcher,P,TBD,AL,25,FALSE,0,0.08,7.11
6,Franchise (one-team runs only),TBD,4,Carlos Peña,penaca01,2007,2007,1,7.17,7.17,7.2,Hitter,1B,TBD,AL,29,FALSE,0,7.17,0
6,Franchise (one-team runs only),TBD,5,Carl Crawford,crawfca02,2010,2010,1,6.97,6.97,7.0,Hitter,OF,TBD,AL,28,FALSE,0,6.97,0
6,Franchise (one-team runs only),TEX,1,Ivan Rodriguez,rodriiv01,1996,1999,4,25.5,6.38,6.1 / 6.5 / 6.4 / 6.4,Hitter,C,TEX,AL,24,FALSE,0,25.5,0
6,Franchise (one-team runs only),TEX,2,Buddy Bell,bellbu01,1979,1981,3,19.61,6.54,6.9 / 6.5 / 6.2,Hitter,3B,TEX,AL,27,TRUE,0,19.61,0
6,Franchise (one-team runs only),TEX,3,Julio Franco,francju01,1990,1991,2,13.01,6.51,6.8 / 6.2,Hitter,2B,TEX,AL,31,FALSE,0,13.01,0
6,Franchise (one-team runs only),TEX,4,Josh Hamilton,hamiljo03,2010,2010,1,8.71,8.71,8.7,Hitter,OF,TEX,AL,29,FALSE,0,8.71,0
6,Franchise (one-team runs only),TEX,5,Mike Minor,minormi01,2019,2019,1,7.84,7.84,7.8,Pitcher,P,TEX,AL,31,FALSE,0,-0.15,7.99
6,Franchise (one-team runs only),TLM,1,Egyptian Healy,healyjo01,1890,1890,1,7.45,7.45,7.4,Pitcher,P,TLM,Other (AA/UA/PL/FL),23,FALSE,0,0.81,6.64
6,Franchise (one-team runs only),TOR,1,Dave Stieb,stiebda01,1982,1985,4,29.27,7.32,7.6 / 7.0 / 7.9 / 6.8,Pitcher,P,TOR,AL,24,FALSE,0,0,29.27
6,Franchise (one-team runs only),TOR,2,Devon White,whitede03,1991,1993,3,18.8,6.27,6.3 / 6.2 / 6.3,Hitter,OF,TOR,AL,28,FALSE,0,18.8,0
6,Franchise (one-team runs only),TOR,3,Jose Bautista,bautijo02,2010,2011,2,15.23,7.62,7.0 / 8.3,Hitter,OF,TOR,AL,29,FALSE,0,15.23,0
6,Franchise (one-team runs only),TOR,4,Roy Halladay,hallaro01,2002,2003,2,15.19,7.59,7.1 / 8.0,Pitcher,P,TOR,AL,25,FALSE,0,-0.17,15.36
6,Franchise (one-team runs only),TOR,5,Jesse Barfield,barfije01,1985,1986,2,14.44,7.22,6.9 / 7.6,Hitter,OF,TOR,AL,25,FALSE,0,14.44,0
6,Franchise (one-team runs only),TRT,1,Mickey Welch,welchmi01,1880,1880,1,6.5,6.5,6.5,Pitcher,P,TRT,NL,20,FALSE,0,1.1,5.4
6,Franchise (one-team runs only),WNL,1,Jim Whitney,whitnji01,1887,1887,1,8.38,8.38,8.4,Pitcher,P,WNL,NL,29,FALSE,0,0.84,7.54
6,Franchise (one-team runs only),WOR,1,Lee Richmond,richmle01,1880,1880,1,7.29,7.29,7.3,Pitcher,P,WOR,NL,23,FALSE,0,-0.89,8.18
6,Franchise (one-team runs only),WSN,1,Max Scherzer,scherma01,2015,2018,4,29.97,7.49,7.4 / 6.4 / 7.5 / 8.7,Pitcher,P,WSN,NL,30,FALSE,0,1.66,28.31
6,Franchise (one-team runs only),WSN,2,Andre Dawson,dawsoan01,1980,1983,4,29.06,7.26,6.9 / 7.4 / 7.9 / 6.8,Hitter,OF,WSN,NL,25,TRUE,0,29.06,0
6,Franchise (one-team runs only),WSN,3,Tim Raines,raineti01,1984,1985,2,14.1,7.05,6.5 / 7.6,Hitter,OF,WSN,NL,24,FALSE,0,14.1,0
6,Franchise (one-team runs only),WSN,4,Ryan Zimmerman,zimmery01,2009,2010,2,13.58,6.79,7.3 / 6.2,Hitter,3B,WSN,NL,24,FALSE,0,13.58,0
6,Franchise (one-team runs only),WSN,5,Rusty Staub,staubru01,1969,1970,2,12.57,6.28,6.2 / 6.3,Hitter,OF,WSN,NL,25,FALSE,0,12.57,0
6,Era cutoff 1901,1901+,1,Hank Aaron,aaronha01,1955,1969,15,118.31,7.89,6.2 / 7.2 / 8.0 / 7.3 / 8.6 / 8.0 / 9.4 / 8.6 / 9.1 / 6.8 / 7.9 / 7.8 / 8.5 / 6.8 / 8.0,Hitter,OF,ATL,NL,21,FALSE,0,118.31,0
6,Era cutoff 1901,1901+,2,Willie Mays,mayswi01,1954,1966,13,124.09,9.55,10.4 / 9.2 / 7.6 / 8.3 / 10.2 / 7.8 / 9.5 / 8.7 / 10.5 / 10.6 / 11.0 / 11.2 / 9.0,Hitter,OF,SFG,NL,23,FALSE,0,124.09,0
6,Era cutoff 1901,1901+,3,Lou Gehrig,gehrilo01,1926,1937,12,105.48,8.79,6.9 / 11.8 / 9.5 / 7.5 / 9.6 / 8.6 / 8.2 / 7.1 / 10.0 / 8.3 / 9.7 / 8.2,Hitter,1B,NYY,AL,23,FALSE,0,105.48,0
6,Era cutoff 1901,1901+,4,Barry Bonds,bondsba01,1988,1998,11,90.58,8.23,6.2 / 8.0 / 9.7 / 8.0 / 9.0 / 9.9 / 6.2 / 7.5 / 9.6 / 8.2 / 8.1,Hitter,OF,SFG,NL,23,TRUE,0,90.58,0
6,Era cutoff 1901,1901+,5,Mike Schmidt,schmimi01,1974,1984,11,86.23,7.84,9.7 / 7.7 / 8.0 / 8.8 / 6.2 / 7.9 / 8.9 / 7.7 / 7.4 / 6.9 / 7.0,Hitter,3B,PHI,NL,24,TRUE,0,86.23,0
6,Era cutoff 1901,Pre-1901,1,Kid Nichols,nichoki01,1890,1899,10,97.28,9.73,13.0 / 9.3 / 8.8 / 11.7 / 8.2 / 9.5 / 6.2 / 11.1 / 11.8 / 7.6,Pitcher,P,ATL,NL,20,FALSE,0,-1.52,98.8
6,Era cutoff 1901,Pre-1901,2,Jim McCormick,mccorji01,1879,1884,6,61.52,10.25,9.8 / 10.8 / 7.0 / 10.9 / 8.2 / 14.8,Pitcher,P,CBL,NL,22,FALSE,0,0.52,61
6,Era cutoff 1901,Pre-1901,3,Tim Keefe,keefeti01,1883,1888,6,61.2,10.2,20.2 / 8.3 / 6.6 / 9.4 / 7.5 / 9.1,Pitcher,P,NYP,Mixed,26,FALSE,0,-0.51,61.71
6,Era cutoff 1901,Pre-1901,4,Amos Rusie,rusieam01,1890,1895,6,55.06,9.18,8.2 / 8.7 / 7.2 / 11.2 / 13.7 / 6.0,Pitcher,P,SFG,NL,19,FALSE,0,0.98,54.08
6,Era cutoff 1901,Pre-1901,5,Bob Caruthers,carutbo01,1885,1889,5,47.26,9.45,10.0 / 11.6 / 10.7 / 6.6 / 8.4,Two-way / mixed,Two-way,STL,Other (AA/UA/PL/FL),21,FALSE,0,11.24,36.02
6,Era cutoff 1920,1920+,1,Hank Aaron,aaronha01,1955,1969,15,118.31,7.89,6.2 / 7.2 / 8.0 / 7.3 / 8.6 / 8.0 / 9.4 / 8.6 / 9.1 / 6.8 / 7.9 / 7.8 / 8.5 / 6.8 / 8.0,Hitter,OF,ATL,NL,21,FALSE,0,118.31,0
6,Era cutoff 1920,1920+,2,Willie Mays,mayswi01,1954,1966,13,124.09,9.55,10.4 / 9.2 / 7.6 / 8.3 / 10.2 / 7.8 / 9.5 / 8.7 / 10.5 / 10.6 / 11.0 / 11.2 / 9.0,Hitter,OF,SFG,NL,23,FALSE,0,124.09,0
6,Era cutoff 1920,1920+,3,Lou Gehrig,gehrilo01,1926,1937,12,105.48,8.79,6.9 / 11.8 / 9.5 / 7.5 / 9.6 / 8.6 / 8.2 / 7.1 / 10.0 / 8.3 / 9.7 / 8.2,Hitter,1B,NYY,AL,23,FALSE,0,105.48,0
6,Era cutoff 1920,1920+,4,Barry Bonds,bondsba01,1988,1998,11,90.58,8.23,6.2 / 8.0 / 9.7 / 8.0 / 9.0 / 9.9 / 6.2 / 7.5 / 9.6 / 8.2 / 8.1,Hitter,OF,SFG,NL,23,TRUE,0,90.58,0
6,Era cutoff 1920,1920+,5,Mike Schmidt,schmimi01,1974,1984,11,86.23,7.84,9.7 / 7.7 / 8.0 / 8.8 / 6.2 / 7.9 / 8.9 / 7.7 / 7.4 / 6.9 / 7.0,Hitter,3B,PHI,NL,24,TRUE,0,86.23,0
6,Era cutoff 1920,Pre-1920,1,Cy Young,youngcy01,1891,1905,15,137.28,9.15,6.1 / 13.0 / 10.6 / 8.5 / 11.6 / 10.5 / 6.8 / 7.6 / 8.2 / 7.1 / 12.4 / 10.1 / 8.1 / 9.6 / 7.1,Pitcher,P,CLV,Mixed,24,FALSE,0,-1.52,138.8
6,Era cutoff 1920,Pre-1920,2,Honus Wagner,wagneho01,1899,1909,11,92.42,8.4,6.0 / 6.8 / 7.2 / 7.3 / 7.6 / 8.3 / 10.2 / 9.3 / 9.0 / 11.5 / 9.2,Hitter,SS,PIT,NL,25,FALSE,0,92.43,-0.01
6,Era cutoff 1920,Pre-1920,3,Walter Johnson,johnswa01,1910,1919,10,120.26,12.03,11.0 / 9.0 / 15.4 / 16.6 / 13.1 / 12.8 / 11.2 / 8.4 / 11.8 / 11.0,Pitcher,P,MIN,AL,22,TRUE,0,8.85,111.41
6,Era cutoff 1920,Pre-1920,4,Kid Nichols,nichoki01,1890,1899,10,97.28,9.73,13.0 / 9.3 / 8.8 / 11.7 / 8.2 / 9.5 / 6.2 / 11.1 / 11.8 / 7.6,Pitcher,P,ATL,NL,20,FALSE,0,-1.52,98.8
6,Era cutoff 1920,Pre-1920,5,Tris Speaker,speaktr01,1909,1917,9,72.78,8.09,6.3 / 7.6 / 6.2 / 10.1 / 8.8 / 9.9 / 7.1 / 8.9 / 7.9,Hitter,OF,BOS,AL,21,FALSE,0,72.85,-0.07
6,Era cutoff 1947 (PRIMARY),1947+,1,Hank Aaron,aaronha01,1955,1969,15,118.31,7.89,6.2 / 7.2 / 8.0 / 7.3 / 8.6 / 8.0 / 9.4 / 8.6 / 9.1 / 6.8 / 7.9 / 7.8 / 8.5 / 6.8 / 8.0,Hitter,OF,ATL,NL,21,FALSE,0,118.31,0
6,Era cutoff 1947 (PRIMARY),1947+,2,Willie Mays,mayswi01,1954,1966,13,124.09,9.55,10.4 / 9.2 / 7.6 / 8.3 / 10.2 / 7.8 / 9.5 / 8.7 / 10.5 / 10.6 / 11.0 / 11.2 / 9.0,Hitter,OF,SFG,NL,23,FALSE,0,124.09,0
6,Era cutoff 1947 (PRIMARY),1947+,3,Barry Bonds,bondsba01,1988,1998,11,90.58,8.23,6.2 / 8.0 / 9.7 / 8.0 / 9.0 / 9.9 / 6.2 / 7.5 / 9.6 / 8.2 / 8.1,Hitter,OF,SFG,NL,23,TRUE,0,90.58,0
6,Era cutoff 1947 (PRIMARY),1947+,4,Mike Schmidt,schmimi01,1974,1984,11,86.23,7.84,9.7 / 7.7 / 8.0 / 8.8 / 6.2 / 7.9 / 8.9 / 7.7 / 7.4 / 6.9 / 7.0,Hitter,3B,PHI,NL,24,TRUE,0,86.23,0
6,Era cutoff 1947 (PRIMARY),1947+,5,Mike Trout,troutmi01,2012,2019,8,71.67,8.96,10.5 / 8.9 / 7.7 / 9.5 / 10.4 / 6.9 / 9.9 / 7.8,Hitter,OF,ANA,AL,20,FALSE,0,71.67,0
6,Era cutoff 1947 (PRIMARY),Pre-1947,1,Cy Young,youngcy01,1891,1905,15,137.28,9.15,6.1 / 13.0 / 10.6 / 8.5 / 11.6 / 10.5 / 6.8 / 7.6 / 8.2 / 7.1 / 12.4 / 10.1 / 8.1 / 9.6 / 7.1,Pitcher,P,CLV,Mixed,24,FALSE,0,-1.52,138.8
6,Era cutoff 1947 (PRIMARY),Pre-1947,2,Lou Gehrig,gehrilo01,1926,1937,12,105.48,8.79,6.9 / 11.8 / 9.5 / 7.5 / 9.6 / 8.6 / 8.2 / 7.1 / 10.0 / 8.3 / 9.7 / 8.2,Hitter,1B,NYY,AL,23,FALSE,0,105.48,0
6,Era cutoff 1947 (PRIMARY),Pre-1947,3,Honus Wagner,wagneho01,1899,1909,11,92.42,8.4,6.0 / 6.8 / 7.2 / 7.3 / 7.6 / 8.3 / 10.2 / 9.3 / 9.0 / 11.5 / 9.2,Hitter,SS,PIT,NL,25,FALSE,0,92.43,-0.01
6,Era cutoff 1947 (PRIMARY),Pre-1947,4,Walter Johnson,johnswa01,1910,1919,10,120.26,12.03,11.0 / 9.0 / 15.4 / 16.6 / 13.1 / 12.8 / 11.2 / 8.4 / 11.8 / 11.0,Pitcher,P,MIN,AL,22,TRUE,0,8.85,111.41
6,Era cutoff 1947 (PRIMARY),Pre-1947,5,Kid Nichols,nichoki01,1890,1899,10,97.28,9.73,13.0 / 9.3 / 8.8 / 11.7 / 8.2 / 9.5 / 6.2 / 11.1 / 11.8 / 7.6,Pitcher,P,ATL,NL,20,FALSE,0,-1.52,98.8
6,Era cutoff 1969,1969+,1,Barry Bonds,bondsba01,1988,1998,11,90.58,8.23,6.2 / 8.0 / 9.7 / 8.0 / 9.0 / 9.9 / 6.2 / 7.5 / 9.6 / 8.2 / 8.1,Hitter,OF,SFG,NL,23,TRUE,0,90.58,0
6,Era cutoff 1969,1969+,2,Mike Schmidt,schmimi01,1974,1984,11,86.23,7.84,9.7 / 7.7 / 8.0 / 8.8 / 6.2 / 7.9 / 8.9 / 7.7 / 7.4 / 6.9 / 7.0,Hitter,3B,PHI,NL,24,TRUE,0,86.23,0
6,Era cutoff 1969,1969+,3,Mike Trout,troutmi01,2012,2019,8,71.67,8.96,10.5 / 8.9 / 7.7 / 9.5 / 10.4 / 6.9 / 9.9 / 7.8,Hitter,OF,ANA,AL,20,FALSE,0,71.67,0
6,Era cutoff 1969,1969+,4,Albert Pujols,pujolal01,2003,2010,8,69.25,8.66,8.6 / 8.5 / 8.4 / 8.5 / 8.7 / 9.2 / 9.7 / 7.5,Hitter,1B,STL,NL,23,FALSE,0,69.25,0
6,Era cutoff 1969,1969+,5,Wade Boggs,boggswa01,1983,1989,7,56.27,8.04,7.8 / 6.3 / 9.1 / 8.1 / 8.3 / 8.3 / 8.4,Hitter,3B,BOS,AL,25,FALSE,0,56.27,0
6,Era cutoff 1969,Pre-1969,1,Cy Young,youngcy01,1891,1905,15,137.28,9.15,6.1 / 13.0 / 10.6 / 8.5 / 11.6 / 10.5 / 6.8 / 7.6 / 8.2 / 7.1 / 12.4 / 10.1 / 8.1 / 9.6 / 7.1,Pitcher,P,CLV,Mixed,24,FALSE,0,-1.52,138.8
6,Era cutoff 1969,Pre-1969,2,Willie Mays,mayswi01,1954,1966,13,124.09,9.55,10.4 / 9.2 / 7.6 / 8.3 / 10.2 / 7.8 / 9.5 / 8.7 / 10.5 / 10.6 / 11.0 / 11.2 / 9.0,Hitter,OF,SFG,NL,23,FALSE,0,124.09,0
6,Era cutoff 1969,Pre-1969,3,Lou Gehrig,gehrilo01,1926,1937,12,105.48,8.79,6.9 / 11.8 / 9.5 / 7.5 / 9.6 / 8.6 / 8.2 / 7.1 / 10.0 / 8.3 / 9.7 / 8.2,Hitter,1B,NYY,AL,23,FALSE,0,105.48,0
6,Era cutoff 1969,Pre-1969,4,Honus Wagner,wagneho01,1899,1909,11,92.42,8.4,6.0 / 6.8 / 7.2 / 7.3 / 7.6 / 8.3 / 10.2 / 9.3 / 9.0 / 11.5 / 9.2,Hitter,SS,PIT,NL,25,FALSE,0,92.43,-0.01
6,Era cutoff 1969,Pre-1969,5,Walter Johnson,johnswa01,1910,1919,10,120.26,12.03,11.0 / 9.0 / 15.4 / 16.6 / 13.1 / 12.8 / 11.2 / 8.4 / 11.8 / 11.0,Pitcher,P,MIN,AL,22,TRUE,0,8.85,111.41
7,Overall,All,1,Willie Mays,mayswi01,1954,1966,13,124.09,9.55,10.4 / 9.2 / 7.6 / 8.3 / 10.2 / 7.8 / 9.5 / 8.7 / 10.5 / 10.6 / 11.0 / 11.2 / 9.0,Hitter,OF,SFG,NL,23,FALSE,0,124.09,0
7,Overall,All,2,Lou Gehrig,gehrilo01,1927,1937,11,98.58,8.96,11.8 / 9.5 / 7.5 / 9.6 / 8.6 / 8.2 / 7.1 / 10.0 / 8.3 / 9.7 / 8.2,Hitter,1B,NYY,AL,24,FALSE,0,98.58,0
7,Overall,All,3,Walter Johnson,johnswa01,1910,1919,10,120.26,12.03,11.0 / 9.0 / 15.4 / 16.6 / 13.1 / 12.8 / 11.2 / 8.4 / 11.8 / 11.0,Pitcher,P,MIN,AL,22,TRUE,0,8.85,111.41
7,Overall,All,4,Honus Wagner,wagneho01,1901,1909,9,79.58,8.84,7.2 / 7.3 / 7.6 / 8.3 / 10.2 / 9.3 / 9.0 / 11.5 / 9.2,Hitter,SS,PIT,NL,27,FALSE,0,79.51,0.07
7,Overall,All,5,Cy Young,youngcy01,1898,1905,8,70.14,8.77,7.6 / 8.2 / 7.1 / 12.4 / 10.1 / 8.1 / 9.6 / 7.1,Pitcher,P,BOS,Mixed,31,FALSE,0,1.94,68.2
7,Role,Hitter,1,Willie Mays,mayswi01,1954,1966,13,124.09,9.55,10.4 / 9.2 / 7.6 / 8.3 / 10.2 / 7.8 / 9.5 / 8.7 / 10.5 / 10.6 / 11.0 / 11.2 / 9.0,Hitter,OF,SFG,NL,23,FALSE,0,124.09,0
7,Role,Hitter,2,Lou Gehrig,gehrilo01,1927,1937,11,98.58,8.96,11.8 / 9.5 / 7.5 / 9.6 / 8.6 / 8.2 / 7.1 / 10.0 / 8.3 / 9.7 / 8.2,Hitter,1B,NYY,AL,24,FALSE,0,98.58,0
7,Role,Hitter,3,Honus Wagner,wagneho01,1901,1909,9,79.58,8.84,7.2 / 7.3 / 7.6 / 8.3 / 10.2 / 9.3 / 9.0 / 11.5 / 9.2,Hitter,SS,PIT,NL,27,FALSE,0,79.51,0.07
7,Role,Hitter,4,Albert Pujols,pujolal01,2003,2010,8,69.25,8.66,8.6 / 8.5 / 8.4 / 8.5 / 8.7 / 9.2 / 9.7 / 7.5,Hitter,1B,STL,NL,23,FALSE,0,69.25,0
7,Role,Hitter,5,Hank Aaron,aaronha01,1956,1963,8,66.26,8.28,7.2 / 8.0 / 7.3 / 8.6 / 8.0 / 9.4 / 8.6 / 9.1,Hitter,OF,ATL,NL,22,FALSE,0,66.26,0
7,Role,Pitcher,1,Walter Johnson,johnswa01,1910,1919,10,120.26,12.03,11.0 / 9.0 / 15.4 / 16.6 / 13.1 / 12.8 / 11.2 / 8.4 / 11.8 / 11.0,Pitcher,P,MIN,AL,22,TRUE,0,8.85,111.41
7,Role,Pitcher,2,Cy Young,youngcy01,1898,1905,8,70.14,8.77,7.6 / 8.2 / 7.1 / 12.4 / 10.1 / 8.1 / 9.6 / 7.1,Pitcher,P,BOS,Mixed,31,FALSE,0,1.94,68.2
7,Role,Pitcher,3,Christy Mathewson,mathech01,1907,1913,7,64.23,9.18,8.8 / 11.8 / 10.6 / 9.1 / 8.2 / 8.5 / 7.2,Pitcher,P,SFG,NL,26,FALSE,0,2.7,61.53
7,Role,Pitcher,4,Jim McCormick,mccorji01,1879,1884,6,61.52,10.25,9.8 / 10.8 / 7.0 / 10.9 / 8.2 / 14.8,Pitcher,P,CBL,NL,22,FALSE,0,0.52,61
7,Role,Pitcher,5,Kid Nichols,nichoki01,1890,1895,6,60.44,10.07,13.0 / 9.3 / 8.8 / 11.7 / 8.2 / 9.5,Pitcher,P,ATL,NL,20,FALSE,0,-0.99,61.43
7,Role,Two-way / mixed,1,Babe Ruth,ruthba01,1916,1921,6,60.39,10.06,10.4 / 8.6 / 7.0 / 10.0 / 11.8 / 12.6,Two-way / mixed,OF,NYY,AL,21,TRUE,0,42.35,18.04
7,Role,Two-way / mixed,2,Old Hoss Radbourn,radboch01,1882,1885,4,50.14,12.54,7.9 / 14.3 / 19.4 / 8.5,Two-way / mixed,P,PRO,NL,27,FALSE,0,3.02,47.12
7,Role,Two-way / mixed,3,Jim Whitney,whitnji01,1881,1884,4,38.85,9.71,8.6 / 8.4 / 13.4 / 8.4,Two-way / mixed,Two-way,ATL,NL,23,FALSE,0,6.63,32.22
7,Role,Two-way / mixed,4,Shohei Ohtani,ohtansh01,2021,2024,4,37.56,9.39,9.0 / 9.6 / 9.9 / 9.0,Two-way / mixed,Two-way,ANA,Mixed,26,FALSE,0,23.44,14.12
7,Role,Two-way / mixed,5,Bob Caruthers,carutbo01,1885,1887,3,32.26,10.75,10.0 / 11.6 / 10.7,Two-way / mixed,Two-way,STL,Other (AA/UA/PL/FL),21,FALSE,0,8.32,23.94
7,Position,1B,1,Lou Gehrig,gehrilo01,1927,1937,11,98.58,8.96,11.8 / 9.5 / 7.5 / 9.6 / 8.6 / 8.2 / 7.1 / 10.0 / 8.3 / 9.7 / 8.2,Hitter,1B,NYY,AL,24,FALSE,0,98.58,0
7,Position,1B,2,Albert Pujols,pujolal01,2003,2010,8,69.25,8.66,8.6 / 8.5 / 8.4 / 8.5 / 8.7 / 9.2 / 9.7 / 7.5,Hitter,1B,STL,NL,23,FALSE,0,69.25,0
7,Position,1B,3,Jimmie Foxx,foxxji01,1932,1935,4,35.59,8.9,10.3 / 9.0 / 8.3 / 8.0,Hitter,1B,OAK,AL,24,FALSE,0,35.59,0
7,Position,1B,4,Jason Giambi,giambja01,2000,2002,3,23.96,7.99,7.8 / 9.2 / 7.0,Hitter,1B,OAK,AL,29,FALSE,0,23.96,0
7,Position,1B,5,Miguel Cabrera,cabremi01,2011,2013,3,22.25,7.42,7.6 / 7.1 / 7.5,Hitter,1B,DET,AL,28,FALSE,0,22.25,0
7,Position,2B,1,Joe Morgan,morgajo02,1972,1976,5,47.79,9.56,9.3 / 9.3 / 8.6 / 11.0 / 9.6,Hitter,2B,CIN,NL,28,FALSE,0,47.79,0
7,Position,2B,2,Eddie Collins,collied01,1912,1916,5,43.24,8.65,8.8 / 9.4 / 8.9 / 9.1 / 7.0,Hitter,2B,OAK,AL,25,FALSE,0,43.24,0
7,Position,2B,3,Charlie Gehringer,gehrich01,1933,1937,5,40.43,8.09,7.2 / 8.9 / 8.6 / 7.9 / 7.8,Hitter,2B,DET,AL,30,FALSE,0,40.43,0
7,Position,2B,4,Chase Utley,utleych01,2005,2009,5,39.66,7.93,7.3 / 7.3 / 7.8 / 9.0 / 8.2,Hitter,2B,PHI,NL,26,FALSE,0,39.66,0
7,Position,2B,5,Jackie Robinson,robinja02,1949,1952,4,34.75,8.69,9.3 / 7.4 / 9.6 / 8.4,Hitter,2B,LAD,NL,30,FALSE,0,34.75,0
7,Position,3B,1,Wade Boggs,boggswa01,1985,1989,5,42.18,8.44,9.1 / 8.1 / 8.3 / 8.3 / 8.4,Hitter,3B,BOS,AL,27,FALSE,0,42.18,0
7,Position,3B,2,Ron Santo,santoro01,1964,1967,4,35.24,8.81,8.9 / 7.7 / 8.9 / 9.8,Hitter,3B,CHC,NL,24,FALSE,0,35.24,0
7,Position,3B,3,Mike Schmidt,schmimi01,1974,1977,4,34.28,8.57,9.7 / 7.7 / 8.0 / 8.8,Hitter,3B,PHI,NL,24,FALSE,0,34.28,0
7,Position,3B,4,Home Run Baker,bakerfr01,1912,1914,3,24.68,8.23,9.0 / 8.2 / 7.4,Hitter,3B,OAK,AL,26,FALSE,0,24.68,0
7,Position,3B,5,Eddie Mathews,matheed01,1953,1955,3,23.02,7.67,8.1 / 7.7 / 7.2,Hitter,3B,ATL,NL,21,FALSE,0,23.02,0
7,Position,C,1,Gary Carter,cartega01,1982,1984,3,23.16,7.72,8.6 / 7.1 / 7.4,Hitter,C,WSN,NL,28,FALSE,0,23.16,0
7,Position,C,2,Mike Piazza,piazzmi01,1997,1997,1,8.67,8.67,8.7,Hitter,C,LAD,NL,28,FALSE,0,8.67,0
7,Position,C,3,Johnny Bench,benchjo01,1972,1972,1,8.57,8.57,8.6,Hitter,C,CIN,NL,24,FALSE,0,8.57,0
7,Position,C,4,Joe Mauer,mauerjo01,2009,2009,1,7.83,7.83,7.8,Hitter,C,MIN,AL,26,FALSE,0,7.83,0
7,Position,C,5,Darrell Porter,porteda02,1979,1979,1,7.63,7.63,7.6,Hitter,C,KCR,AL,27,FALSE,0,7.63,0
7,Position,DH,1,Edgar Martinez,martied01,1995,1995,1,7.05,7.05,7.0,Hitter,DH,SEA,AL,32,TRUE,0,7.05,0
7,Position,OF,1,Willie Mays,mayswi01,1954,1966,13,124.09,9.55,10.4 / 9.2 / 7.6 / 8.3 / 10.2 / 7.8 / 9.5 / 8.7 / 10.5 / 10.6 / 11.0 / 11.2 / 9.0,Hitter,OF,SFG,NL,23,FALSE,0,124.09,0
7,Position,OF,2,Hank Aaron,aaronha01,1956,1963,8,66.26,8.28,7.2 / 8.0 / 7.3 / 8.6 / 8.0 / 9.4 / 8.6 / 9.1,Hitter,OF,ATL,NL,22,FALSE,0,66.26,0
7,Position,OF,3,Babe Ruth,ruthba01,1926,1932,7,71.72,10.25,11.4 / 12.6 / 10.2 / 8.1 / 10.5 / 10.6 / 8.5,Hitter,OF,NYY,AL,31,FALSE,0,71.5,0.22
7,Position,OF,4,Tris Speaker,speaktr01,1912,1917,6,52.62,8.77,10.1 / 8.8 / 9.9 / 7.1 / 8.9 / 7.9,Hitter,OF,BOS,AL,24,FALSE,0,52.69,-0.07
7,Position,OF,5,Stan Musial,musiast01,1948,1953,6,51.56,8.59,11.3 / 9.1 / 7.2 / 8.8 / 7.5 / 7.6,Hitter,OF,STL,NL,27,FALSE,0,51.56,0
7,Position,P,1,Walter Johnson,johnswa01,1910,1919,10,120.26,12.03,11.0 / 9.0 / 15.4 / 16.6 / 13.1 / 12.8 / 11.2 / 8.4 / 11.8 / 11.0,Pitcher,P,MIN,AL,22,TRUE,0,8.85,111.41
7,Position,P,2,Cy Young,youngcy01,1898,1905,8,70.14,8.77,7.6 / 8.2 / 7.1 / 12.4 / 10.1 / 8.1 / 9.6 / 7.1,Pitcher,P,BOS,Mixed,31,FALSE,0,1.94,68.2
7,Position,P,3,Christy Mathewson,mathech01,1907,1913,7,64.23,9.18,8.8 / 11.8 / 10.6 / 9.1 / 8.2 / 8.5 / 7.2,Pitcher,P,SFG,NL,26,FALSE,0,2.7,61.53
7,Position,P,4,Jim McCormick,mccorji01,1879,1884,6,61.52,10.25,9.8 / 10.8 / 7.0 / 10.9 / 8.2 / 14.8,Pitcher,P,CBL,NL,22,FALSE,0,0.52,61
7,Position,P,5,Kid Nichols,nichoki01,1890,1895,6,60.44,10.07,13.0 / 9.3 / 8.8 / 11.7 / 8.2 / 9.5,Pitcher,P,ATL,NL,20,FALSE,0,-0.99,61.43
7,Position,SS,1,Honus Wagner,wagneho01,1901,1909,9,79.58,8.84,7.2 / 7.3 / 7.6 / 8.3 / 10.2 / 9.3 / 9.0 / 11.5 / 9.2,Hitter,SS,PIT,NL,27,FALSE,0,79.51,0.07
7,Position,SS,2,Alex Rodriguez,rodrial01,2000,2005,6,52.84,8.81,10.4 / 8.3 / 8.8 / 8.4 / 7.6 / 9.4,Hitter,SS,SEA,AL,24,FALSE,0,52.84,0
7,Position,SS,3,Hughie Jennings,jennihu01,1895,1898,4,31.06,7.77,7.5 / 8.3 / 7.3 / 7.9,Hitter,SS,BLO,NL,26,FALSE,0,31.06,0
7,Position,SS,4,Ernie Banks,bankser01,1958,1960,3,27.43,9.14,9.3 / 10.2 / 7.9,Hitter,SS,CHC,NL,27,FALSE,0,27.43,0
7,Position,SS,5,Arky Vaughan,vaughar01,1934,1936,3,24.97,8.32,7.3 / 9.7 / 7.9,Hitter,SS,PIT,NL,22,FALSE,0,24.97,0
7,Position,Two-way,1,Jim Whitney,whitnji01,1881,1884,4,38.85,9.71,8.6 / 8.4 / 13.4 / 8.4,Two-way / mixed,Two-way,ATL,NL,23,FALSE,0,6.63,32.22
7,Position,Two-way,2,Shohei Ohtani,ohtansh01,2021,2024,4,37.56,9.39,9.0 / 9.6 / 9.9 / 9.0,Two-way / mixed,Two-way,ANA,Mixed,26,FALSE,0,23.44,14.12
7,Position,Two-way,3,Bob Caruthers,carutbo01,1885,1887,3,32.26,10.75,10.0 / 11.6 / 10.7,Two-way / mixed,Two-way,STL,Other (AA/UA/PL/FL),21,FALSE,0,8.32,23.94
7,Position,Two-way,4,Tony Mullane,mullato01,1884,1884,1,13.24,13.24,13.2,Two-way / mixed,Two-way,TOL,Other (AA/UA/PL/FL),25,FALSE,0,1.66,11.58
7,Position,Two-way,5,Charlie Sweeney,sweench01,1884,1884,1,11.19,11.19,11.2,Two-way / mixed,Two-way,SLM,Other (AA/UA/PL/FL),21,FALSE,0,2.41,8.78
7,Decade (start year),1870s,1,Jim McCormick,mccorji01,1879,1884,6,61.52,10.25,9.8 / 10.8 / 7.0 / 10.9 / 8.2 / 14.8,Pitcher,P,CBL,NL,22,FALSE,0,0.52,61
7,Decade (start year),1870s,2,Tommy Bond,bondto01,1876,1879,4,49.64,12.41,10.4 / 11.5 / 13.4 / 14.3,Pitcher,P,ATL,NL,20,FALSE,0,-0.72,50.36
7,Decade (start year),1870s,3,Jim Devlin,devliji01,1876,1877,2,31.7,15.85,18.3 / 13.4,Pitcher,P,LGR,NL,27,FALSE,0,0.86,30.84
7,Decade (start year),1870s,4,John Ward,wardjo01,1879,1880,2,16.8,8.4,9.2 / 7.6,Pitcher,P,PRO,NL,19,FALSE,0,2.82,13.98
7,Decade (start year),1870s,5,Al Spalding,spaldal01,1876,1876,1,10.16,10.16,10.2,Pitcher,P,CHC,NL,25,FALSE,0,0.79,9.37
7,Decade (start year),1880s,1,Old Hoss Radbourn,radboch01,1882,1885,4,50.14,12.54,7.9 / 14.3 / 19.4 / 8.5,Two-way / mixed,P,PRO,NL,27,FALSE,0,3.02,47.12
7,Decade (start year),1880s,2,Jim Whitney,whitnji01,1881,1884,4,38.85,9.71,8.6 / 8.4 / 13.4 / 8.4,Two-way / mixed,Two-way,ATL,NL,23,FALSE,0,6.63,32.22
7,Decade (start year),1880s,3,Silver King,kingsi01,1888,1890,3,36.95,12.32,16.0 / 8.5 / 12.4,Pitcher,P,STL,Mixed,20,FALSE,0,0.77,36.18
7,Decade (start year),1880s,4,John Clarkson,clarkjo01,1889,1891,3,34.93,11.64,16.2 / 8.9 / 9.9,Pitcher,P,ATL,NL,27,FALSE,0,-0.09,35.02
7,Decade (start year),1880s,5,Bob Caruthers,carutbo01,1885,1887,3,32.26,10.75,10.0 / 11.6 / 10.7,Two-way / mixed,Two-way,STL,Other (AA/UA/PL/FL),21,FALSE,0,8.32,23.94
7,Decade (start year),1890s,1,Cy Young,youngcy01,1898,1905,8,70.14,8.77,7.6 / 8.2 / 7.1 / 12.4 / 10.1 / 8.1 / 9.6 / 7.1,Pitcher,P,BOS,Mixed,31,FALSE,0,1.94,68.2
7,Decade (start year),1890s,2,Kid Nichols,nichoki01,1890,1895,6,60.44,10.07,13.0 / 9.3 / 8.8 / 11.7 / 8.2 / 9.5,Pitcher,P,ATL,NL,20,FALSE,0,-0.99,61.43
7,Decade (start year),1890s,3,Amos Rusie,rusieam01,1890,1894,5,49.02,9.8,8.2 / 8.7 / 7.2 / 11.2 / 13.7,Pitcher,P,SFG,NL,19,FALSE,0,1.68,47.34
7,Decade (start year),1890s,4,Hughie Jennings,jennihu01,1895,1898,4,31.06,7.77,7.5 / 8.3 / 7.3 / 7.9,Hitter,SS,BLO,NL,26,FALSE,0,31.06,0
7,Decade (start year),1890s,5,Theodore Breitenstein,breitte01,1893,1895,3,27.64,9.21,11.0 / 9.1 / 7.5,Pitcher,P,STL,NL,24,FALSE,0,-1.95,29.59
7,Decade (start year),1900s,1,Honus Wagner,wagneho01,1901,1909,9,79.58,8.84,7.2 / 7.3 / 7.6 / 8.3 / 10.2 / 9.3 / 9.0 / 11.5 / 9.2,Hitter,SS,PIT,NL,27,FALSE,0,79.51,0.07
7,Decade (start year),1900s,2,Christy Mathewson,mathech01,1907,1913,7,64.23,9.18,8.8 / 11.8 / 10.6 / 9.1 / 8.2 / 8.5 / 7.2,Pitcher,P,SFG,NL,26,FALSE,0,2.7,61.53
7,Decade (start year),1900s,3,Ty Cobb,cobbty01,1909,1912,4,39.57,9.89,9.9 / 10.3 / 10.5 / 8.8,Hitter,OF,DET,AL,22,FALSE,0,39.57,0
7,Decade (start year),1900s,4,Joe McGinnity,mcginjo01,1901,1904,4,37.62,9.41,7.6 / 8.8 / 11.9 / 9.3,Pitcher,P,SFG,Mixed,30,FALSE,0,-1.18,38.8
7,Decade (start year),1900s,5,Rube Waddell,wadderu01,1902,1905,4,37.02,9.25,9.7 / 7.5 / 10.4 / 9.3,Pitcher,P,OAK,AL,25,FALSE,0,-1.09,38.11
7,Decade (start year),1910s,1,Walter Johnson,johnswa01,1910,1919,10,120.26,12.03,11.0 / 9.0 / 15.4 / 16.6 / 13.1 / 12.8 / 11.2 / 8.4 / 11.8 / 11.0,Pitcher,P,MIN,AL,22,TRUE,0,8.85,111.41
7,Decade (start year),1910s,2,Babe Ruth,ruthba01,1916,1921,6,60.39,10.06,10.4 / 8.6 / 7.0 / 10.0 / 11.8 / 12.6,Two-way / mixed,OF,NYY,AL,21,TRUE,0,42.35,18.04
7,Decade (start year),1910s,3,Tris Speaker,speaktr01,1912,1917,6,52.62,8.77,10.1 / 8.8 / 9.9 / 7.1 / 8.9 / 7.9,Hitter,OF,BOS,AL,24,FALSE,0,52.69,-0.07
7,Decade (start year),1910s,4,Eddie Collins,collied01,1912,1916,5,43.24,8.65,8.8 / 9.4 / 8.9 / 9.1 / 7.0,Hitter,2B,OAK,AL,25,FALSE,0,43.24,0
7,Decade (start year),1910s,5,Pete Alexander,alexape01,1914,1917,4,42.1,10.52,9.3 / 10.9 / 12.1 / 9.8,Pitcher,P,PHI,NL,27,FALSE,0,1.98,40.12
7,Decade (start year),1920s,1,Lou Gehrig,gehrilo01,1927,1937,11,98.58,8.96,11.8 / 9.5 / 7.5 / 9.6 / 8.6 / 8.2 / 7.1 / 10.0 / 8.3 / 9.7 / 8.2,Hitter,1B,NYY,AL,24,FALSE,0,98.58,0
7,Decade (start year),1920s,2,Babe Ruth,ruthba01,1926,1932,7,71.72,10.25,11.4 / 12.6 / 10.2 / 8.1 / 10.5 / 10.6 / 8.5,Hitter,OF,NYY,AL,31,FALSE,0,71.5,0.22
7,Decade (start year),1920s,3,Lefty Grove,grovele01,1928,1933,6,51.55,8.59,7.2 / 7.4 / 10.3 / 10.0 / 9.2 / 7.3,Pitcher,P,OAK,AL,28,FALSE,0,-1.51,53.06
7,Decade (start year),1920s,4,Rogers Hornsby,hornsro01,1920,1922,3,30.67,10.22,9.7 / 10.9 / 10.1,Hitter,2B,STL,NL,24,FALSE,0,30.67,0
7,Decade (start year),1920s,5,Al Simmons,simmoal01,1929,1931,3,23.04,7.68,7.8 / 7.8 / 7.4,Hitter,OF,OAK,AL,27,FALSE,0,23.04,0
7,Decade (start year),1930s,1,Charlie Gehringer,gehrich01,1933,1937,5,40.43,8.09,7.2 / 8.9 / 8.6 / 7.9 / 7.8,Hitter,2B,DET,AL,30,FALSE,0,40.43,0
7,Decade (start year),1930s,2,Jimmie Foxx,foxxji01,1932,1935,4,35.59,8.9,10.3 / 9.0 / 8.3 / 8.0,Hitter,1B,OAK,AL,24,FALSE,0,35.59,0
7,Decade (start year),1930s,3,Lefty Grove,grovele01,1935,1937,3,28.57,9.52,8.8 / 10.6 / 9.2,Pitcher,P,BOS,AL,35,FALSE,0,-1.81,30.38
7,Decade (start year),1930s,4,Bob Feller,fellebo01,1939,1941,3,27.75,9.25,9.7 / 9.8 / 8.2,Pitcher,P,CLE,AL,20,FALSE,0,0.44,27.31
7,Decade (start year),1930s,5,Arky Vaughan,vaughar01,1934,1936,3,24.97,8.32,7.3 / 9.7 / 7.9,Hitter,SS,PIT,NL,22,FALSE,0,24.97,0
7,Decade (start year),1940s,1,Stan Musial,musiast01,1948,1953,6,51.56,8.59,11.3 / 9.1 / 7.2 / 8.8 / 7.5 / 7.6,Hitter,OF,STL,NL,27,FALSE,0,51.56,0
7,Decade (start year),1940s,2,Ted Williams,willite01,1946,1949,4,37.42,9.36,10.6 / 9.5 / 8.3 / 9.0,Hitter,OF,BOS,AL,27,FALSE,0,37.42,0
7,Decade (start year),1940s,3,Jackie Robinson,robinja02,1949,1952,4,34.75,8.69,9.3 / 7.4 / 9.6 / 8.4,Hitter,2B,LAD,NL,30,FALSE,0,34.75,0
7,Decade (start year),1940s,4,Hal Newhouser,newhoha01,1944,1946,3,30.08,10.03,8.4 / 12.2 / 9.6,Pitcher,P,DET,AL,23,FALSE,0,1.34,28.74
7,Decade (start year),1940s,5,Lou Boudreau,boudrlo01,1947,1948,2,17.63,8.81,7.3 / 10.4,Hitter,SS,CLE,AL,29,FALSE,0,17.63,0
7,Decade (start year),1950s,1,Willie Mays,mayswi01,1954,1966,13,124.09,9.55,10.4 / 9.2 / 7.6 / 8.3 / 10.2 / 7.8 / 9.5 / 8.7 / 10.5 / 10.6 / 11.0 / 11.2 / 9.0,Hitter,OF,SFG,NL,23,FALSE,0,124.09,0
7,Decade (start year),1950s,2,Hank Aaron,aaronha01,1956,1963,8,66.26,8.28,7.2 / 8.0 / 7.3 / 8.6 / 8.0 / 9.4 / 8.6 / 9.1,Hitter,OF,ATL,NL,22,FALSE,0,66.26,0
7,Decade (start year),1950s,3,Mickey Mantle,mantlmi01,1955,1958,4,40.79,10.2,9.5 / 11.2 / 11.3 / 8.7,Hitter,OF,NYY,AL,23,FALSE,0,40.79,0
7,Decade (start year),1950s,4,Robin Roberts,roberro01,1951,1954,4,35.84,8.96,8.7 / 8.6 / 9.9 / 8.7,Pitcher,P,PHI,NL,24,FALSE,0,0.64,35.2
7,Decade (start year),1950s,5,Duke Snider,snidedu01,1953,1956,4,33.43,8.36,9.1 / 8.1 / 8.6 / 7.6,Hitter,OF,LAD,NL,26,FALSE,0,33.43,0
7,Decade (start year),1960s,1,Roberto Clemente,clemero01,1964,1969,6,47.19,7.86,7.2 / 7.2 / 8.2 / 8.9 / 8.2 / 7.5,Hitter,OF,PIT,NL,29,FALSE,0,47.19,0
7,Decade (start year),1960s,2,Ron Santo,santoro01,1964,1967,4,35.24,8.81,8.9 / 7.7 / 8.9 / 9.8,Hitter,3B,CHC,NL,24,FALSE,0,35.24,0
7,Decade (start year),1960s,3,Bob Gibson,gibsobo01,1968,1970,3,33.21,11.07,11.9 / 11.3 / 10.1,Pitcher,P,STL,NL,32,FALSE,0,2.69,30.52
7,Decade (start year),1960s,4,Jim Bunning,bunniji01,1965,1967,3,25.23,8.41,8.3 / 9.0 / 8.0,Pitcher,P,PHI,NL,33,FALSE,0,0.47,24.76
7,Decade (start year),1960s,5,Hank Aaron,aaronha01,1965,1967,3,24.23,8.08,7.9 / 7.8 / 8.5,Hitter,OF,ATL,NL,31,FALSE,0,24.23,0
7,Decade (start year),1970s,1,Joe Morgan,morgajo02,1972,1976,5,47.79,9.56,9.3 / 9.3 / 8.6 / 11.0 / 9.6,Hitter,2B,CIN,NL,28,FALSE,0,47.79,0
7,Decade (start year),1970s,2,Mike Schmidt,schmimi01,1974,1977,4,34.28,8.57,9.7 / 7.7 / 8.0 / 8.8,Hitter,3B,PHI,NL,24,FALSE,0,34.28,0
7,Decade (start year),1970s,3,Wilbur Wood,woodwi01,1971,1973,3,28.87,9.62,11.0 / 10.3 / 7.5,Pitcher,P,CHW,AL,29,FALSE,0,-1.14,30.01
7,Decade (start year),1970s,4,Gaylord Perry,perryga01,1972,1974,3,27.32,9.11,11.0 / 7.8 / 8.5,Pitcher,P,CLE,AL,33,FALSE,0,0.2,27.12
7,Decade (start year),1970s,5,Phil Niekro,niekrph01,1977,1979,3,26.58,8.86,8.5 / 10.4 / 7.7,Pitcher,P,ATL,NL,38,FALSE,0,0.29,26.29
7,Decade (start year),1980s,1,Barry Bonds,bondsba01,1989,1993,5,44.66,8.93,8.0 / 9.7 / 8.0 / 9.0 / 9.9,Hitter,OF,SFG,NL,24,FALSE,0,44.66,0
7,Decade (start year),1980s,2,Wade Boggs,boggswa01,1985,1989,5,42.18,8.44,9.1 / 8.1 / 8.3 / 8.3 / 8.4,Hitter,3B,BOS,AL,27,FALSE,0,42.18,0
7,Decade (start year),1980s,3,Roger Clemens,clemero02,1986,1988,3,25.35,8.45,8.8 / 9.4 / 7.1,Pitcher,P,BOS,AL,23,FALSE,0,0,25.35
7,Decade (start year),1980s,4,Gary Carter,cartega01,1982,1984,3,23.16,7.72,8.6 / 7.1 / 7.4,Hitter,C,WSN,NL,28,FALSE,0,23.16,0
7,Decade (start year),1980s,5,Orel Hershiser,hershor01,1987,1989,3,21.71,7.24,7.3 / 7.1 / 7.3,Pitcher,P,LAD,NL,28,FALSE,0,1.06,20.65
7,Decade (start year),1990s,1,Greg Maddux,maddugr01,1994,1998,5,40.29,8.06,8.7 / 9.6 / 7.2 / 7.7 / 7.1,Pitcher,P,ATL,NL,28,TRUE,0,0.53,39.76
7,Decade (start year),1990s,2,Pedro Martinez,martipe02,1997,2000,4,37.36,9.34,8.8 / 7.1 / 9.8 / 11.7,Pitcher,P,BOS,Mixed,25,FALSE,0,-0.38,37.74
7,Decade (start year),1990s,3,Randy Johnson,johnsra05,1999,2002,4,36.7,9.18,8.6 / 8.1 / 9.5 / 10.5,Pitcher,P,ARI,NL,35,FALSE,0,-1.39,38.09
7,Decade (start year),1990s,4,Barry Bonds,bondsba01,1995,1998,4,33.43,8.36,7.5 / 9.6 / 8.2 / 8.1,Hitter,OF,SFG,NL,30,TRUE,0,33.43,0
7,Decade (start year),1990s,5,Roger Clemens,clemero02,1996,1998,3,27.99,9.33,7.8 / 12.1 / 8.1,Pitcher,P,TOR,AL,33,FALSE,0,0.22,27.77
7,Decade (start year),2000s,1,Albert Pujols,pujolal01,2003,2010,8,69.25,8.66,8.6 / 8.5 / 8.4 / 8.5 / 8.7 / 9.2 / 9.7 / 7.5,Hitter,1B,STL,NL,23,FALSE,0,69.25,0
7,Decade (start year),2000s,2,Alex Rodriguez,rodrial01,2000,2005,6,52.84,8.81,10.4 / 8.3 / 8.8 / 8.4 / 7.6 / 9.4,Hitter,SS,SEA,AL,24,FALSE,0,52.84,0
7,Decade (start year),2000s,3,Barry Bonds,bondsba01,2000,2004,5,51.12,10.22,7.7 / 11.9 / 11.7 / 9.2 / 10.6,Hitter,OF,SFG,NL,35,FALSE,0,51.12,0
7,Decade (start year),2000s,4,Chase Utley,utleych01,2005,2009,5,39.66,7.93,7.3 / 7.3 / 7.8 / 9.0 / 8.2,Hitter,2B,PHI,NL,26,FALSE,0,39.66,0
7,Decade (start year),2000s,5,Jason Giambi,giambja01,2000,2002,3,23.96,7.99,7.8 / 9.2 / 7.0,Hitter,1B,OAK,AL,29,FALSE,0,23.96,0
7,Decade (start year),2010s,1,Mike Trout,troutmi01,2012,2016,5,47.07,9.41,10.5 / 8.9 / 7.7 / 9.5 / 10.4,Hitter,OF,ANA,AL,20,FALSE,0,47.07,0
7,Decade (start year),2010s,2,Clayton Kershaw,kershcl01,2013,2015,3,24.1,8.03,8.6 / 8.2 / 7.3,Pitcher,P,LAD,NL,25,FALSE,0,1.02,23.08
7,Decade (start year),2010s,3,Miguel Cabrera,cabremi01,2011,2013,3,22.25,7.42,7.6 / 7.1 / 7.5,Hitter,1B,DET,AL,28,FALSE,0,22.25,0
7,Decade (start year),2010s,4,Mookie Betts,bettsmo01,2018,2019,2,17.97,8.98,10.7 / 7.2,Hitter,OF,BOS,AL,25,FALSE,0,17.97,0
7,Decade (start year),2010s,5,Jacob deGrom,degroja01,2018,2019,2,17.63,8.81,9.9 / 7.7,Pitcher,P,NYM,NL,30,FALSE,0,1.01,16.62
7,Decade (start year),2020s,1,Shohei Ohtani,ohtansh01,2021,2024,4,37.56,9.39,9.0 / 9.6 / 9.9 / 9.0,Two-way / mixed,Two-way,ANA,Mixed,26,FALSE,0,23.44,14.12
7,Decade (start year),2020s,2,Aaron Judge,judgeaa01,2024,2024,1,10.9,10.9,10.9,Hitter,OF,NYY,AL,32,FALSE,0,10.9,0
7,Decade (start year),2020s,3,Bobby Witt,wittbo02,2024,2024,1,9.62,9.62,9.6,Hitter,SS,KCR,AL,24,FALSE,0,9.62,0
7,Decade (start year),2020s,4,Jarren Duran,duranja01,2024,2024,1,8.99,8.99,9.0,Hitter,OF,BOS,AL,27,FALSE,0,8.99,0
7,Decade (start year),2020s,5,Gunnar Henderson,hendegu01,2024,2024,1,8.79,8.79,8.8,Hitter,SS,BAL,AL,23,FALSE,0,8.79,0
7,Age at start,25-27,1,Honus Wagner,wagneho01,1901,1909,9,79.58,8.84,7.2 / 7.3 / 7.6 / 8.3 / 10.2 / 9.3 / 9.0 / 11.5 / 9.2,Hitter,SS,PIT,NL,27,FALSE,0,79.51,0.07
7,Age at start,25-27,2,Christy Mathewson,mathech01,1907,1913,7,64.23,9.18,8.8 / 11.8 / 10.6 / 9.1 / 8.2 / 8.5 / 7.2,Pitcher,P,SFG,NL,26,FALSE,0,2.7,61.53
7,Age at start,25-27,3,Stan Musial,musiast01,1948,1953,6,51.56,8.59,11.3 / 9.1 / 7.2 / 8.8 / 7.5 / 7.6,Hitter,OF,STL,NL,27,FALSE,0,51.56,0
7,Age at start,25-27,4,Cy Young,youngcy01,1892,1896,5,54.26,10.85,13.0 / 10.6 / 8.5 / 11.6 / 10.5,Pitcher,P,CLV,NL,25,FALSE,0,-2.31,56.57
7,Age at start,25-27,5,Eddie Collins,collied01,1912,1916,5,43.24,8.65,8.8 / 9.4 / 8.9 / 9.1 / 7.0,Hitter,2B,OAK,AL,25,FALSE,0,43.24,0
7,Age at start,28-30,1,Lefty Grove,grovele01,1928,1933,6,51.55,8.59,7.2 / 7.4 / 10.3 / 10.0 / 9.2 / 7.3,Pitcher,P,OAK,AL,28,FALSE,0,-1.51,53.06
7,Age at start,28-30,2,Roberto Clemente,clemero01,1964,1969,6,47.19,7.86,7.2 / 7.2 / 8.2 / 8.9 / 8.2 / 7.5,Hitter,OF,PIT,NL,29,FALSE,0,47.19,0
7,Age at start,28-30,3,Joe Morgan,morgajo02,1972,1976,5,47.79,9.56,9.3 / 9.3 / 8.6 / 11.0 / 9.6,Hitter,2B,CIN,NL,28,FALSE,0,47.79,0
7,Age at start,28-30,4,Charlie Gehringer,gehrich01,1933,1937,5,40.43,8.09,7.2 / 8.9 / 8.6 / 7.9 / 7.8,Hitter,2B,DET,AL,30,FALSE,0,40.43,0
7,Age at start,28-30,5,Greg Maddux,maddugr01,1994,1998,5,40.29,8.06,8.7 / 9.6 / 7.2 / 7.7 / 7.1,Pitcher,P,ATL,NL,28,TRUE,0,0.53,39.76
7,Age at start,31+,1,Cy Young,youngcy01,1898,1905,8,70.14,8.77,7.6 / 8.2 / 7.1 / 12.4 / 10.1 / 8.1 / 9.6 / 7.1,Pitcher,P,BOS,Mixed,31,FALSE,0,1.94,68.2
7,Age at start,31+,2,Babe Ruth,ruthba01,1926,1932,7,71.72,10.25,11.4 / 12.6 / 10.2 / 8.1 / 10.5 / 10.6 / 8.5,Hitter,OF,NYY,AL,31,FALSE,0,71.5,0.22
7,Age at start,31+,3,Barry Bonds,bondsba01,2000,2004,5,51.12,10.22,7.7 / 11.9 / 11.7 / 9.2 / 10.6,Hitter,OF,SFG,NL,35,FALSE,0,51.12,0
7,Age at start,31+,4,Randy Johnson,johnsra05,1999,2002,4,36.7,9.18,8.6 / 8.1 / 9.5 / 10.5,Pitcher,P,ARI,NL,35,FALSE,0,-1.39,38.09
7,Age at start,31+,5,Bob Gibson,gibsobo01,1968,1970,3,33.21,11.07,11.9 / 11.3 / 10.1,Pitcher,P,STL,NL,32,FALSE,0,2.69,30.52
7,Age at start,<=24,1,Willie Mays,mayswi01,1954,1966,13,124.09,9.55,10.4 / 9.2 / 7.6 / 8.3 / 10.2 / 7.8 / 9.5 / 8.7 / 10.5 / 10.6 / 11.0 / 11.2 / 9.0,Hitter,OF,SFG,NL,23,FALSE,0,124.09,0
7,Age at start,<=24,2,Lou Gehrig,gehrilo01,1927,1937,11,98.58,8.96,11.8 / 9.5 / 7.5 / 9.6 / 8.6 / 8.2 / 7.1 / 10.0 / 8.3 / 9.7 / 8.2,Hitter,1B,NYY,AL,24,FALSE,0,98.58,0
7,Age at start,<=24,3,Walter Johnson,johnswa01,1910,1919,10,120.26,12.03,11.0 / 9.0 / 15.4 / 16.6 / 13.1 / 12.8 / 11.2 / 8.4 / 11.8 / 11.0,Pitcher,P,MIN,AL,22,TRUE,0,8.85,111.41
7,Age at start,<=24,4,Albert Pujols,pujolal01,2003,2010,8,69.25,8.66,8.6 / 8.5 / 8.4 / 8.5 / 8.7 / 9.2 / 9.7 / 7.5,Hitter,1B,STL,NL,23,FALSE,0,69.25,0
7,Age at start,<=24,5,Hank Aaron,aaronha01,1956,1963,8,66.26,8.28,7.2 / 8.0 / 7.3 / 8.6 / 8.0 / 9.4 / 8.6 / 9.1,Hitter,OF,ATL,NL,22,FALSE,0,66.26,0
7,League,AL,1,Lou Gehrig,gehrilo01,1927,1937,11,98.58,8.96,11.8 / 9.5 / 7.5 / 9.6 / 8.6 / 8.2 / 7.1 / 10.0 / 8.3 / 9.7 / 8.2,Hitter,1B,NYY,AL,24,FALSE,0,98.58,0
7,League,AL,2,Walter Johnson,johnswa01,1910,1919,10,120.26,12.03,11.0 / 9.0 / 15.4 / 16.6 / 13.1 / 12.8 / 11.2 / 8.4 / 11.8 / 11.0,Pitcher,P,MIN,AL,22,TRUE,0,8.85,111.41
7,League,AL,3,Babe Ruth,ruthba01,1926,1932,7,71.72,10.25,11.4 / 12.6 / 10.2 / 8.1 / 10.5 / 10.6 / 8.5,Hitter,OF,NYY,AL,31,FALSE,0,71.5,0.22
7,League,AL,4,Alex Rodriguez,rodrial01,2000,2005,6,52.84,8.81,10.4 / 8.3 / 8.8 / 8.4 / 7.6 / 9.4,Hitter,SS,SEA,AL,24,FALSE,0,52.84,0
7,League,AL,5,Tris Speaker,speaktr01,1912,1917,6,52.62,8.77,10.1 / 8.8 / 9.9 / 7.1 / 8.9 / 7.9,Hitter,OF,BOS,AL,24,FALSE,0,52.69,-0.07
7,League,Mixed,1,Cy Young,youngcy01,1898,1905,8,70.14,8.77,7.6 / 8.2 / 7.1 / 12.4 / 10.1 / 8.1 / 9.6 / 7.1,Pitcher,P,BOS,Mixed,31,FALSE,0,1.94,68.2
7,League,Mixed,2,Joe McGinnity,mcginjo01,1901,1904,4,37.62,9.41,7.6 / 8.8 / 11.9 / 9.3,Pitcher,P,SFG,Mixed,30,FALSE,0,-1.18,38.8
7,League,Mixed,3,Shohei Ohtani,ohtansh01,2021,2024,4,37.56,9.39,9.0 / 9.6 / 9.9 / 9.0,Two-way / mixed,Two-way,ANA,Mixed,26,FALSE,0,23.44,14.12
7,League,Mixed,4,Pedro Martinez,martipe02,1997,2000,4,37.36,9.34,8.8 / 7.1 / 9.8 / 11.7,Pitcher,P,BOS,Mixed,25,FALSE,0,-0.38,37.74
7,League,Mixed,5,Silver King,kingsi01,1888,1890,3,36.95,12.32,16.0 / 8.5 / 12.4,Pitcher,P,STL,Mixed,20,FALSE,0,0.77,36.18
7,League,NL,1,Willie Mays,mayswi01,1954,1966,13,124.09,9.55,10.4 / 9.2 / 7.6 / 8.3 / 10.2 / 7.8 / 9.5 / 8.7 / 10.5 / 10.6 / 11.0 / 11.2 / 9.0,Hitter,OF,SFG,NL,23,FALSE,0,124.09,0
7,League,NL,2,Honus Wagner,wagneho01,1901,1909,9,79.58,8.84,7.2 / 7.3 / 7.6 / 8.3 / 10.2 / 9.3 / 9.0 / 11.5 / 9.2,Hitter,SS,PIT,NL,27,FALSE,0,79.51,0.07
7,League,NL,3,Albert Pujols,pujolal01,2003,2010,8,69.25,8.66,8.6 / 8.5 / 8.4 / 8.5 / 8.7 / 9.2 / 9.7 / 7.5,Hitter,1B,STL,NL,23,FALSE,0,69.25,0
7,League,NL,4,Hank Aaron,aaronha01,1956,1963,8,66.26,8.28,7.2 / 8.0 / 7.3 / 8.6 / 8.0 / 9.4 / 8.6 / 9.1,Hitter,OF,ATL,NL,22,FALSE,0,66.26,0
7,League,NL,5,Christy Mathewson,mathech01,1907,1913,7,64.23,9.18,8.8 / 11.8 / 10.6 / 9.1 / 8.2 / 8.5 / 7.2,Pitcher,P,SFG,NL,26,FALSE,0,2.7,61.53
7,League,Other (AA/UA/PL/FL),1,Bob Caruthers,carutbo01,1885,1887,3,32.26,10.75,10.0 / 11.6 / 10.7,Two-way / mixed,Two-way,STL,Other (AA/UA/PL/FL),21,FALSE,0,8.32,23.94
7,League,Other (AA/UA/PL/FL),2,Ed Morris,morried01,1884,1886,3,31.59,10.53,8.5 / 12.7 / 10.4,Pitcher,P,PIT,Other (AA/UA/PL/FL),21,FALSE,0,-1.29,32.88
7,League,Other (AA/UA/PL/FL),3,Tim Keefe,keefeti01,1883,1884,2,28.55,14.27,20.2 / 8.3,Pitcher,P,NYP,Other (AA/UA/PL/FL),26,FALSE,0,1.13,27.42
7,League,Other (AA/UA/PL/FL),4,Guy Hecker,heckegu01,1884,1885,2,25.97,12.98,17.8 / 8.2,Pitcher,P,LOU,Other (AA/UA/PL/FL),28,FALSE,0,3.1,22.87
7,League,Other (AA/UA/PL/FL),5,Will White,whitewi01,1882,1883,2,20.55,10.28,11.3 / 9.2,Pitcher,P,CIN,Other (AA/UA/PL/FL),27,FALSE,0,0.47,20.08
7,Franchise (one-team runs only),ANA,1,Mike Trout,troutmi01,2012,2016,5,47.07,9.41,10.5 / 8.9 / 7.7 / 9.5 / 10.4,Hitter,OF,ANA,AL,20,FALSE,0,47.07,0
7,Franchise (one-team runs only),ANA,2,Frank Tanana,tananfr01,1975,1977,3,23.14,7.71,7.3 / 7.5 / 8.3,Pitcher,P,ANA,AL,21,FALSE,0,0.01,23.13
7,Franchise (one-team runs only),ANA,3,Dean Chance,chancde01,1964,1964,1,8.66,8.66,8.7,Pitcher,P,ANA,AL,23,FALSE,0,-0.7,9.36
7,Franchise (one-team runs only),ANA,4,Mark Langston,langsma01,1993,1993,1,8.52,8.52,8.5,Pitcher,P,ANA,AL,32,FALSE,0,0,8.52
7,Franchise (one-team runs only),ANA,5,Darin Erstad,erstada01,2000,2000,1,8.33,8.33,8.3,Hitter,OF,ANA,AL,26,FALSE,0,8.33,0
7,Franchise (one-team runs only),ARI,1,Randy Johnson,johnsra05,1999,2002,4,36.7,9.18,8.6 / 8.1 / 9.5 / 10.5,Pitcher,P,ARI,NL,35,FALSE,0,-1.39,38.09
7,Franchise (one-team runs only),ARI,2,Curt Schilling,schilcu01,2001,2002,2,16.99,8.49,8.5 / 8.5,Pitcher,P,ARI,NL,34,FALSE,0,-0.39,17.38
7,Franchise (one-team runs only),ARI,3,Paul Goldschmidt,goldspa01,2015,2015,1,8.33,8.33,8.3,Hitter,1B,ARI,NL,27,FALSE,0,8.33,0
7,Franchise (one-team runs only),ARI,4,Luis Gonzalez,gonzalu01,2001,2001,1,7.94,7.94,7.9,Hitter,OF,ARI,NL,33,FALSE,0,7.94,0
7,Franchise (one-team runs only),ARI,5,Dan Haren,harenda01,2009,2009,1,7.02,7.02,7.0,Pitcher,P,ARI,NL,28,FALSE,0,0.51,6.51
7,Franchise (one-team runs only),ATL,1,Hank Aaron,aaronha01,1956,1963,8,66.26,8.28,7.2 / 8.0 / 7.3 / 8.6 / 8.0 / 9.4 / 8.6 / 9.1,Hitter,OF,ATL,NL,22,FALSE,0,66.26,0
7,Franchise (one-team runs only),ATL,2,Kid Nichols,nichoki01,1890,1895,6,60.44,10.07,13.0 / 9.3 / 8.8 / 11.7 / 8.2 / 9.5,Pitcher,P,ATL,NL,20,FALSE,0,-0.99,61.43
7,Franchise (one-team runs only),ATL,3,Greg Maddux,maddugr01,1994,1998,5,40.29,8.06,8.7 / 9.6 / 7.2 / 7.7 / 7.1,Pitcher,P,ATL,NL,28,TRUE,0,0.53,39.76
7,Franchise (one-team runs only),ATL,4,Jim Whitney,whitnji01,1881,1884,4,38.85,9.71,8.6 / 8.4 / 13.4 / 8.4,Two-way / mixed,Two-way,ATL,NL,23,FALSE,0,6.63,32.22
7,Franchise (one-team runs only),ATL,5,John Clarkson,clarkjo01,1889,1891,3,34.93,11.64,16.2 / 8.9 / 9.9,Pitcher,P,ATL,NL,27,FALSE,0,-0.09,35.02
7,Franchise (one-team runs only),BAL,1,Bobby Grich,grichbo01,1973,1975,3,22.93,7.64,8.3 / 7.3 / 7.3,Hitter,2B,BAL,AL,24,FALSE,0,22.93,0
7,Franchise (one-team runs only),BAL,2,Cal Ripken,ripkeca01,1990,1991,2,19.04,9.52,7.5 / 11.5,Hitter,SS,BAL,AL,29,FALSE,0,19.04,0
7,Franchise (one-team runs only),BAL,3,Brooks Robinson,robinbr01,1967,1968,2,16.12,8.06,7.7 / 8.4,Hitter,3B,BAL,AL,30,FALSE,0,16.12,0
7,Franchise (one-team runs only),BAL,4,Urban Shocker,shockur01,1921,1922,2,15.96,7.98,8.6 / 7.3,Pitcher,P,BAL,AL,30,FALSE,0,0.93,15.03
7,Franchise (one-team runs only),BAL,5,Ken Williams,willike01,1922,1923,2,15.66,7.83,8.0 / 7.7,Hitter,OF,BAL,AL,32,FALSE,0,15.66,0
7,Franchise (one-team runs only),BLO,1,Hughie Jennings,jennihu01,1895,1898,4,31.06,7.77,7.5 / 8.3 / 7.3 / 7.9,Hitter,SS,BLO,NL,26,FALSE,0,31.06,0
7,Franchise (one-team runs only),BLO,2,John McGraw,mcgrajo01,1898,1899,2,16.57,8.29,7.9 / 8.7,Hitter,3B,BLO,NL,25,FALSE,0,16.57,0
7,Franchise (one-team runs only),BLO,3,Bill Hoffer,hoffebi01,1895,1896,2,16.16,8.08,7.9 / 8.2,Pitcher,P,BLO,NL,24,FALSE,0,0.68,15.48
7,Franchise (one-team runs only),BLO,4,Matt Kilroy,kilroma01,1887,1887,1,12.09,12.09,12.1,Pitcher,P,BLO,Other (AA/UA/PL/FL),21,FALSE,0,1.08,11.01
7,Franchise (one-team runs only),BLO,5,Joe McGinnity,mcginjo01,1899,1899,1,8.67,8.67,8.7,Pitcher,P,BLO,NL,28,FALSE,0,-0.73,9.4
7,Franchise (one-team runs only),BLU,1,Bill Sweeney,sweenbi01,1884,1884,1,7.33,7.33,7.3,Pitcher,P,BLU,Other (AA/UA/PL/FL),26,FALSE,0,-0.17,7.5
7,Franchise (one-team runs only),BOS,1,Wade Boggs,boggswa01,1985,1989,5,42.18,8.44,9.1 / 8.1 / 8.3 / 8.3 / 8.4,Hitter,3B,BOS,AL,27,FALSE,0,42.18,0
7,Franchise (one-team runs only),BOS,2,Ted Williams,willite01,1946,1949,4,37.42,9.36,10.6 / 9.5 / 8.3 / 9.0,Hitter,OF,BOS,AL,27,FALSE,0,37.42,0
7,Franchise (one-team runs only),BOS,3,Lefty Grove,grovele01,1935,1937,3,28.57,9.52,8.8 / 10.6 / 9.2,Pitcher,P,BOS,AL,35,FALSE,0,-1.81,30.38
7,Franchise (one-team runs only),BOS,4,Roger Clemens,clemero02,1990,1992,3,27.09,9.03,10.4 / 7.9 / 8.7,Pitcher,P,BOS,AL,27,FALSE,0,0,27.09
7,Franchise (one-team runs only),BOS,5,Carl Yastrzemski,yastrca01,1967,1968,2,22.93,11.46,12.4 / 10.5,Hitter,OF,BOS,AL,27,FALSE,0,22.93,0
7,Franchise (one-team runs only),BRD,1,Dupee Shaw,shawdu01,1884,1884,1,7.82,7.82,7.8,Pitcher,P,BRD,Other (AA/UA/PL/FL),25,FALSE,0,-0.2,8.02
7,Franchise (one-team runs only),BRS,1,Old Hoss Radbourn,radboch01,1890,1890,1,7.78,7.78,7.8,Pitcher,P,BRS,Other (AA/UA/PL/FL),35,FALSE,0,-0.19,7.97
7,Franchise (one-team runs only),BRS,2,Charlie Buffinton,buffich01,1891,1891,1,7.23,7.23,7.2,Pitcher,P,BRS,Other (AA/UA/PL/FL),30,FALSE,0,-0.29,7.52
7,Franchise (one-team runs only),BRS,3,George Haddock,haddoge01,1891,1891,1,7.12,7.12,7.1,Pitcher,P,BRS,Other (AA/UA/PL/FL),24,FALSE,0,0.44,6.68
7,Franchise (one-team runs only),BUF,1,Pud Galvin,galvipu01,1883,1884,2,28.23,14.12,9.8 / 18.4,Pitcher,P,BUF,NL,26,FALSE,0,-3.23,31.46
7,Franchise (one-team runs only),CBL,1,Jim McCormick,mccorji01,1879,1884,6,61.52,10.25,9.8 / 10.8 / 7.0 / 10.9 / 8.2 / 14.8,Pitcher,P,CBL,NL,22,FALSE,0,0.52,61
7,Franchise (one-team runs only),CHC,1,Ron Santo,santoro01,1964,1967,4,35.24,8.81,8.9 / 7.7 / 8.9 / 9.8,Hitter,3B,CHC,NL,24,FALSE,0,35.24,0
7,Franchise (one-team runs only),CHC,2,Ernie Banks,bankser01,1958,1960,3,27.43,9.14,9.3 / 10.2 / 7.9,Hitter,SS,CHC,NL,27,FALSE,0,27.43,0
7,Franchise (one-team runs only),CHC,3,Bill Hutchison,hutchbi01,1890,1892,3,26.77,8.92,8.2 / 9.4 / 9.1,Pitcher,P,CHC,NL,30,FALSE,0,-0.82,27.59
7,Franchise (one-team runs only),CHC,4,Ryne Sandberg,sandbry01,1990,1992,3,21.95,7.32,7.1 / 7.0 / 7.8,Hitter,2B,CHC,NL,30,FALSE,0,21.95,0
7,Franchise (one-team runs only),CHC,5,Pete Alexander,alexape01,1919,1920,2,20.22,10.11,7.5 / 12.7,Pitcher,P,CHC,NL,32,TRUE,0,0.82,19.4
7,Franchise (one-team runs only),CHH,1,Claude Hendrix,hendrcl01,1914,1914,1,8.03,8.03,8.0,Pitcher,P,CHH,Other (AA/UA/PL/FL),25,FALSE,0,0.92,7.11
7,Franchise (one-team runs only),CHP,1,Mark Baldwin,baldwma01,1890,1890,1,7.42,7.42,7.4,Pitcher,P,CHP,Other (AA/UA/PL/FL),26,FALSE,0,-0.49,7.91
7,Franchise (one-team runs only),CHW,1,Ed Walsh,walshed01,1910,1912,3,34.31,11.44,11.8 / 9.7 / 12.8,Pitcher,P,CHW,AL,29,FALSE,0,1.34,32.97
7,Franchise (one-team runs only),CHW,2,Wilbur Wood,woodwi01,1971,1973,3,28.87,9.62,11.0 / 10.3 / 7.5,Pitcher,P,CHW,AL,29,FALSE,0,-1.14,30.01
7,Franchise (one-team runs only),CHW,3,Red Faber,faberre01,1921,1922,2,20.6,10.3,11.1 / 9.5,Pitcher,P,CHW,AL,32,FALSE,0,-0.4,21
7,Franchise (one-team runs only),CHW,4,Tommy Thomas,thomato02,1927,1928,2,14.94,7.47,7.9 / 7.0,Pitcher,P,CHW,AL,27,FALSE,0,0.06,14.88
7,Franchise (one-team runs only),CHW,5,Jim Kaat,kaatji01,1974,1975,2,14.73,7.36,7.0 / 7.7,Pitcher,P,CHW,AL,35,FALSE,0,-0.02,14.75
7,Franchise (one-team runs only),CIN,1,Joe Morgan,morgajo02,1972,1976,5,47.79,9.56,9.3 / 9.3 / 8.6 / 11.0 / 9.6,Hitter,2B,CIN,NL,28,FALSE,0,47.79,0
7,Franchise (one-team runs only),CIN,2,Noodles Hahn,hahnno01,1901,1903,3,23.76,7.92,7.7 / 8.5 / 7.5,Pitcher,P,CIN,NL,22,FALSE,0,-0.61,24.37
7,Franchise (one-team runs only),CIN,3,Will White,whitewi01,1882,1883,2,20.55,10.28,11.3 / 9.2,Pitcher,P,CIN,Other (AA/UA/PL/FL),27,FALSE,0,0.47,20.08
7,Franchise (one-team runs only),CIN,4,Jim Maloney,malonji01,1965,1966,2,16.39,8.2,9.0 / 7.4,Pitcher,P,CIN,NL,25,FALSE,0,1.12,15.27
7,Franchise (one-team runs only),CIN,5,Frank Robinson,robinfr02,1961,1962,2,16.37,8.19,7.6 / 8.7,Hitter,OF,CIN,NL,25,FALSE,0,16.37,0
7,Franchise (one-team runs only),CLE,1,Stan Coveleski,covelst01,1917,1920,4,33.62,8.41,7.9 / 9.5 / 7.4 / 8.9,Pitcher,P,CLE,AL,27,TRUE,0,-0.48,34.1
7,Franchise (one-team runs only),CLE,2,Bob Feller,fellebo01,1939,1941,3,27.75,9.25,9.7 / 9.8 / 8.2,Pitcher,P,CLE,AL,20,FALSE,0,0.44,27.31
7,Franchise (one-team runs only),CLE,3,Gaylord Perry,perryga01,1972,1974,3,27.32,9.11,11.0 / 7.8 / 8.5,Pitcher,P,CLE,AL,33,FALSE,0,0.2,27.12
7,Franchise (one-team runs only),CLE,4,Shoeless Joe Jackson,jacksjo01,1911,1913,3,26.4,8.8,9.1 / 9.3 / 8.0,Hitter,OF,CLE,AL,23,FALSE,0,26.4,0
7,Franchise (one-team runs only),CLE,5,Nap Lajoie,lajoina01,1906,1908,3,25.55,8.52,10.0 / 7.6 / 7.9,Hitter,2B,CLE,AL,31,FALSE,0,25.55,0
7,Franchise (one-team runs only),CLV,1,Cy Young,youngcy01,1892,1896,5,54.26,10.85,13.0 / 10.6 / 8.5 / 11.6 / 10.5,Pitcher,P,CLV,NL,25,FALSE,0,-2.31,56.57
7,Franchise (one-team runs only),CLV,2,George Cuppy,cuppyni01,1895,1896,2,18.86,9.43,8.5 / 10.3,Pitcher,P,CLV,NL,25,FALSE,0,1.36,17.5
7,Franchise (one-team runs only),CLV,3,Cupid Childs,childcu01,1892,1892,1,7.08,7.08,7.1,Hitter,2B,CLV,NL,24,FALSE,0,7.08,0
7,Franchise (one-team runs only),COL,1,Todd Helton,heltoto01,2000,2001,2,16.62,8.31,8.9 / 7.8,Hitter,1B,COL,NL,26,FALSE,0,16.62,0
7,Franchise (one-team runs only),COL,2,Larry Walker,walkela01,1997,1997,1,9.84,9.84,9.8,Hitter,OF,COL,NL,30,FALSE,0,9.84,0
7,Franchise (one-team runs only),COL,3,Ellis Burks,burksel01,1996,1996,1,7.92,7.92,7.9,Hitter,OF,COL,NL,31,FALSE,0,7.92,0
7,Franchise (one-team runs only),COL,4,Kyle Freeland,freelky01,2018,2018,1,7.62,7.62,7.6,Pitcher,P,COL,NL,25,FALSE,0,-0.21,7.83
7,Franchise (one-team runs only),COL,5,Ubaldo Jimenez,jimenub01,2010,2010,1,7.33,7.33,7.3,Pitcher,P,COL,NL,26,FALSE,0,-0.2,7.53
7,Franchise (one-team runs only),DET,1,Charlie Gehringer,gehrich01,1933,1937,5,40.43,8.09,7.2 / 8.9 / 8.6 / 7.9 / 7.8,Hitter,2B,DET,AL,30,FALSE,0,40.43,0
7,Franchise (one-team runs only),DET,2,Ty Cobb,cobbty01,1909,1912,4,39.57,9.89,9.9 / 10.3 / 10.5 / 8.8,Hitter,OF,DET,AL,22,FALSE,0,39.57,0
7,Franchise (one-team runs only),DET,3,Hal Newhouser,newhoha01,1944,1946,3,30.08,10.03,8.4 / 12.2 / 9.6,Pitcher,P,DET,AL,23,FALSE,0,1.34,28.74
7,Franchise (one-team runs only),DET,4,Miguel Cabrera,cabremi01,2011,2013,3,22.25,7.42,7.6 / 7.1 / 7.5,Hitter,1B,DET,AL,28,FALSE,0,22.25,0
7,Franchise (one-team runs only),DET,5,Justin Verlander,verlaju01,2011,2012,2,16.54,8.27,8.6 / 8.0,Pitcher,P,DET,AL,28,FALSE,0,-0.17,16.71
7,Franchise (one-team runs only),DTN,1,Lady Baldwin,baldwla01,1886,1886,1,10.47,10.47,10.5,Pitcher,P,DTN,NL,27,FALSE,0,-0.3,10.77
7,Franchise (one-team runs only),DTN,2,George Weidman,wiedmst01,1882,1882,1,9.79,9.79,9.8,Pitcher,P,DTN,NL,21,FALSE,0,-0.44,10.23
7,Franchise (one-team runs only),DTN,3,Dan Brouthers,broutda01,1886,1886,1,8.21,8.21,8.2,Hitter,1B,DTN,NL,28,FALSE,0,8.21,0
7,Franchise (one-team runs only),DTN,4,George Derby,derbyge01,1881,1881,1,7.54,7.54,7.5,Pitcher,P,DTN,NL,23,FALSE,0,-1.18,8.72
7,Franchise (one-team runs only),FLA,1,Dontrelle Willis,willido03,2005,2005,1,8.3,8.3,8.3,Pitcher,P,FLA,NL,23,FALSE,0,1.01,7.29
7,Franchise (one-team runs only),FLA,2,Giancarlo Stanton,stantmi03,2017,2017,1,8.1,8.1,8.1,Hitter,OF,FLA,NL,27,FALSE,0,8.1,0
7,Franchise (one-team runs only),FLA,3,Sandy Alcantara,alcansa01,2022,2022,1,7.99,7.99,8.0,Pitcher,P,FLA,NL,26,FALSE,0,0,7.99
7,Franchise (one-team runs only),FLA,4,Kevin Brown,brownke01,1996,1996,1,7.77,7.77,7.8,Pitcher,P,FLA,NL,31,FALSE,0,-0.15,7.92
7,Franchise (one-team runs only),FLA,5,Hanley Ramirez,ramirha01,2009,2009,1,7.36,7.36,7.4,Hitter,SS,FLA,NL,25,FALSE,0,7.36,0
7,Franchise (one-team runs only),HOU,1,Alex Bregman,bregmal01,2018,2019,2,16.49,8.24,7.5 / 8.9,Hitter,3B,HOU,AL,24,FALSE,0,16.49,0
7,Franchise (one-team runs only),HOU,2,Jose Altuve,altuvjo01,2016,2017,2,15.87,7.93,7.8 / 8.1,Hitter,2B,HOU,AL,26,FALSE,0,15.87,0
7,Franchise (one-team runs only),HOU,3,Cesar Cedeno,cedence01,1972,1973,2,15.38,7.69,8.0 / 7.4,Hitter,OF,HOU,NL,21,FALSE,0,15.38,0
7,Franchise (one-team runs only),HOU,4,Jeff Bagwell,bagweje01,1996,1997,2,15.16,7.58,7.5 / 7.7,Hitter,1B,HOU,NL,28,FALSE,0,15.16,0
7,Franchise (one-team runs only),HOU,5,Craig Biggio,biggicr01,1997,1997,1,9.38,9.38,9.4,Hitter,2B,HOU,NL,31,FALSE,0,9.38,0
7,Franchise (one-team runs only),KCR,1,George Brett,brettge01,1979,1980,2,18.01,9,8.6 / 9.4,Hitter,3B,KCR,AL,26,FALSE,0,18.01,0
7,Franchise (one-team runs only),KCR,2,Kevin Appier,appieke01,1992,1993,2,17.27,8.63,8.0 / 9.3,Pitcher,P,KCR,AL,24,FALSE,0,0,17.27
7,Franchise (one-team runs only),KCR,3,Zack Greinke,greinza01,2009,2009,1,10.43,10.43,10.4,Pitcher,P,KCR,AL,25,FALSE,0,0.02,10.41
7,Franchise (one-team runs only),KCR,4,Bret Saberhagen,saberbr01,1989,1989,1,9.67,9.67,9.7,Pitcher,P,KCR,AL,25,FALSE,0,0.01,9.66
7,Franchise (one-team runs only),KCR,5,Bobby Witt,wittbo02,2024,2024,1,9.62,9.62,9.6,Hitter,SS,KCR,AL,24,FALSE,0,9.62,0
7,Franchise (one-team runs only),LAD,1,Jackie Robinson,robinja02,1949,1952,4,34.75,8.69,9.3 / 7.4 / 9.6 / 8.4,Hitter,2B,LAD,NL,30,FALSE,0,34.75,0
7,Franchise (one-team runs only),LAD,2,Duke Snider,snidedu01,1953,1956,4,33.43,8.36,9.1 / 8.1 / 8.6 / 7.6,Hitter,OF,LAD,NL,26,FALSE,0,33.43,0
7,Franchise (one-team runs only),LAD,3,Clayton Kershaw,kershcl01,2013,2015,3,24.1,8.03,8.6 / 8.2 / 7.3,Pitcher,P,LAD,NL,25,FALSE,0,1.02,23.08
7,Franchise (one-team runs only),LAD,4,Orel Hershiser,hershor01,1987,1989,3,21.71,7.24,7.3 / 7.1 / 7.3,Pitcher,P,LAD,NL,28,FALSE,0,1.06,20.65
7,Franchise (one-team runs only),LAD,5,Sandy Koufax,koufasa01,1965,1966,2,18.29,9.14,8.6 / 9.7,Pitcher,P,LAD,NL,29,FALSE,0,-0.04,18.33
7,Franchise (one-team runs only),LGR,1,Jim Devlin,devliji01,1876,1877,2,31.7,15.85,18.3 / 13.4,Pitcher,P,LGR,NL,27,FALSE,0,0.86,30.84
7,Franchise (one-team runs only),LOU,1,Guy Hecker,heckegu01,1884,1885,2,25.97,12.98,17.8 / 8.2,Pitcher,P,LOU,Other (AA/UA/PL/FL),28,FALSE,0,3.1,22.87
7,Franchise (one-team runs only),LOU,2,Toad Ramsey,ramseto01,1886,1887,2,20.3,10.15,12.5 / 7.8,Pitcher,P,LOU,Other (AA/UA/PL/FL),21,FALSE,0,-0.63,20.93
7,Franchise (one-team runs only),LOU,3,Scott Stratton,stratsc01,1890,1890,1,10.8,10.8,10.8,Pitcher,P,LOU,Other (AA/UA/PL/FL),20,FALSE,0,1.67,9.13
7,Franchise (one-team runs only),LOU,4,Bert Cunningham,cunnibe01,1898,1898,1,7.25,7.25,7.2,Pitcher,P,LOU,NL,32,FALSE,0,0.08,7.17
7,Franchise (one-team runs only),MIL,1,Robin Yount,yountro01,1982,1983,2,17.79,8.89,10.5 / 7.2,Hitter,SS,MIL,AL,26,FALSE,0,17.79,0
7,Franchise (one-team runs only),MIL,2,Christian Yelich,yelicch01,2018,2019,2,14.45,7.22,7.3 / 7.1,Hitter,OF,MIL,NL,26,FALSE,0,14.45,0
7,Franchise (one-team runs only),MIL,3,Teddy Higuera,higuete01,1986,1986,1,9.39,9.39,9.4,Pitcher,P,MIL,AL,28,FALSE,0,0,9.39
7,Franchise (one-team runs only),MIL,4,Mike Caldwell,caldwmi01,1978,1978,1,8.21,8.21,8.2,Pitcher,P,MIL,AL,29,FALSE,0,0,8.21
7,Franchise (one-team runs only),MIL,5,Ryan Braun,braunry02,2011,2011,1,7.74,7.74,7.7,Hitter,OF,MIL,NL,27,FALSE,0,7.74,0
7,Franchise (one-team runs only),MIN,1,Walter Johnson,johnswa01,1910,1919,10,120.26,12.03,11.0 / 9.0 / 15.4 / 16.6 / 13.1 / 12.8 / 11.2 / 8.4 / 11.8 / 11.0,Pitcher,P,MIN,AL,22,TRUE,0,8.85,111.41
7,Franchise (one-team runs only),MIN,2,Johan Santana,santajo01,2004,2006,3,23.55,7.85,8.8 / 7.2 / 7.6,Pitcher,P,MIN,AL,25,FALSE,0,0.03,23.52
7,Franchise (one-team runs only),MIN,3,Bert Blyleven,blylebe01,1973,1974,2,17.57,8.79,9.7 / 7.8,Pitcher,P,MIN,AL,22,FALSE,0,0,17.57
7,Franchise (one-team runs only),MIN,4,Frank Viola,violafr01,1987,1988,2,15.79,7.89,8.1 / 7.7,Pitcher,P,MIN,AL,27,FALSE,0,0,15.79
7,Franchise (one-team runs only),MIN,5,Rod Carew,carewro01,1974,1975,2,15.3,7.65,7.5 / 7.8,Hitter,2B,MIN,AL,28,FALSE,0,15.3,0
7,Franchise (one-team runs only),MLG,1,Sam Weaver,weavesa01,1878,1878,1,10.16,10.16,10.2,Pitcher,P,MLG,NL,22,FALSE,0,-0.24,10.4
7,Franchise (one-team runs only),NEW,1,Cy Falkenberg,falkecy01,1914,1914,1,8.31,8.31,8.3,Pitcher,P,NEW,Other (AA/UA/PL/FL),34,FALSE,0,-0.4,8.71
7,Franchise (one-team runs only),NEW,2,Benny Kauff,kauffbe01,1914,1914,1,7.31,7.31,7.3,Hitter,OF,NEW,Other (AA/UA/PL/FL),24,FALSE,0,7.31,0
7,Franchise (one-team runs only),NYM,1,Jacob deGrom,degroja01,2018,2019,2,17.63,8.81,9.9 / 7.7,Pitcher,P,NYM,NL,30,FALSE,0,1.01,16.62
7,Franchise (one-team runs only),NYM,2,Tom Seaver,seaveto01,1968,1969,2,14.19,7.1,7.0 / 7.2,Pitcher,P,NYM,NL,23,FALSE,0,0.22,13.97
7,Franchise (one-team runs only),NYM,3,Dwight Gooden,goodedw01,1985,1985,1,13.31,13.31,13.3,Pitcher,P,NYM,NL,20,FALSE,0,1.12,12.19
7,Franchise (one-team runs only),NYM,4,Jon Matlack,matlajo01,1974,1974,1,8.67,8.67,8.7,Pitcher,P,NYM,NL,24,FALSE,0,-0.39,9.06
7,Franchise (one-team runs only),NYM,5,David Wright,wrighda03,2007,2007,1,8.34,8.34,8.3,Hitter,3B,NYM,NL,24,FALSE,0,8.34,0
7,Franchise (one-team runs only),NYP,1,Tim Keefe,keefeti01,1883,1884,2,28.55,14.27,20.2 / 8.3,Pitcher,P,NYP,Other (AA/UA/PL/FL),26,FALSE,0,1.13,27.42
7,Franchise (one-team runs only),NYY,1,Lou Gehrig,gehrilo01,1927,1937,11,98.58,8.96,11.8 / 9.5 / 7.5 / 9.6 / 8.6 / 8.2 / 7.1 / 10.0 / 8.3 / 9.7 / 8.2,Hitter,1B,NYY,AL,24,FALSE,0,98.58,0
7,Franchise (one-team runs only),NYY,2,Babe Ruth,ruthba01,1926,1932,7,71.72,10.25,11.4 / 12.6 / 10.2 / 8.1 / 10.5 / 10.6 / 8.5,Hitter,OF,NYY,AL,31,FALSE,0,71.5,0.22
7,Franchise (one-team runs only),NYY,3,Mickey Mantle,mantlmi01,1955,1958,4,40.79,10.2,9.5 / 11.2 / 11.3 / 8.7,Hitter,OF,NYY,AL,23,FALSE,0,40.79,0
7,Franchise (one-team runs only),NYY,4,Joe DiMaggio,dimagjo01,1939,1941,3,24.63,8.21,8.2 / 7.1 / 9.3,Hitter,OF,NYY,AL,24,FALSE,0,24.63,0
7,Franchise (one-team runs only),NYY,5,Russ Ford,fordru01,1910,1911,2,19.28,9.64,11.7 / 7.5,Pitcher,P,NYY,AL,27,FALSE,0,0.16,19.12
7,Franchise (one-team runs only),OAK,1,Lefty Grove,grovele01,1928,1933,6,51.55,8.59,7.2 / 7.4 / 10.3 / 10.0 / 9.2 / 7.3,Pitcher,P,OAK,AL,28,FALSE,0,-1.51,53.06
7,Franchise (one-team runs only),OAK,2,Rube Waddell,wadderu01,1902,1905,4,37.02,9.25,9.7 / 7.5 / 10.4 / 9.3,Pitcher,P,OAK,AL,25,FALSE,0,-1.09,38.11
7,Franchise (one-team runs only),OAK,3,Jimmie Foxx,foxxji01,1932,1935,4,35.59,8.9,10.3 / 9.0 / 8.3 / 8.0,Hitter,1B,OAK,AL,24,FALSE,0,35.59,0
7,Franchise (one-team runs only),OAK,4,Home Run Baker,bakerfr01,1912,1914,3,24.68,8.23,9.0 / 8.2 / 7.4,Hitter,3B,OAK,AL,26,FALSE,0,24.68,0
7,Franchise (one-team runs only),OAK,5,Al Simmons,simmoal01,1929,1931,3,23.04,7.68,7.8 / 7.8 / 7.4,Hitter,OF,OAK,AL,27,FALSE,0,23.04,0
7,Franchise (one-team runs only),PHA,1,Ed Seward,sewared01,1888,1888,1,9.92,9.92,9.9,Pitcher,P,PHA,Other (AA/UA/PL/FL),21,FALSE,0,-0.16,10.08
7,Franchise (one-team runs only),PHI,1,Chase Utley,utleych01,2005,2009,5,39.66,7.93,7.3 / 7.3 / 7.8 / 9.0 / 8.2,Hitter,2B,PHI,NL,26,FALSE,0,39.66,0
7,Franchise (one-team runs only),PHI,2,Pete Alexander,alexape01,1914,1917,4,42.1,10.52,9.3 / 10.9 / 12.1 / 9.8,Pitcher,P,PHI,NL,27,FALSE,0,1.98,40.12
7,Franchise (one-team runs only),PHI,3,Robin Roberts,roberro01,1951,1954,4,35.84,8.96,8.7 / 8.6 / 9.9 / 8.7,Pitcher,P,PHI,NL,24,FALSE,0,0.64,35.2
7,Franchise (one-team runs only),PHI,4,Mike Schmidt,schmimi01,1974,1977,4,34.28,8.57,9.7 / 7.7 / 8.0 / 8.8,Hitter,3B,PHI,NL,24,FALSE,0,34.28,0
7,Franchise (one-team runs only),PHI,5,Charlie Ferguson,ferguch01,1885,1887,3,29.76,9.92,8.1 / 11.7 / 9.9,Two-way / mixed,P,PHI,NL,22,FALSE,0,5.61,24.15
7,Franchise (one-team runs only),PIT,1,Honus Wagner,wagneho01,1901,1909,9,79.58,8.84,7.2 / 7.3 / 7.6 / 8.3 / 10.2 / 9.3 / 9.0 / 11.5 / 9.2,Hitter,SS,PIT,NL,27,FALSE,0,79.51,0.07
7,Franchise (one-team runs only),PIT,2,Roberto Clemente,clemero01,1964,1969,6,47.19,7.86,7.2 / 7.2 / 8.2 / 8.9 / 8.2 / 7.5,Hitter,OF,PIT,NL,29,FALSE,0,47.19,0
7,Franchise (one-team runs only),PIT,3,Arky Vaughan,vaughar01,1934,1936,3,24.97,8.32,7.3 / 9.7 / 7.9,Hitter,SS,PIT,NL,22,FALSE,0,24.97,0
7,Franchise (one-team runs only),PIT,4,Pink Hawley,hawlepi01,1895,1896,2,19.31,9.66,11.1 / 8.3,Pitcher,P,PIT,NL,22,FALSE,0,1.14,18.17
7,Franchise (one-team runs only),PIT,5,Jesse Tannehill,tanneje01,1898,1899,2,14.4,7.2,7.2 / 7.2,Pitcher,P,PIT,NL,23,FALSE,0,1.14,13.26
7,Franchise (one-team runs only),PRO,1,Old Hoss Radbourn,radboch01,1882,1885,4,50.14,12.54,7.9 / 14.3 / 19.4 / 8.5,Two-way / mixed,P,PRO,NL,27,FALSE,0,3.02,47.12
7,Franchise (one-team runs only),PRO,2,John Ward,wardjo01,1879,1880,2,16.8,8.4,9.2 / 7.6,Pitcher,P,PRO,NL,19,FALSE,0,2.82,13.98
7,Franchise (one-team runs only),SBS,1,George Bradley,bradlge01,1876,1876,1,9.12,9.12,9.1,Pitcher,P,SBS,NL,23,FALSE,0,0.37,8.75
7,Franchise (one-team runs only),SDP,1,Kevin Brown,brownke01,1998,1998,1,9.07,9.07,9.1,Pitcher,P,SDP,NL,33,FALSE,0,0.5,8.57
7,Franchise (one-team runs only),SDP,2,Tony Gwynn,gwynnto01,1987,1987,1,8.55,8.55,8.6,Hitter,OF,SDP,NL,27,FALSE,0,8.55,0
7,Franchise (one-team runs only),SDP,3,Dave Winfield,winfida01,1979,1979,1,8.33,8.33,8.3,Hitter,OF,SDP,NL,27,FALSE,0,8.33,0
7,Franchise (one-team runs only),SDP,4,Dave Roberts,roberda05,1971,1971,1,7.8,7.8,7.8,Pitcher,P,SDP,NL,26,FALSE,0,0.27,7.53
7,Franchise (one-team runs only),SDP,5,Ken Caminiti,caminke01,1996,1996,1,7.6,7.6,7.6,Hitter,3B,SDP,NL,33,FALSE,0,7.6,0
7,Franchise (one-team runs only),SEA,1,Ken Griffey,griffke02,1996,1997,2,18.81,9.4,9.7 / 9.1,Hitter,OF,SEA,AL,26,FALSE,0,18.81,0
7,Franchise (one-team runs only),SEA,2,Alex Rodriguez,rodrial01,1996,1996,1,9.41,9.41,9.4,Hitter,SS,SEA,AL,20,FALSE,0,9.41,0
7,Franchise (one-team runs only),SEA,3,Ichiro Suzuki,suzukic01,2004,2004,1,9.16,9.16,9.2,Hitter,OF,SEA,AL,30,FALSE,0,9.16,0
7,Franchise (one-team runs only),SEA,4,Bret Boone,boonebr01,2001,2001,1,8.82,8.82,8.8,Hitter,2B,SEA,AL,32,FALSE,0,8.82,0
7,Franchise (one-team runs only),SEA,5,Randy Johnson,johnsra05,1995,1995,1,8.6,8.6,8.6,Pitcher,P,SEA,AL,31,TRUE,0,0,8.6
7,Franchise (one-team runs only),SFG,1,Willie Mays,mayswi01,1954,1966,13,124.09,9.55,10.4 / 9.2 / 7.6 / 8.3 / 10.2 / 7.8 / 9.5 / 8.7 / 10.5 / 10.6 / 11.0 / 11.2 / 9.0,Hitter,OF,SFG,NL,23,FALSE,0,124.09,0
7,Franchise (one-team runs only),SFG,2,Christy Mathewson,mathech01,1907,1913,7,64.23,9.18,8.8 / 11.8 / 10.6 / 9.1 / 8.2 / 8.5 / 7.2,Pitcher,P,SFG,NL,26,FALSE,0,2.7,61.53
7,Franchise (one-team runs only),SFG,3,Barry Bonds,bondsba01,2000,2004,5,51.12,10.22,7.7 / 11.9 / 11.7 / 9.2 / 10.6,Hitter,OF,SFG,NL,35,FALSE,0,51.12,0
7,Franchise (one-team runs only),SFG,4,Amos Rusie,rusieam01,1890,1894,5,49.02,9.8,8.2 / 8.7 / 7.2 / 11.2 / 13.7,Pitcher,P,SFG,NL,19,FALSE,0,1.68,47.34
7,Franchise (one-team runs only),SFG,5,Tim Keefe,keefeti01,1886,1888,3,26.02,8.67,9.4 / 7.5 / 9.1,Pitcher,P,SFG,NL,29,FALSE,0,-1.42,27.44
7,Franchise (one-team runs only),SLI,1,Dave Davenport,davenda01,1915,1915,1,7.49,7.49,7.5,Pitcher,P,SLI,Other (AA/UA/PL/FL),25,FALSE,0,-1.22,8.71
7,Franchise (one-team runs only),SLI,2,Eddie Plank,planked01,1915,1915,1,7.22,7.22,7.2,Pitcher,P,SLI,Other (AA/UA/PL/FL),39,FALSE,0,0.64,6.58
7,Franchise (one-team runs only),SLM,1,Billy Taylor,taylobi01,1884,1884,1,11.48,11.48,11.5,Pitcher,P,SLM,Other (AA/UA/PL/FL),29,FALSE,0,2.75,8.73
7,Franchise (one-team runs only),SLM,2,Charlie Sweeney,sweench01,1884,1884,1,11.19,11.19,11.2,Two-way / mixed,Two-way,SLM,Other (AA/UA/PL/FL),21,FALSE,0,2.41,8.78
7,Franchise (one-team runs only),SLM,3,Fred Dunlap,dunlafr01,1884,1884,1,7.82,7.82,7.8,Hitter,2B,SLM,Other (AA/UA/PL/FL),25,FALSE,0,7.88,-0.06
7,Franchise (one-team runs only),SLM,4,Jack Glasscock,glassja01,1886,1886,1,7.03,7.03,7.0,Hitter,SS,SLM,NL,28,FALSE,0,7.03,0
7,Franchise (one-team runs only),STL,1,Albert Pujols,pujolal01,2003,2010,8,69.25,8.66,8.6 / 8.5 / 8.4 / 8.5 / 8.7 / 9.2 / 9.7 / 7.5,Hitter,1B,STL,NL,23,FALSE,0,69.25,0
7,Franchise (one-team runs only),STL,2,Stan Musial,musiast01,1948,1953,6,51.56,8.59,11.3 / 9.1 / 7.2 / 8.8 / 7.5 / 7.6,Hitter,OF,STL,NL,27,FALSE,0,51.56,0
7,Franchise (one-team runs only),STL,3,Bob Gibson,gibsobo01,1968,1970,3,33.21,11.07,11.9 / 11.3 / 10.1,Pitcher,P,STL,NL,32,FALSE,0,2.69,30.52
7,Franchise (one-team runs only),STL,4,Bob Caruthers,carutbo01,1885,1887,3,32.26,10.75,10.0 / 11.6 / 10.7,Two-way / mixed,Two-way,STL,Other (AA/UA/PL/FL),21,FALSE,0,8.32,23.94
7,Franchise (one-team runs only),STL,5,Rogers Hornsby,hornsro01,1920,1922,3,30.67,10.22,9.7 / 10.9 / 10.1,Hitter,2B,STL,NL,24,FALSE,0,30.67,0
7,Franchise (one-team runs only),TBD,1,Evan Longoria,longoev01,2009,2011,3,22.4,7.47,7.0 / 8.2 / 7.2,Hitter,3B,TBD,AL,23,FALSE,0,22.4,0
7,Franchise (one-team runs only),TBD,2,Ben Zobrist,zobribe01,2009,2009,1,8.61,8.61,8.6,Hitter,2B,TBD,AL,28,FALSE,0,8.61,0
7,Franchise (one-team runs only),TBD,3,Blake Snell,snellbl01,2018,2018,1,7.19,7.19,7.2,Pitcher,P,TBD,AL,25,FALSE,0,0.08,7.11
7,Franchise (one-team runs only),TBD,4,Carlos Peña,penaca01,2007,2007,1,7.17,7.17,7.2,Hitter,1B,TBD,AL,29,FALSE,0,7.17,0
7,Franchise (one-team runs only),TEX,1,Josh Hamilton,hamiljo03,2010,2010,1,8.71,8.71,8.7,Hitter,OF,TEX,AL,29,FALSE,0,8.71,0
7,Franchise (one-team runs only),TEX,2,Mike Minor,minormi01,2019,2019,1,7.84,7.84,7.8,Pitcher,P,TEX,AL,31,FALSE,0,-0.15,7.99
7,Franchise (one-team runs only),TEX,3,Fergie Jenkins,jenkife01,1974,1974,1,7.75,7.75,7.8,Pitcher,P,TEX,AL,31,FALSE,0,0.06,7.69
7,Franchise (one-team runs only),TEX,4,Marcus Semien,semiema01,2023,2023,1,7.72,7.72,7.7,Hitter,2B,TEX,AL,32,FALSE,0,7.72,0
7,Franchise (one-team runs only),TEX,5,Lance Lynn,lynnla01,2019,2019,1,7.67,7.67,7.7,Pitcher,P,TEX,AL,32,FALSE,0,-0.03,7.7
7,Franchise (one-team runs only),TLM,1,Egyptian Healy,healyjo01,1890,1890,1,7.45,7.45,7.4,Pitcher,P,TLM,Other (AA/UA/PL/FL),23,FALSE,0,0.81,6.64
7,Franchise (one-team runs only),TOL,1,Tony Mullane,mullato01,1884,1884,1,13.24,13.24,13.2,Two-way / mixed,Two-way,TOL,Other (AA/UA/PL/FL),25,FALSE,0,1.66,11.58
7,Franchise (one-team runs only),TOR,1,Roy Halladay,hallaro01,2002,2003,2,15.19,7.59,7.1 / 8.0,Pitcher,P,TOR,AL,25,FALSE,0,-0.17,15.36
7,Franchise (one-team runs only),TOR,2,Josh Donaldson,donaljo02,2015,2016,2,14.69,7.35,7.4 / 7.3,Hitter,3B,TOR,AL,29,FALSE,0,14.69,0
7,Franchise (one-team runs only),TOR,3,Pat Hentgen,hentgpa01,1996,1996,1,8.55,8.55,8.6,Pitcher,P,TOR,AL,27,FALSE,0,0,8.55
7,Franchise (one-team runs only),TOR,4,Jose Bautista,bautijo02,2011,2011,1,8.28,8.28,8.3,Hitter,OF,TOR,AL,30,FALSE,0,8.28,0
7,Franchise (one-team runs only),TOR,5,Dave Stieb,stiebda01,1984,1984,1,7.93,7.93,7.9,Pitcher,P,TOR,AL,26,FALSE,0,0,7.93
7,Franchise (one-team runs only),WNL,1,Jim Whitney,whitnji01,1887,1887,1,8.38,8.38,8.4,Pitcher,P,WNL,NL,29,FALSE,0,0.84,7.54
7,Franchise (one-team runs only),WOR,1,Lee Richmond,richmle01,1880,1880,1,7.29,7.29,7.3,Pitcher,P,WOR,NL,23,FALSE,0,-0.89,8.18
7,Franchise (one-team runs only),WSN,1,Gary Carter,cartega01,1982,1984,3,23.16,7.72,8.6 / 7.1 / 7.4,Hitter,C,WSN,NL,28,FALSE,0,23.16,0
7,Franchise (one-team runs only),WSN,2,Max Scherzer,scherma01,2017,2018,2,16.17,8.08,7.5 / 8.7,Pitcher,P,WSN,NL,32,FALSE,0,1.08,15.09
7,Franchise (one-team runs only),WSN,3,Andre Dawson,dawsoan01,1981,1982,2,15.34,7.67,7.4 / 7.9,Hitter,OF,WSN,NL,26,TRUE,0,15.34,0
7,Franchise (one-team runs only),WSN,4,Bryce Harper,harpebr03,2015,2015,1,9.74,9.74,9.7,Hitter,OF,WSN,NL,22,FALSE,0,9.74,0
7,Franchise (one-team runs only),WSN,5,Steve Rogers,rogerst01,1982,1982,1,7.71,7.71,7.7,Pitcher,P,WSN,NL,32,FALSE,0,0.06,7.65
7,Era cutoff 1901,1901+,1,Willie Mays,mayswi01,1954,1966,13,124.09,9.55,10.4 / 9.2 / 7.6 / 8.3 / 10.2 / 7.8 / 9.5 / 8.7 / 10.5 / 10.6 / 11.0 / 11.2 / 9.0,Hitter,OF,SFG,NL,23,FALSE,0,124.09,0
7,Era cutoff 1901,1901+,2,Lou Gehrig,gehrilo01,1927,1937,11,98.58,8.96,11.8 / 9.5 / 7.5 / 9.6 / 8.6 / 8.2 / 7.1 / 10.0 / 8.3 / 9.7 / 8.2,Hitter,1B,NYY,AL,24,FALSE,0,98.58,0
7,Era cutoff 1901,1901+,3,Walter Johnson,johnswa01,1910,1919,10,120.26,12.03,11.0 / 9.0 / 15.4 / 16.6 / 13.1 / 12.8 / 11.2 / 8.4 / 11.8 / 11.0,Pitcher,P,MIN,AL,22,TRUE,0,8.85,111.41
7,Era cutoff 1901,1901+,4,Honus Wagner,wagneho01,1901,1909,9,79.58,8.84,7.2 / 7.3 / 7.6 / 8.3 / 10.2 / 9.3 / 9.0 / 11.5 / 9.2,Hitter,SS,PIT,NL,27,FALSE,0,79.51,0.07
7,Era cutoff 1901,1901+,5,Albert Pujols,pujolal01,2003,2010,8,69.25,8.66,8.6 / 8.5 / 8.4 / 8.5 / 8.7 / 9.2 / 9.7 / 7.5,Hitter,1B,STL,NL,23,FALSE,0,69.25,0
7,Era cutoff 1901,Pre-1901,1,Jim McCormick,mccorji01,1879,1884,6,61.52,10.25,9.8 / 10.8 / 7.0 / 10.9 / 8.2 / 14.8,Pitcher,P,CBL,NL,22,FALSE,0,0.52,61
7,Era cutoff 1901,Pre-1901,2,Kid Nichols,nichoki01,1890,1895,6,60.44,10.07,13.0 / 9.3 / 8.8 / 11.7 / 8.2 / 9.5,Pitcher,P,ATL,NL,20,FALSE,0,-0.99,61.43
7,Era cutoff 1901,Pre-1901,3,Cy Young,youngcy01,1892,1896,5,54.26,10.85,13.0 / 10.6 / 8.5 / 11.6 / 10.5,Pitcher,P,CLV,NL,25,FALSE,0,-2.31,56.57
7,Era cutoff 1901,Pre-1901,4,Amos Rusie,rusieam01,1890,1894,5,49.02,9.8,8.2 / 8.7 / 7.2 / 11.2 / 13.7,Pitcher,P,SFG,NL,19,FALSE,0,1.68,47.34
7,Era cutoff 1901,Pre-1901,5,Old Hoss Radbourn,radboch01,1882,1885,4,50.14,12.54,7.9 / 14.3 / 19.4 / 8.5,Two-way / mixed,P,PRO,NL,27,FALSE,0,3.02,47.12
7,Era cutoff 1920,1920+,1,Willie Mays,mayswi01,1954,1966,13,124.09,9.55,10.4 / 9.2 / 7.6 / 8.3 / 10.2 / 7.8 / 9.5 / 8.7 / 10.5 / 10.6 / 11.0 / 11.2 / 9.0,Hitter,OF,SFG,NL,23,FALSE,0,124.09,0
7,Era cutoff 1920,1920+,2,Lou Gehrig,gehrilo01,1927,1937,11,98.58,8.96,11.8 / 9.5 / 7.5 / 9.6 / 8.6 / 8.2 / 7.1 / 10.0 / 8.3 / 9.7 / 8.2,Hitter,1B,NYY,AL,24,FALSE,0,98.58,0
7,Era cutoff 1920,1920+,3,Albert Pujols,pujolal01,2003,2010,8,69.25,8.66,8.6 / 8.5 / 8.4 / 8.5 / 8.7 / 9.2 / 9.7 / 7.5,Hitter,1B,STL,NL,23,FALSE,0,69.25,0
7,Era cutoff 1920,1920+,4,Hank Aaron,aaronha01,1956,1963,8,66.26,8.28,7.2 / 8.0 / 7.3 / 8.6 / 8.0 / 9.4 / 8.6 / 9.1,Hitter,OF,ATL,NL,22,FALSE,0,66.26,0
7,Era cutoff 1920,1920+,5,Babe Ruth,ruthba01,1926,1932,7,71.72,10.25,11.4 / 12.6 / 10.2 / 8.1 / 10.5 / 10.6 / 8.5,Hitter,OF,NYY,AL,31,FALSE,0,71.5,0.22
7,Era cutoff 1920,Pre-1920,1,Walter Johnson,johnswa01,1910,1919,10,120.26,12.03,11.0 / 9.0 / 15.4 / 16.6 / 13.1 / 12.8 / 11.2 / 8.4 / 11.8 / 11.0,Pitcher,P,MIN,AL,22,TRUE,0,8.85,111.41
7,Era cutoff 1920,Pre-1920,2,Honus Wagner,wagneho01,1901,1909,9,79.58,8.84,7.2 / 7.3 / 7.6 / 8.3 / 10.2 / 9.3 / 9.0 / 11.5 / 9.2,Hitter,SS,PIT,NL,27,FALSE,0,79.51,0.07
7,Era cutoff 1920,Pre-1920,3,Cy Young,youngcy01,1898,1905,8,70.14,8.77,7.6 / 8.2 / 7.1 / 12.4 / 10.1 / 8.1 / 9.6 / 7.1,Pitcher,P,BOS,Mixed,31,FALSE,0,1.94,68.2
7,Era cutoff 1920,Pre-1920,4,Christy Mathewson,mathech01,1907,1913,7,64.23,9.18,8.8 / 11.8 / 10.6 / 9.1 / 8.2 / 8.5 / 7.2,Pitcher,P,SFG,NL,26,FALSE,0,2.7,61.53
7,Era cutoff 1920,Pre-1920,5,Jim McCormick,mccorji01,1879,1884,6,61.52,10.25,9.8 / 10.8 / 7.0 / 10.9 / 8.2 / 14.8,Pitcher,P,CBL,NL,22,FALSE,0,0.52,61
7,Era cutoff 1947 (PRIMARY),1947+,1,Willie Mays,mayswi01,1954,1966,13,124.09,9.55,10.4 / 9.2 / 7.6 / 8.3 / 10.2 / 7.8 / 9.5 / 8.7 / 10.5 / 10.6 / 11.0 / 11.2 / 9.0,Hitter,OF,SFG,NL,23,FALSE,0,124.09,0
7,Era cutoff 1947 (PRIMARY),1947+,2,Albert Pujols,pujolal01,2003,2010,8,69.25,8.66,8.6 / 8.5 / 8.4 / 8.5 / 8.7 / 9.2 / 9.7 / 7.5,Hitter,1B,STL,NL,23,FALSE,0,69.25,0
7,Era cutoff 1947 (PRIMARY),1947+,3,Hank Aaron,aaronha01,1956,1963,8,66.26,8.28,7.2 / 8.0 / 7.3 / 8.6 / 8.0 / 9.4 / 8.6 / 9.1,Hitter,OF,ATL,NL,22,FALSE,0,66.26,0
7,Era cutoff 1947 (PRIMARY),1947+,4,Alex Rodriguez,rodrial01,2000,2005,6,52.84,8.81,10.4 / 8.3 / 8.8 / 8.4 / 7.6 / 9.4,Hitter,SS,SEA,AL,24,FALSE,0,52.84,0
7,Era cutoff 1947 (PRIMARY),1947+,5,Stan Musial,musiast01,1948,1953,6,51.56,8.59,11.3 / 9.1 / 7.2 / 8.8 / 7.5 / 7.6,Hitter,OF,STL,NL,27,FALSE,0,51.56,0
7,Era cutoff 1947 (PRIMARY),Pre-1947,1,Lou Gehrig,gehrilo01,1927,1937,11,98.58,8.96,11.8 / 9.5 / 7.5 / 9.6 / 8.6 / 8.2 / 7.1 / 10.0 / 8.3 / 9.7 / 8.2,Hitter,1B,NYY,AL,24,FALSE,0,98.58,0
7,Era cutoff 1947 (PRIMARY),Pre-1947,2,Walter Johnson,johnswa01,1910,1919,10,120.26,12.03,11.0 / 9.0 / 15.4 / 16.6 / 13.1 / 12.8 / 11.2 / 8.4 / 11.8 / 11.0,Pitcher,P,MIN,AL,22,TRUE,0,8.85,111.41
7,Era cutoff 1947 (PRIMARY),Pre-1947,3,Honus Wagner,wagneho01,1901,1909,9,79.58,8.84,7.2 / 7.3 / 7.6 / 8.3 / 10.2 / 9.3 / 9.0 / 11.5 / 9.2,Hitter,SS,PIT,NL,27,FALSE,0,79.51,0.07
7,Era cutoff 1947 (PRIMARY),Pre-1947,4,Cy Young,youngcy01,1898,1905,8,70.14,8.77,7.6 / 8.2 / 7.1 / 12.4 / 10.1 / 8.1 / 9.6 / 7.1,Pitcher,P,BOS,Mixed,31,FALSE,0,1.94,68.2
7,Era cutoff 1947 (PRIMARY),Pre-1947,5,Babe Ruth,ruthba01,1926,1932,7,71.72,10.25,11.4 / 12.6 / 10.2 / 8.1 / 10.5 / 10.6 / 8.5,Hitter,OF,NYY,AL,31,FALSE,0,71.5,0.22
7,Era cutoff 1969,1969+,1,Albert Pujols,pujolal01,2003,2010,8,69.25,8.66,8.6 / 8.5 / 8.4 / 8.5 / 8.7 / 9.2 / 9.7 / 7.5,Hitter,1B,STL,NL,23,FALSE,0,69.25,0
7,Era cutoff 1969,1969+,2,Alex Rodriguez,rodrial01,2000,2005,6,52.84,8.81,10.4 / 8.3 / 8.8 / 8.4 / 7.6 / 9.4,Hitter,SS,SEA,AL,24,FALSE,0,52.84,0
7,Era cutoff 1969,1969+,3,Barry Bonds,bondsba01,2000,2004,5,51.12,10.22,7.7 / 11.9 / 11.7 / 9.2 / 10.6,Hitter,OF,SFG,NL,35,FALSE,0,51.12,0
7,Era cutoff 1969,1969+,4,Joe Morgan,morgajo02,1972,1976,5,47.79,9.56,9.3 / 9.3 / 8.6 / 11.0 / 9.6,Hitter,2B,CIN,NL,28,FALSE,0,47.79,0
7,Era cutoff 1969,1969+,5,Mike Trout,troutmi01,2012,2016,5,47.07,9.41,10.5 / 8.9 / 7.7 / 9.5 / 10.4,Hitter,OF,ANA,AL,20,FALSE,0,47.07,0
7,Era cutoff 1969,Pre-1969,1,Willie Mays,mayswi01,1954,1966,13,124.09,9.55,10.4 / 9.2 / 7.6 / 8.3 / 10.2 / 7.8 / 9.5 / 8.7 / 10.5 / 10.6 / 11.0 / 11.2 / 9.0,Hitter,OF,SFG,NL,23,FALSE,0,124.09,0
7,Era cutoff 1969,Pre-1969,2,Lou Gehrig,gehrilo01,1927,1937,11,98.58,8.96,11.8 / 9.5 / 7.5 / 9.6 / 8.6 / 8.2 / 7.1 / 10.0 / 8.3 / 9.7 / 8.2,Hitter,1B,NYY,AL,24,FALSE,0,98.58,0
7,Era cutoff 1969,Pre-1969,3,Walter Johnson,johnswa01,1910,1919,10,120.26,12.03,11.0 / 9.0 / 15.4 / 16.6 / 13.1 / 12.8 / 11.2 / 8.4 / 11.8 / 11.0,Pitcher,P,MIN,AL,22,TRUE,0,8.85,111.41
7,Era cutoff 1969,Pre-1969,4,Honus Wagner,wagneho01,1901,1909,9,79.58,8.84,7.2 / 7.3 / 7.6 / 8.3 / 10.2 / 9.3 / 9.0 / 11.5 / 9.2,Hitter,SS,PIT,NL,27,FALSE,0,79.51,0.07
7,Era cutoff 1969,Pre-1969,5,Cy Young,youngcy01,1898,1905,8,70.14,8.77,7.6 / 8.2 / 7.1 / 12.4 / 10.1 / 8.1 / 9.6 / 7.1,Pitcher,P,BOS,Mixed,31,FALSE,0,1.94,68.2
8,Overall,All,1,Walter Johnson,johnswa01,1910,1919,10,120.26,12.03,11.0 / 9.0 / 15.4 / 16.6 / 13.1 / 12.8 / 11.2 / 8.4 / 11.8 / 11.0,Pitcher,P,MIN,AL,22,TRUE,0,8.85,111.41
8,Overall,All,2,Babe Ruth,ruthba01,1926,1932,7,71.72,10.25,11.4 / 12.6 / 10.2 / 8.1 / 10.5 / 10.6 / 8.5,Hitter,OF,NYY,AL,31,FALSE,0,71.5,0.22
8,Overall,All,3,Willie Mays,mayswi01,1960,1966,7,70.55,10.08,9.5 / 8.7 / 10.5 / 10.6 / 11.0 / 11.2 / 9.0,Hitter,OF,SFG,NL,29,FALSE,0,70.55,0
8,Overall,All,4,Albert Pujols,pujolal01,2003,2009,7,61.72,8.82,8.6 / 8.5 / 8.4 / 8.5 / 8.7 / 9.2 / 9.7,Hitter,1B,STL,NL,23,FALSE,0,61.72,0
8,Overall,All,5,Kid Nichols,nichoki01,1890,1895,6,60.44,10.07,13.0 / 9.3 / 8.8 / 11.7 / 8.2 / 9.5,Pitcher,P,ATL,NL,20,FALSE,0,-0.99,61.43
8,Role,Hitter,1,Babe Ruth,ruthba01,1926,1932,7,71.72,10.25,11.4 / 12.6 / 10.2 / 8.1 / 10.5 / 10.6 / 8.5,Hitter,OF,NYY,AL,31,FALSE,0,71.5,0.22
8,Role,Hitter,2,Willie Mays,mayswi01,1960,1966,7,70.55,10.08,9.5 / 8.7 / 10.5 / 10.6 / 11.0 / 11.2 / 9.0,Hitter,OF,SFG,NL,29,FALSE,0,70.55,0
8,Role,Hitter,3,Albert Pujols,pujolal01,2003,2009,7,61.72,8.82,8.6 / 8.5 / 8.4 / 8.5 / 8.7 / 9.2 / 9.7,Hitter,1B,STL,NL,23,FALSE,0,61.72,0
8,Role,Hitter,4,Honus Wagner,wagneho01,1904,1909,6,57.45,9.57,8.3 / 10.2 / 9.3 / 9.0 / 11.5 / 9.2,Hitter,SS,PIT,NL,30,FALSE,0,57.45,0
8,Role,Hitter,5,Joe Morgan,morgajo02,1972,1976,5,47.79,9.56,9.3 / 9.3 / 8.6 / 11.0 / 9.6,Hitter,2B,CIN,NL,28,FALSE,0,47.79,0
8,Role,Pitcher,1,Walter Johnson,johnswa01,1910,1919,10,120.26,12.03,11.0 / 9.0 / 15.4 / 16.6 / 13.1 / 12.8 / 11.2 / 8.4 / 11.8 / 11.0,Pitcher,P,MIN,AL,22,TRUE,0,8.85,111.41
8,Role,Pitcher,2,Kid Nichols,nichoki01,1890,1895,6,60.44,10.07,13.0 / 9.3 / 8.8 / 11.7 / 8.2 / 9.5,Pitcher,P,ATL,NL,20,FALSE,0,-0.99,61.43
8,Role,Pitcher,3,Christy Mathewson,mathech01,1907,1912,6,57.07,9.51,8.8 / 11.8 / 10.6 / 9.1 / 8.2 / 8.5,Pitcher,P,SFG,NL,26,FALSE,0,2.68,54.39
8,Role,Pitcher,4,Cy Young,youngcy01,1892,1896,5,54.26,10.85,13.0 / 10.6 / 8.5 / 11.6 / 10.5,Pitcher,P,CLV,NL,25,FALSE,0,-2.31,56.57
8,Role,Pitcher,5,Tommy Bond,bondto01,1876,1879,4,49.64,12.41,10.4 / 11.5 / 13.4 / 14.3,Pitcher,P,ATL,NL,20,FALSE,0,-0.72,50.36
8,Role,Two-way / mixed,1,Jim Whitney,whitnji01,1881,1884,4,38.85,9.71,8.6 / 8.4 / 13.4 / 8.4,Two-way / mixed,Two-way,ATL,NL,23,FALSE,0,6.63,32.22
8,Role,Two-way / mixed,2,Shohei Ohtani,ohtansh01,2021,2024,4,37.56,9.39,9.0 / 9.6 / 9.9 / 9.0,Two-way / mixed,Two-way,ANA,Mixed,26,FALSE,0,23.44,14.12
8,Role,Two-way / mixed,3,Babe Ruth,ruthba01,1919,1921,3,34.39,11.46,10.0 / 11.8 / 12.6,Two-way / mixed,OF,NYY,AL,24,TRUE,0,33.99,0.4
8,Role,Two-way / mixed,4,Bob Caruthers,carutbo01,1885,1887,3,32.26,10.75,10.0 / 11.6 / 10.7,Two-way / mixed,Two-way,STL,Other (AA/UA/PL/FL),21,FALSE,0,8.32,23.94
8,Role,Two-way / mixed,5,Charlie Ferguson,ferguch01,1885,1887,3,29.76,9.92,8.1 / 11.7 / 9.9,Two-way / mixed,P,PHI,NL,22,FALSE,0,5.61,24.15
8,Position,1B,1,Albert Pujols,pujolal01,2003,2009,7,61.72,8.82,8.6 / 8.5 / 8.4 / 8.5 / 8.7 / 9.2 / 9.7,Hitter,1B,STL,NL,23,FALSE,0,61.72,0
8,Position,1B,2,Lou Gehrig,gehrilo01,1934,1937,4,36.17,9.04,10.0 / 8.3 / 9.7 / 8.2,Hitter,1B,NYY,AL,31,FALSE,0,36.17,0
8,Position,1B,3,Jimmie Foxx,foxxji01,1932,1934,3,27.64,9.21,10.3 / 9.0 / 8.3,Hitter,1B,OAK,AL,24,FALSE,0,27.64,0
8,Position,1B,4,George Sisler,sislege01,1920,1920,1,9.83,9.83,9.8,Hitter,1B,BAL,AL,27,FALSE,0,9.79,0.04
8,Position,1B,5,Rod Carew,carewro01,1977,1977,1,9.66,9.66,9.7,Hitter,1B,MIN,AL,31,FALSE,0,9.66,0
8,Position,2B,1,Joe Morgan,morgajo02,1972,1976,5,47.79,9.56,9.3 / 9.3 / 8.6 / 11.0 / 9.6,Hitter,2B,CIN,NL,28,FALSE,0,47.79,0
8,Position,2B,2,Eddie Collins,collied01,1912,1915,4,36.21,9.05,8.8 / 9.4 / 8.9 / 9.1,Hitter,2B,OAK,AL,25,FALSE,0,36.21,0
8,Position,2B,3,Rogers Hornsby,hornsro01,1920,1922,3,30.67,10.22,9.7 / 10.9 / 10.1,Hitter,2B,STL,NL,24,FALSE,0,30.67,0
8,Position,2B,4,Jackie Robinson,robinja02,1951,1952,2,18.05,9.03,9.6 / 8.4,Hitter,2B,LAD,NL,32,FALSE,0,18.05,0
8,Position,2B,5,Charlie Gehringer,gehrich01,1934,1935,2,17.42,8.71,8.9 / 8.6,Hitter,2B,DET,AL,31,FALSE,0,17.42,0
8,Position,3B,1,Wade Boggs,boggswa01,1985,1989,5,42.18,8.44,9.1 / 8.1 / 8.3 / 8.3 / 8.4,Hitter,3B,BOS,AL,27,FALSE,0,42.18,0
8,Position,3B,2,Ron Santo,santoro01,1966,1967,2,18.65,9.32,8.9 / 9.8,Hitter,3B,CHC,NL,26,FALSE,0,18.65,0
8,Position,3B,3,George Brett,brettge01,1979,1980,2,18.01,9,8.6 / 9.4,Hitter,3B,KCR,AL,26,FALSE,0,18.01,0
8,Position,3B,4,Home Run Baker,bakerfr01,1912,1913,2,17.29,8.64,9.0 / 8.2,Hitter,3B,OAK,AL,26,FALSE,0,17.29,0
8,Position,3B,5,Mike Schmidt,schmimi01,1976,1977,2,16.87,8.43,8.0 / 8.8,Hitter,3B,PHI,NL,26,FALSE,0,16.87,0
8,Position,C,1,Mike Piazza,piazzmi01,1997,1997,1,8.67,8.67,8.7,Hitter,C,LAD,NL,28,FALSE,0,8.67,0
8,Position,C,2,Gary Carter,cartega01,1982,1982,1,8.61,8.61,8.6,Hitter,C,WSN,NL,28,FALSE,0,8.61,0
8,Position,C,3,Johnny Bench,benchjo01,1972,1972,1,8.57,8.57,8.6,Hitter,C,CIN,NL,24,FALSE,0,8.57,0
8,Position,OF,1,Babe Ruth,ruthba01,1926,1932,7,71.72,10.25,11.4 / 12.6 / 10.2 / 8.1 / 10.5 / 10.6 / 8.5,Hitter,OF,NYY,AL,31,FALSE,0,71.5,0.22
8,Position,OF,2,Willie Mays,mayswi01,1960,1966,7,70.55,10.08,9.5 / 8.7 / 10.5 / 10.6 / 11.0 / 11.2 / 9.0,Hitter,OF,SFG,NL,29,FALSE,0,70.55,0
8,Position,OF,3,Hank Aaron,aaronha01,1959,1963,5,43.8,8.76,8.6 / 8.0 / 9.4 / 8.6 / 9.1,Hitter,OF,ATL,NL,25,FALSE,0,43.8,0
8,Position,OF,4,Barry Bonds,bondsba01,2001,2004,4,43.4,10.85,11.9 / 11.7 / 9.2 / 10.6,Hitter,OF,SFG,NL,36,FALSE,0,43.4,0
8,Position,OF,5,Mickey Mantle,mantlmi01,1955,1958,4,40.79,10.2,9.5 / 11.2 / 11.3 / 8.7,Hitter,OF,NYY,AL,23,FALSE,0,40.79,0
8,Position,P,1,Walter Johnson,johnswa01,1910,1919,10,120.26,12.03,11.0 / 9.0 / 15.4 / 16.6 / 13.1 / 12.8 / 11.2 / 8.4 / 11.8 / 11.0,Pitcher,P,MIN,AL,22,TRUE,0,8.85,111.41
8,Position,P,2,Kid Nichols,nichoki01,1890,1895,6,60.44,10.07,13.0 / 9.3 / 8.8 / 11.7 / 8.2 / 9.5,Pitcher,P,ATL,NL,20,FALSE,0,-0.99,61.43
8,Position,P,3,Christy Mathewson,mathech01,1907,1912,6,57.07,9.51,8.8 / 11.8 / 10.6 / 9.1 / 8.2 / 8.5,Pitcher,P,SFG,NL,26,FALSE,0,2.68,54.39
8,Position,P,4,Cy Young,youngcy01,1892,1896,5,54.26,10.85,13.0 / 10.6 / 8.5 / 11.6 / 10.5,Pitcher,P,CLV,NL,25,FALSE,0,-2.31,56.57
8,Position,P,5,Tommy Bond,bondto01,1876,1879,4,49.64,12.41,10.4 / 11.5 / 13.4 / 14.3,Pitcher,P,ATL,NL,20,FALSE,0,-0.72,50.36
8,Position,SS,1,Honus Wagner,wagneho01,1904,1909,6,57.45,9.57,8.3 / 10.2 / 9.3 / 9.0 / 11.5 / 9.2,Hitter,SS,PIT,NL,30,FALSE,0,57.45,0
8,Position,SS,2,Alex Rodriguez,rodrial01,2000,2003,4,35.89,8.97,10.4 / 8.3 / 8.8 / 8.4,Hitter,SS,SEA,AL,24,FALSE,0,35.89,0
8,Position,SS,3,Ernie Banks,bankser01,1958,1959,2,19.56,9.78,9.3 / 10.2,Hitter,SS,CHC,NL,27,FALSE,0,19.56,0
8,Position,SS,4,Cal Ripken,ripkeca01,1983,1984,2,18.22,9.11,8.2 / 10.0,Hitter,SS,BAL,AL,22,FALSE,0,18.22,0
8,Position,SS,5,Robin Yount,yountro01,1982,1982,1,10.54,10.54,10.5,Hitter,SS,MIL,AL,26,FALSE,0,10.54,0
8,Position,Two-way,1,Jim Whitney,whitnji01,1881,1884,4,38.85,9.71,8.6 / 8.4 / 13.4 / 8.4,Two-way / mixed,Two-way,ATL,NL,23,FALSE,0,6.63,32.22
8,Position,Two-way,2,Shohei Ohtani,ohtansh01,2021,2024,4,37.56,9.39,9.0 / 9.6 / 9.9 / 9.0,Two-way / mixed,Two-way,ANA,Mixed,26,FALSE,0,23.44,14.12
8,Position,Two-way,3,Bob Caruthers,carutbo01,1885,1887,3,32.26,10.75,10.0 / 11.6 / 10.7,Two-way / mixed,Two-way,STL,Other (AA/UA/PL/FL),21,FALSE,0,8.32,23.94
8,Position,Two-way,4,Tony Mullane,mullato01,1884,1884,1,13.24,13.24,13.2,Two-way / mixed,Two-way,TOL,Other (AA/UA/PL/FL),25,FALSE,0,1.66,11.58
8,Position,Two-way,5,Charlie Sweeney,sweench01,1884,1884,1,11.19,11.19,11.2,Two-way / mixed,Two-way,SLM,Other (AA/UA/PL/FL),21,FALSE,0,2.41,8.78
8,Decade (start year),1870s,1,Tommy Bond,bondto01,1876,1879,4,49.64,12.41,10.4 / 11.5 / 13.4 / 14.3,Pitcher,P,ATL,NL,20,FALSE,0,-0.72,50.36
8,Decade (start year),1870s,2,Jim Devlin,devliji01,1876,1877,2,31.7,15.85,18.3 / 13.4,Pitcher,P,LGR,NL,27,FALSE,0,0.86,30.84
8,Decade (start year),1870s,3,Jim McCormick,mccorji01,1879,1880,2,20.57,10.29,9.8 / 10.8,Pitcher,P,CBL,NL,22,FALSE,0,0.13,20.44
8,Decade (start year),1870s,4,Al Spalding,spaldal01,1876,1876,1,10.16,10.16,10.2,Pitcher,P,CHC,NL,25,FALSE,0,0.79,9.37
8,Decade (start year),1870s,5,Sam Weaver,weavesa01,1878,1878,1,10.16,10.16,10.2,Pitcher,P,MLG,NL,22,FALSE,0,-0.24,10.4
8,Decade (start year),1880s,1,Jim Whitney,whitnji01,1881,1884,4,38.85,9.71,8.6 / 8.4 / 13.4 / 8.4,Two-way / mixed,Two-way,ATL,NL,23,FALSE,0,6.63,32.22
8,Decade (start year),1880s,2,Old Hoss Radbourn,radboch01,1883,1885,3,42.25,14.08,14.3 / 19.4 / 8.5,Pitcher,P,PRO,NL,28,FALSE,0,2.64,39.61
8,Decade (start year),1880s,3,Silver King,kingsi01,1888,1890,3,36.95,12.32,16.0 / 8.5 / 12.4,Pitcher,P,STL,Mixed,20,FALSE,0,0.77,36.18
8,Decade (start year),1880s,4,John Clarkson,clarkjo01,1889,1891,3,34.93,11.64,16.2 / 8.9 / 9.9,Pitcher,P,ATL,NL,27,FALSE,0,-0.09,35.02
8,Decade (start year),1880s,5,Jim McCormick,mccorji01,1882,1884,3,33.95,11.32,10.9 / 8.2 / 14.8,Pitcher,P,CBL,NL,25,FALSE,0,-0.25,34.2
8,Decade (start year),1890s,1,Kid Nichols,nichoki01,1890,1895,6,60.44,10.07,13.0 / 9.3 / 8.8 / 11.7 / 8.2 / 9.5,Pitcher,P,ATL,NL,20,FALSE,0,-0.99,61.43
8,Decade (start year),1890s,2,Cy Young,youngcy01,1892,1896,5,54.26,10.85,13.0 / 10.6 / 8.5 / 11.6 / 10.5,Pitcher,P,CLV,NL,25,FALSE,0,-2.31,56.57
8,Decade (start year),1890s,3,Bill Hutchison,hutchbi01,1890,1892,3,26.77,8.92,8.2 / 9.4 / 9.1,Pitcher,P,CHC,NL,30,FALSE,0,-0.82,27.59
8,Decade (start year),1890s,4,Amos Rusie,rusieam01,1893,1894,2,24.91,12.46,11.2 / 13.7,Pitcher,P,SFG,NL,22,FALSE,0,0.21,24.7
8,Decade (start year),1890s,5,Theodore Breitenstein,breitte01,1893,1894,2,20.13,10.07,11.0 / 9.1,Pitcher,P,STL,NL,24,FALSE,0,-0.67,20.8
8,Decade (start year),1900s,1,Honus Wagner,wagneho01,1904,1909,6,57.45,9.57,8.3 / 10.2 / 9.3 / 9.0 / 11.5 / 9.2,Hitter,SS,PIT,NL,30,FALSE,0,57.45,0
8,Decade (start year),1900s,2,Christy Mathewson,mathech01,1907,1912,6,57.07,9.51,8.8 / 11.8 / 10.6 / 9.1 / 8.2 / 8.5,Pitcher,P,SFG,NL,26,FALSE,0,2.68,54.39
8,Decade (start year),1900s,3,Cy Young,youngcy01,1901,1904,4,40.16,10.04,12.4 / 10.1 / 8.1 / 9.6,Pitcher,P,BOS,AL,34,FALSE,0,1.85,38.31
8,Decade (start year),1900s,4,Ty Cobb,cobbty01,1909,1912,4,39.57,9.89,9.9 / 10.3 / 10.5 / 8.8,Hitter,OF,DET,AL,22,FALSE,0,39.57,0
8,Decade (start year),1900s,5,Joe McGinnity,mcginjo01,1902,1904,3,30.03,10.01,8.8 / 11.9 / 9.3,Pitcher,P,SFG,Mixed,31,FALSE,0,-0.72,30.75
8,Decade (start year),1910s,1,Walter Johnson,johnswa01,1910,1919,10,120.26,12.03,11.0 / 9.0 / 15.4 / 16.6 / 13.1 / 12.8 / 11.2 / 8.4 / 11.8 / 11.0,Pitcher,P,MIN,AL,22,TRUE,0,8.85,111.41
8,Decade (start year),1910s,2,Pete Alexander,alexape01,1914,1917,4,42.1,10.52,9.3 / 10.9 / 12.1 / 9.8,Pitcher,P,PHI,NL,27,FALSE,0,1.98,40.12
8,Decade (start year),1910s,3,Eddie Collins,collied01,1912,1915,4,36.21,9.05,8.8 / 9.4 / 8.9 / 9.1,Hitter,2B,OAK,AL,25,FALSE,0,36.21,0
8,Decade (start year),1910s,4,Babe Ruth,ruthba01,1919,1921,3,34.39,11.46,10.0 / 11.8 / 12.6,Two-way / mixed,OF,NYY,AL,24,TRUE,0,33.99,0.4
8,Decade (start year),1910s,5,Ed Walsh,walshed01,1910,1912,3,34.31,11.44,11.8 / 9.7 / 12.8,Pitcher,P,CHW,AL,29,FALSE,0,1.34,32.97
8,Decade (start year),1920s,1,Babe Ruth,ruthba01,1926,1932,7,71.72,10.25,11.4 / 12.6 / 10.2 / 8.1 / 10.5 / 10.6 / 8.5,Hitter,OF,NYY,AL,31,FALSE,0,71.5,0.22
8,Decade (start year),1920s,2,Rogers Hornsby,hornsro01,1920,1922,3,30.67,10.22,9.7 / 10.9 / 10.1,Hitter,2B,STL,NL,24,FALSE,0,30.67,0
8,Decade (start year),1920s,3,Lou Gehrig,gehrilo01,1927,1928,2,21.34,10.67,11.8 / 9.5,Hitter,1B,NYY,AL,24,FALSE,0,21.34,0
8,Decade (start year),1920s,4,Red Faber,faberre01,1921,1922,2,20.6,10.3,11.1 / 9.5,Pitcher,P,CHW,AL,32,FALSE,0,-0.4,21
8,Decade (start year),1920s,5,Pete Alexander,alexape01,1920,1920,1,12.69,12.69,12.7,Pitcher,P,CHC,NL,33,FALSE,0,0.69,12
8,Decade (start year),1930s,1,Lou Gehrig,gehrilo01,1934,1937,4,36.17,9.04,10.0 / 8.3 / 9.7 / 8.2,Hitter,1B,NYY,AL,31,FALSE,0,36.17,0
8,Decade (start year),1930s,2,Lefty Grove,grovele01,1930,1932,3,29.62,9.87,10.3 / 10.0 / 9.2,Pitcher,P,OAK,AL,30,FALSE,0,-0.63,30.25
8,Decade (start year),1930s,3,Bob Feller,fellebo01,1939,1941,3,27.75,9.25,9.7 / 9.8 / 8.2,Pitcher,P,CLE,AL,20,FALSE,0,0.44,27.31
8,Decade (start year),1930s,4,Jimmie Foxx,foxxji01,1932,1934,3,27.64,9.21,10.3 / 9.0 / 8.3,Hitter,1B,OAK,AL,24,FALSE,0,27.64,0
8,Decade (start year),1930s,5,Charlie Gehringer,gehrich01,1934,1935,2,17.42,8.71,8.9 / 8.6,Hitter,2B,DET,AL,31,FALSE,0,17.42,0
8,Decade (start year),1940s,1,Ted Williams,willite01,1946,1949,4,37.42,9.36,10.6 / 9.5 / 8.3 / 9.0,Hitter,OF,BOS,AL,27,FALSE,0,37.42,0
8,Decade (start year),1940s,2,Hal Newhouser,newhoha01,1944,1946,3,30.08,10.03,8.4 / 12.2 / 9.6,Pitcher,P,DET,AL,23,FALSE,0,1.34,28.74
8,Decade (start year),1940s,3,Stan Musial,musiast01,1948,1949,2,20.36,10.18,11.3 / 9.1,Hitter,OF,STL,NL,27,FALSE,0,20.36,0
8,Decade (start year),1940s,4,Snuffy Stirnweiss,stirnsn01,1944,1945,2,17.4,8.7,8.6 / 8.8,Hitter,2B,NYY,AL,25,FALSE,0,17.4,0
8,Decade (start year),1940s,5,Dizzy Trout,troutdi01,1944,1944,1,10.86,10.86,10.9,Pitcher,P,DET,AL,29,FALSE,0,1.61,9.25
8,Decade (start year),1950s,1,Hank Aaron,aaronha01,1959,1963,5,43.8,8.76,8.6 / 8.0 / 9.4 / 8.6 / 9.1,Hitter,OF,ATL,NL,25,FALSE,0,43.8,0
8,Decade (start year),1950s,2,Mickey Mantle,mantlmi01,1955,1958,4,40.79,10.2,9.5 / 11.2 / 11.3 / 8.7,Hitter,OF,NYY,AL,23,FALSE,0,40.79,0
8,Decade (start year),1950s,3,Robin Roberts,roberro01,1951,1954,4,35.84,8.96,8.7 / 8.6 / 9.9 / 8.7,Pitcher,P,PHI,NL,24,FALSE,0,0.64,35.2
8,Decade (start year),1950s,4,Duke Snider,snidedu01,1953,1955,3,25.81,8.6,9.1 / 8.1 / 8.6,Hitter,OF,LAD,NL,26,FALSE,0,25.81,0
8,Decade (start year),1950s,5,Willie Mays,mayswi01,1954,1955,2,19.62,9.81,10.4 / 9.2,Hitter,OF,SFG,NL,23,FALSE,0,19.62,0
8,Decade (start year),1960s,1,Willie Mays,mayswi01,1960,1966,7,70.55,10.08,9.5 / 8.7 / 10.5 / 10.6 / 11.0 / 11.2 / 9.0,Hitter,OF,SFG,NL,29,FALSE,0,70.55,0
8,Decade (start year),1960s,2,Bob Gibson,gibsobo01,1968,1970,3,33.21,11.07,11.9 / 11.3 / 10.1,Pitcher,P,STL,NL,32,FALSE,0,2.69,30.52
8,Decade (start year),1960s,3,Roberto Clemente,clemero01,1966,1968,3,25.33,8.44,8.2 / 8.9 / 8.2,Hitter,OF,PIT,NL,31,FALSE,0,25.33,0
8,Decade (start year),1960s,4,Carl Yastrzemski,yastrca01,1967,1968,2,22.93,11.46,12.4 / 10.5,Hitter,OF,BOS,AL,27,FALSE,0,22.93,0
8,Decade (start year),1960s,5,Juan Marichal,maricju01,1965,1966,2,20.24,10.12,10.5 / 9.8,Pitcher,P,SFG,NL,27,FALSE,0,0.86,19.38
8,Decade (start year),1970s,1,Joe Morgan,morgajo02,1972,1976,5,47.79,9.56,9.3 / 9.3 / 8.6 / 11.0 / 9.6,Hitter,2B,CIN,NL,28,FALSE,0,47.79,0
8,Decade (start year),1970s,2,Wilbur Wood,woodwi01,1971,1972,2,21.33,10.66,11.0 / 10.3,Pitcher,P,CHW,AL,29,FALSE,0,-1.14,22.47
8,Decade (start year),1970s,3,Phil Niekro,niekrph01,1977,1978,2,18.85,9.43,8.5 / 10.4,Pitcher,P,ATL,NL,38,FALSE,0,-0.07,18.92
8,Decade (start year),1970s,4,George Brett,brettge01,1979,1980,2,18.01,9,8.6 / 9.4,Hitter,3B,KCR,AL,26,FALSE,0,18.01,0
8,Decade (start year),1970s,5,Mike Schmidt,schmimi01,1976,1977,2,16.87,8.43,8.0 / 8.8,Hitter,3B,PHI,NL,26,FALSE,0,16.87,0
8,Decade (start year),1980s,1,Wade Boggs,boggswa01,1985,1989,5,42.18,8.44,9.1 / 8.1 / 8.3 / 8.3 / 8.4,Hitter,3B,BOS,AL,27,FALSE,0,42.18,0
8,Decade (start year),1980s,2,Rickey Henderson,henderi01,1989,1990,2,18.6,9.3,8.7 / 9.9,Hitter,OF,OAK,AL,30,FALSE,0,18.6,0
8,Decade (start year),1980s,3,Roger Clemens,clemero02,1986,1987,2,18.24,9.12,8.8 / 9.4,Pitcher,P,BOS,AL,23,FALSE,0,0,18.24
8,Decade (start year),1980s,4,Cal Ripken,ripkeca01,1983,1984,2,18.22,9.11,8.2 / 10.0,Hitter,SS,BAL,AL,22,FALSE,0,18.22,0
8,Decade (start year),1980s,5,Dwight Gooden,goodedw01,1985,1985,1,13.31,13.31,13.3,Pitcher,P,NYM,NL,20,FALSE,0,1.12,12.19
8,Decade (start year),1990s,1,Randy Johnson,johnsra05,1999,2002,4,36.7,9.18,8.6 / 8.1 / 9.5 / 10.5,Pitcher,P,ARI,NL,35,FALSE,0,-1.39,38.09
8,Decade (start year),1990s,2,Barry Bonds,bondsba01,1996,1998,3,25.91,8.64,9.6 / 8.2 / 8.1,Hitter,OF,SFG,NL,31,FALSE,0,25.91,0
8,Decade (start year),1990s,3,Pedro Martinez,martipe02,1999,2000,2,21.46,10.73,9.8 / 11.7,Pitcher,P,BOS,AL,27,FALSE,0,-0.03,21.49
8,Decade (start year),1990s,4,Roger Clemens,clemero02,1997,1998,2,20.23,10.12,12.1 / 8.1,Pitcher,P,TOR,AL,34,FALSE,0,0.17,20.06
8,Decade (start year),1990s,5,Ken Griffey,griffke02,1996,1997,2,18.81,9.4,9.7 / 9.1,Hitter,OF,SEA,AL,26,FALSE,0,18.81,0
8,Decade (start year),2000s,1,Albert Pujols,pujolal01,2003,2009,7,61.72,8.82,8.6 / 8.5 / 8.4 / 8.5 / 8.7 / 9.2 / 9.7,Hitter,1B,STL,NL,23,FALSE,0,61.72,0
8,Decade (start year),2000s,2,Barry Bonds,bondsba01,2001,2004,4,43.4,10.85,11.9 / 11.7 / 9.2 / 10.6,Hitter,OF,SFG,NL,36,FALSE,0,43.4,0
8,Decade (start year),2000s,3,Alex Rodriguez,rodrial01,2000,2003,4,35.89,8.97,10.4 / 8.3 / 8.8 / 8.4,Hitter,SS,SEA,AL,24,FALSE,0,35.89,0
8,Decade (start year),2000s,4,Chase Utley,utleych01,2008,2009,2,17.27,8.63,9.0 / 8.2,Hitter,2B,PHI,NL,29,FALSE,0,17.27,0
8,Decade (start year),2000s,5,Curt Schilling,schilcu01,2001,2002,2,16.99,8.49,8.5 / 8.5,Pitcher,P,ARI,NL,34,FALSE,0,-0.39,17.38
8,Decade (start year),2010s,1,Mike Trout,troutmi01,2015,2016,2,19.92,9.96,9.5 / 10.4,Hitter,OF,ANA,AL,23,FALSE,0,19.92,0
8,Decade (start year),2010s,2,Roy Halladay,hallaro01,2010,2011,2,16.83,8.41,8.3 / 8.6,Pitcher,P,PHI,NL,33,FALSE,0,-0.46,17.29
8,Decade (start year),2010s,3,Clayton Kershaw,kershcl01,2013,2014,2,16.82,8.41,8.6 / 8.2,Pitcher,P,LAD,NL,25,FALSE,0,0.98,15.84
8,Decade (start year),2010s,4,Mookie Betts,bettsmo01,2018,2018,1,10.74,10.74,10.7,Hitter,OF,BOS,AL,25,FALSE,0,10.74,0
8,Decade (start year),2010s,5,Jacob deGrom,degroja01,2018,2018,1,9.89,9.89,9.9,Pitcher,P,NYM,NL,30,FALSE,0,0.45,9.44
8,Decade (start year),2020s,1,Shohei Ohtani,ohtansh01,2021,2024,4,37.56,9.39,9.0 / 9.6 / 9.9 / 9.0,Two-way / mixed,Two-way,ANA,Mixed,26,FALSE,0,23.44,14.12
8,Decade (start year),2020s,2,Aaron Judge,judgeaa01,2024,2024,1,10.9,10.9,10.9,Hitter,OF,NYY,AL,32,FALSE,0,10.9,0
8,Decade (start year),2020s,3,Bobby Witt,wittbo02,2024,2024,1,9.62,9.62,9.6,Hitter,SS,KCR,AL,24,FALSE,0,9.62,0
8,Decade (start year),2020s,4,Jarren Duran,duranja01,2024,2024,1,8.99,8.99,9.0,Hitter,OF,BOS,AL,27,FALSE,0,8.99,0
8,Decade (start year),2020s,5,Gunnar Henderson,hendegu01,2024,2024,1,8.79,8.79,8.8,Hitter,SS,BAL,AL,23,FALSE,0,8.79,0
8,Age at start,25-27,1,Christy Mathewson,mathech01,1907,1912,6,57.07,9.51,8.8 / 11.8 / 10.6 / 9.1 / 8.2 / 8.5,Pitcher,P,SFG,NL,26,FALSE,0,2.68,54.39
8,Age at start,25-27,2,Cy Young,youngcy01,1892,1896,5,54.26,10.85,13.0 / 10.6 / 8.5 / 11.6 / 10.5,Pitcher,P,CLV,NL,25,FALSE,0,-2.31,56.57
8,Age at start,25-27,3,Hank Aaron,aaronha01,1959,1963,5,43.8,8.76,8.6 / 8.0 / 9.4 / 8.6 / 9.1,Hitter,OF,ATL,NL,25,FALSE,0,43.8,0
8,Age at start,25-27,4,Wade Boggs,boggswa01,1985,1989,5,42.18,8.44,9.1 / 8.1 / 8.3 / 8.3 / 8.4,Hitter,3B,BOS,AL,27,FALSE,0,42.18,0
8,Age at start,25-27,5,Pete Alexander,alexape01,1914,1917,4,42.1,10.52,9.3 / 10.9 / 12.1 / 9.8,Pitcher,P,PHI,NL,27,FALSE,0,1.98,40.12
8,Age at start,28-30,1,Willie Mays,mayswi01,1960,1966,7,70.55,10.08,9.5 / 8.7 / 10.5 / 10.6 / 11.0 / 11.2 / 9.0,Hitter,OF,SFG,NL,29,FALSE,0,70.55,0
8,Age at start,28-30,2,Honus Wagner,wagneho01,1904,1909,6,57.45,9.57,8.3 / 10.2 / 9.3 / 9.0 / 11.5 / 9.2,Hitter,SS,PIT,NL,30,FALSE,0,57.45,0
8,Age at start,28-30,3,Joe Morgan,morgajo02,1972,1976,5,47.79,9.56,9.3 / 9.3 / 8.6 / 11.0 / 9.6,Hitter,2B,CIN,NL,28,FALSE,0,47.79,0
8,Age at start,28-30,4,Old Hoss Radbourn,radboch01,1883,1885,3,42.25,14.08,14.3 / 19.4 / 8.5,Pitcher,P,PRO,NL,28,FALSE,0,2.64,39.61
8,Age at start,28-30,5,Ed Walsh,walshed01,1910,1912,3,34.31,11.44,11.8 / 9.7 / 12.8,Pitcher,P,CHW,AL,29,FALSE,0,1.34,32.97
8,Age at start,31+,1,Babe Ruth,ruthba01,1926,1932,7,71.72,10.25,11.4 / 12.6 / 10.2 / 8.1 / 10.5 / 10.6 / 8.5,Hitter,OF,NYY,AL,31,FALSE,0,71.5,0.22
8,Age at start,31+,2,Barry Bonds,bondsba01,2001,2004,4,43.4,10.85,11.9 / 11.7 / 9.2 / 10.6,Hitter,OF,SFG,NL,36,FALSE,0,43.4,0
8,Age at start,31+,3,Cy Young,youngcy01,1901,1904,4,40.16,10.04,12.4 / 10.1 / 8.1 / 9.6,Pitcher,P,BOS,AL,34,FALSE,0,1.85,38.31
8,Age at start,31+,4,Randy Johnson,johnsra05,1999,2002,4,36.7,9.18,8.6 / 8.1 / 9.5 / 10.5,Pitcher,P,ARI,NL,35,FALSE,0,-1.39,38.09
8,Age at start,31+,5,Lou Gehrig,gehrilo01,1934,1937,4,36.17,9.04,10.0 / 8.3 / 9.7 / 8.2,Hitter,1B,NYY,AL,31,FALSE,0,36.17,0
8,Age at start,<=24,1,Walter Johnson,johnswa01,1910,1919,10,120.26,12.03,11.0 / 9.0 / 15.4 / 16.6 / 13.1 / 12.8 / 11.2 / 8.4 / 11.8 / 11.0,Pitcher,P,MIN,AL,22,TRUE,0,8.85,111.41
8,Age at start,<=24,2,Albert Pujols,pujolal01,2003,2009,7,61.72,8.82,8.6 / 8.5 / 8.4 / 8.5 / 8.7 / 9.2 / 9.7,Hitter,1B,STL,NL,23,FALSE,0,61.72,0
8,Age at start,<=24,3,Kid Nichols,nichoki01,1890,1895,6,60.44,10.07,13.0 / 9.3 / 8.8 / 11.7 / 8.2 / 9.5,Pitcher,P,ATL,NL,20,FALSE,0,-0.99,61.43
8,Age at start,<=24,4,Tommy Bond,bondto01,1876,1879,4,49.64,12.41,10.4 / 11.5 / 13.4 / 14.3,Pitcher,P,ATL,NL,20,FALSE,0,-0.72,50.36
8,Age at start,<=24,5,Mickey Mantle,mantlmi01,1955,1958,4,40.79,10.2,9.5 / 11.2 / 11.3 / 8.7,Hitter,OF,NYY,AL,23,FALSE,0,40.79,0
8,League,AL,1,Walter Johnson,johnswa01,1910,1919,10,120.26,12.03,11.0 / 9.0 / 15.4 / 16.6 / 13.1 / 12.8 / 11.2 / 8.4 / 11.8 / 11.0,Pitcher,P,MIN,AL,22,TRUE,0,8.85,111.41
8,League,AL,2,Babe Ruth,ruthba01,1926,1932,7,71.72,10.25,11.4 / 12.6 / 10.2 / 8.1 / 10.5 / 10.6 / 8.5,Hitter,OF,NYY,AL,31,FALSE,0,71.5,0.22
8,League,AL,3,Wade Boggs,boggswa01,1985,1989,5,42.18,8.44,9.1 / 8.1 / 8.3 / 8.3 / 8.4,Hitter,3B,BOS,AL,27,FALSE,0,42.18,0
8,League,AL,4,Mickey Mantle,mantlmi01,1955,1958,4,40.79,10.2,9.5 / 11.2 / 11.3 / 8.7,Hitter,OF,NYY,AL,23,FALSE,0,40.79,0
8,League,AL,5,Cy Young,youngcy01,1901,1904,4,40.16,10.04,12.4 / 10.1 / 8.1 / 9.6,Pitcher,P,BOS,AL,34,FALSE,0,1.85,38.31
8,League,Mixed,1,Shohei Ohtani,ohtansh01,2021,2024,4,37.56,9.39,9.0 / 9.6 / 9.9 / 9.0,Two-way / mixed,Two-way,ANA,Mixed,26,FALSE,0,23.44,14.12
8,League,Mixed,2,Silver King,kingsi01,1888,1890,3,36.95,12.32,16.0 / 8.5 / 12.4,Pitcher,P,STL,Mixed,20,FALSE,0,0.77,36.18
8,League,Mixed,3,Joe McGinnity,mcginjo01,1902,1904,3,30.03,10.01,8.8 / 11.9 / 9.3,Pitcher,P,SFG,Mixed,31,FALSE,0,-0.72,30.75
8,League,NL,1,Willie Mays,mayswi01,1960,1966,7,70.55,10.08,9.5 / 8.7 / 10.5 / 10.6 / 11.0 / 11.2 / 9.0,Hitter,OF,SFG,NL,29,FALSE,0,70.55,0
8,League,NL,2,Albert Pujols,pujolal01,2003,2009,7,61.72,8.82,8.6 / 8.5 / 8.4 / 8.5 / 8.7 / 9.2 / 9.7,Hitter,1B,STL,NL,23,FALSE,0,61.72,0
8,League,NL,3,Kid Nichols,nichoki01,1890,1895,6,60.44,10.07,13.0 / 9.3 / 8.8 / 11.7 / 8.2 / 9.5,Pitcher,P,ATL,NL,20,FALSE,0,-0.99,61.43
8,League,NL,4,Honus Wagner,wagneho01,1904,1909,6,57.45,9.57,8.3 / 10.2 / 9.3 / 9.0 / 11.5 / 9.2,Hitter,SS,PIT,NL,30,FALSE,0,57.45,0
8,League,NL,5,Christy Mathewson,mathech01,1907,1912,6,57.07,9.51,8.8 / 11.8 / 10.6 / 9.1 / 8.2 / 8.5,Pitcher,P,SFG,NL,26,FALSE,0,2.68,54.39
8,League,Other (AA/UA/PL/FL),1,Bob Caruthers,carutbo01,1885,1887,3,32.26,10.75,10.0 / 11.6 / 10.7,Two-way / mixed,Two-way,STL,Other (AA/UA/PL/FL),21,FALSE,0,8.32,23.94
8,League,Other (AA/UA/PL/FL),2,Ed Morris,morried01,1884,1886,3,31.59,10.53,8.5 / 12.7 / 10.4,Pitcher,P,PIT,Other (AA/UA/PL/FL),21,FALSE,0,-1.29,32.88
8,League,Other (AA/UA/PL/FL),3,Tim Keefe,keefeti01,1883,1884,2,28.55,14.27,20.2 / 8.3,Pitcher,P,NYP,Other (AA/UA/PL/FL),26,FALSE,0,1.13,27.42
8,League,Other (AA/UA/PL/FL),4,Guy Hecker,heckegu01,1884,1885,2,25.97,12.98,17.8 / 8.2,Pitcher,P,LOU,Other (AA/UA/PL/FL),28,FALSE,0,3.1,22.87
8,League,Other (AA/UA/PL/FL),5,Will White,whitewi01,1882,1883,2,20.55,10.28,11.3 / 9.2,Pitcher,P,CIN,Other (AA/UA/PL/FL),27,FALSE,0,0.47,20.08
8,Franchise (one-team runs only),ANA,1,Mike Trout,troutmi01,2015,2016,2,19.92,9.96,9.5 / 10.4,Hitter,OF,ANA,AL,23,FALSE,0,19.92,0
8,Franchise (one-team runs only),ANA,2,Dean Chance,chancde01,1964,1964,1,8.66,8.66,8.7,Pitcher,P,ANA,AL,23,FALSE,0,-0.7,9.36
8,Franchise (one-team runs only),ANA,3,Mark Langston,langsma01,1993,1993,1,8.52,8.52,8.5,Pitcher,P,ANA,AL,32,FALSE,0,0,8.52
8,Franchise (one-team runs only),ANA,4,Darin Erstad,erstada01,2000,2000,1,8.33,8.33,8.3,Hitter,OF,ANA,AL,26,FALSE,0,8.33,0
8,Franchise (one-team runs only),ANA,5,Frank Tanana,tananfr01,1977,1977,1,8.27,8.27,8.3,Pitcher,P,ANA,AL,23,FALSE,0,0,8.27
8,Franchise (one-team runs only),ARI,1,Randy Johnson,johnsra05,1999,2002,4,36.7,9.18,8.6 / 8.1 / 9.5 / 10.5,Pitcher,P,ARI,NL,35,FALSE,0,-1.39,38.09
8,Franchise (one-team runs only),ARI,2,Curt Schilling,schilcu01,2001,2002,2,16.99,8.49,8.5 / 8.5,Pitcher,P,ARI,NL,34,FALSE,0,-0.39,17.38
8,Franchise (one-team runs only),ARI,3,Paul Goldschmidt,goldspa01,2015,2015,1,8.33,8.33,8.3,Hitter,1B,ARI,NL,27,FALSE,0,8.33,0
8,Franchise (one-team runs only),ATL,1,Kid Nichols,nichoki01,1890,1895,6,60.44,10.07,13.0 / 9.3 / 8.8 / 11.7 / 8.2 / 9.5,Pitcher,P,ATL,NL,20,FALSE,0,-0.99,61.43
8,Franchise (one-team runs only),ATL,2,Hank Aaron,aaronha01,1959,1963,5,43.8,8.76,8.6 / 8.0 / 9.4 / 8.6 / 9.1,Hitter,OF,ATL,NL,25,FALSE,0,43.8,0
8,Franchise (one-team runs only),ATL,3,Jim Whitney,whitnji01,1881,1884,4,38.85,9.71,8.6 / 8.4 / 13.4 / 8.4,Two-way / mixed,Two-way,ATL,NL,23,FALSE,0,6.63,32.22
8,Franchise (one-team runs only),ATL,4,John Clarkson,clarkjo01,1889,1891,3,34.93,11.64,16.2 / 8.9 / 9.9,Pitcher,P,ATL,NL,27,FALSE,0,-0.09,35.02
8,Franchise (one-team runs only),ATL,5,Phil Niekro,niekrph01,1977,1978,2,18.85,9.43,8.5 / 10.4,Pitcher,P,ATL,NL,38,FALSE,0,-0.07,18.92
8,Franchise (one-team runs only),BAL,1,Cal Ripken,ripkeca01,1983,1984,2,18.22,9.11,8.2 / 10.0,Hitter,SS,BAL,AL,22,FALSE,0,18.22,0
8,Franchise (one-team runs only),BAL,2,George Sisler,sislege01,1920,1920,1,9.83,9.83,9.8,Hitter,1B,BAL,AL,27,FALSE,0,9.79,0.04
8,Franchise (one-team runs only),BAL,3,Gunnar Henderson,hendegu01,2024,2024,1,8.79,8.79,8.8,Hitter,SS,BAL,AL,23,FALSE,0,8.79,0
8,Franchise (one-team runs only),BAL,4,George Stone,stonege01,1906,1906,1,8.75,8.75,8.8,Hitter,OF,BAL,AL,29,FALSE,0,8.75,0
8,Franchise (one-team runs only),BAL,5,Urban Shocker,shockur01,1921,1921,1,8.62,8.62,8.6,Pitcher,P,BAL,AL,30,FALSE,0,0.67,7.95
8,Franchise (one-team runs only),BLO,1,Matt Kilroy,kilroma01,1887,1887,1,12.09,12.09,12.1,Pitcher,P,BLO,Other (AA/UA/PL/FL),21,FALSE,0,1.08,11.01
8,Franchise (one-team runs only),BLO,2,John McGraw,mcgrajo01,1899,1899,1,8.71,8.71,8.7,Hitter,3B,BLO,NL,26,FALSE,0,8.71,0
8,Franchise (one-team runs only),BLO,3,Joe McGinnity,mcginjo01,1899,1899,1,8.67,8.67,8.7,Pitcher,P,BLO,NL,28,FALSE,0,-0.73,9.4
8,Franchise (one-team runs only),BLO,4,Hughie Jennings,jennihu01,1896,1896,1,8.3,8.3,8.3,Hitter,SS,BLO,NL,27,FALSE,0,8.3,0
8,Franchise (one-team runs only),BLO,5,Bill Hoffer,hoffebi01,1896,1896,1,8.25,8.25,8.2,Pitcher,P,BLO,NL,25,FALSE,0,0.98,7.27
8,Franchise (one-team runs only),BOS,1,Wade Boggs,boggswa01,1985,1989,5,42.18,8.44,9.1 / 8.1 / 8.3 / 8.3 / 8.4,Hitter,3B,BOS,AL,27,FALSE,0,42.18,0
8,Franchise (one-team runs only),BOS,2,Cy Young,youngcy01,1901,1904,4,40.16,10.04,12.4 / 10.1 / 8.1 / 9.6,Pitcher,P,BOS,AL,34,FALSE,0,1.85,38.31
8,Franchise (one-team runs only),BOS,3,Ted Williams,willite01,1946,1949,4,37.42,9.36,10.6 / 9.5 / 8.3 / 9.0,Hitter,OF,BOS,AL,27,FALSE,0,37.42,0
8,Franchise (one-team runs only),BOS,4,Tris Speaker,speaktr01,1912,1914,3,28.73,9.58,10.1 / 8.8 / 9.9,Hitter,OF,BOS,AL,24,FALSE,0,28.8,-0.07
8,Franchise (one-team runs only),BOS,5,Lefty Grove,grovele01,1935,1937,3,28.57,9.52,8.8 / 10.6 / 9.2,Pitcher,P,BOS,AL,35,FALSE,0,-1.81,30.38
8,Franchise (one-team runs only),BUF,1,Pud Galvin,galvipu01,1883,1884,2,28.23,14.12,9.8 / 18.4,Pitcher,P,BUF,NL,26,FALSE,0,-3.23,31.46
8,Franchise (one-team runs only),CBL,1,Jim McCormick,mccorji01,1882,1884,3,33.95,11.32,10.9 / 8.2 / 14.8,Pitcher,P,CBL,NL,25,FALSE,0,-0.25,34.2
8,Franchise (one-team runs only),CHC,1,Bill Hutchison,hutchbi01,1890,1892,3,26.77,8.92,8.2 / 9.4 / 9.1,Pitcher,P,CHC,NL,30,FALSE,0,-0.82,27.59
8,Franchise (one-team runs only),CHC,2,Ernie Banks,bankser01,1958,1959,2,19.56,9.78,9.3 / 10.2,Hitter,SS,CHC,NL,27,FALSE,0,19.56,0
8,Franchise (one-team runs only),CHC,3,Mordecai Brown,brownmo01,1908,1909,2,18.74,9.37,9.1 / 9.6,Pitcher,P,CHC,NL,31,FALSE,0,0,18.74
8,Franchise (one-team runs only),CHC,4,Ron Santo,santoro01,1966,1967,2,18.65,9.32,8.9 / 9.8,Hitter,3B,CHC,NL,26,FALSE,0,18.65,0
8,Franchise (one-team runs only),CHC,5,John Clarkson,clarkjo01,1887,1887,1,14.99,14.99,15.0,Pitcher,P,CHC,NL,25,FALSE,0,0.14,14.85
8,Franchise (one-team runs only),CHH,1,Claude Hendrix,hendrcl01,1914,1914,1,8.03,8.03,8.0,Pitcher,P,CHH,Other (AA/UA/PL/FL),25,FALSE,0,0.92,7.11
8,Franchise (one-team runs only),CHW,1,Ed Walsh,walshed01,1910,1912,3,34.31,11.44,11.8 / 9.7 / 12.8,Pitcher,P,CHW,AL,29,FALSE,0,1.34,32.97
8,Franchise (one-team runs only),CHW,2,Wilbur Wood,woodwi01,1971,1972,2,21.33,10.66,11.0 / 10.3,Pitcher,P,CHW,AL,29,FALSE,0,-1.14,22.47
8,Franchise (one-team runs only),CHW,3,Red Faber,faberre01,1921,1922,2,20.6,10.3,11.1 / 9.5,Pitcher,P,CHW,AL,32,FALSE,0,-0.4,21
8,Franchise (one-team runs only),CHW,4,Eddie Cicotte,cicoted01,1917,1917,1,12.08,12.08,12.1,Pitcher,P,CHW,AL,33,FALSE,0,0.17,11.91
8,Franchise (one-team runs only),CHW,5,Reb Russell,russere01,1913,1913,1,9.56,9.56,9.6,Pitcher,P,CHW,AL,24,FALSE,0,0.22,9.34
8,Franchise (one-team runs only),CIN,1,Joe Morgan,morgajo02,1972,1976,5,47.79,9.56,9.3 / 9.3 / 8.6 / 11.0 / 9.6,Hitter,2B,CIN,NL,28,FALSE,0,47.79,0
8,Franchise (one-team runs only),CIN,2,Will White,whitewi01,1882,1883,2,20.55,10.28,11.3 / 9.2,Pitcher,P,CIN,Other (AA/UA/PL/FL),27,FALSE,0,0.47,20.08
8,Franchise (one-team runs only),CIN,3,Dolf Luque,luquedo01,1923,1923,1,10.9,10.9,10.9,Pitcher,P,CIN,NL,32,FALSE,0,0.19,10.71
8,Franchise (one-team runs only),CIN,4,Elmer Smith,smithel01,1887,1887,1,10.8,10.8,10.8,Pitcher,P,CIN,Other (AA/UA/PL/FL),19,FALSE,0,0.54,10.26
8,Franchise (one-team runs only),CIN,5,Billy Rhines,rhinebi01,1890,1890,1,10.52,10.52,10.5,Pitcher,P,CIN,NL,21,FALSE,0,-0.46,10.98
8,Franchise (one-team runs only),CLE,1,Bob Feller,fellebo01,1939,1941,3,27.75,9.25,9.7 / 9.8 / 8.2,Pitcher,P,CLE,AL,20,FALSE,0,0.44,27.31
8,Franchise (one-team runs only),CLE,2,Shoeless Joe Jackson,jacksjo01,1911,1912,2,18.42,9.21,9.1 / 9.3,Hitter,OF,CLE,AL,23,FALSE,0,18.42,0
8,Franchise (one-team runs only),CLE,3,Gaylord Perry,perryga01,1972,1972,1,11.03,11.03,11.0,Pitcher,P,CLE,AL,33,FALSE,0,0.2,10.83
8,Franchise (one-team runs only),CLE,4,Lou Boudreau,boudrlo01,1948,1948,1,10.36,10.36,10.4,Hitter,SS,CLE,AL,30,FALSE,0,10.36,0
8,Franchise (one-team runs only),CLE,5,Nap Lajoie,lajoina01,1910,1910,1,10.31,10.31,10.3,Hitter,2B,CLE,AL,35,FALSE,0,10.31,0
8,Franchise (one-team runs only),CLV,1,Cy Young,youngcy01,1892,1896,5,54.26,10.85,13.0 / 10.6 / 8.5 / 11.6 / 10.5,Pitcher,P,CLV,NL,25,FALSE,0,-2.31,56.57
8,Franchise (one-team runs only),CLV,2,George Cuppy,cuppyni01,1895,1896,2,18.86,9.43,8.5 / 10.3,Pitcher,P,CLV,NL,25,FALSE,0,1.36,17.5
8,Franchise (one-team runs only),COL,1,Larry Walker,walkela01,1997,1997,1,9.84,9.84,9.8,Hitter,OF,COL,NL,30,FALSE,0,9.84,0
8,Franchise (one-team runs only),COL,2,Todd Helton,heltoto01,2000,2000,1,8.86,8.86,8.9,Hitter,1B,COL,NL,26,FALSE,0,8.86,0
8,Franchise (one-team runs only),DET,1,Ty Cobb,cobbty01,1909,1912,4,39.57,9.89,9.9 / 10.3 / 10.5 / 8.8,Hitter,OF,DET,AL,22,FALSE,0,39.57,0
8,Franchise (one-team runs only),DET,2,Hal Newhouser,newhoha01,1944,1946,3,30.08,10.03,8.4 / 12.2 / 9.6,Pitcher,P,DET,AL,23,FALSE,0,1.34,28.74
8,Franchise (one-team runs only),DET,3,Charlie Gehringer,gehrich01,1934,1935,2,17.42,8.71,8.9 / 8.6,Hitter,2B,DET,AL,31,FALSE,0,17.42,0
8,Franchise (one-team runs only),DET,4,Dizzy Trout,troutdi01,1944,1944,1,10.86,10.86,10.9,Pitcher,P,DET,AL,29,FALSE,0,1.61,9.25
8,Franchise (one-team runs only),DET,5,Mark Fidrych,fidryma01,1976,1976,1,9.57,9.57,9.6,Pitcher,P,DET,AL,21,FALSE,0,0,9.57
8,Franchise (one-team runs only),DTN,1,Lady Baldwin,baldwla01,1886,1886,1,10.47,10.47,10.5,Pitcher,P,DTN,NL,27,FALSE,0,-0.3,10.77
8,Franchise (one-team runs only),DTN,2,George Weidman,wiedmst01,1882,1882,1,9.79,9.79,9.8,Pitcher,P,DTN,NL,21,FALSE,0,-0.44,10.23
8,Franchise (one-team runs only),DTN,3,Dan Brouthers,broutda01,1886,1886,1,8.21,8.21,8.2,Hitter,1B,DTN,NL,28,FALSE,0,8.21,0
8,Franchise (one-team runs only),FLA,1,Dontrelle Willis,willido03,2005,2005,1,8.3,8.3,8.3,Pitcher,P,FLA,NL,23,FALSE,0,1.01,7.29
8,Franchise (one-team runs only),FLA,2,Giancarlo Stanton,stantmi03,2017,2017,1,8.1,8.1,8.1,Hitter,OF,FLA,NL,27,FALSE,0,8.1,0
8,Franchise (one-team runs only),HOU,1,Craig Biggio,biggicr01,1997,1997,1,9.38,9.38,9.4,Hitter,2B,HOU,NL,31,FALSE,0,9.38,0
8,Franchise (one-team runs only),HOU,2,Alex Bregman,bregmal01,2019,2019,1,8.94,8.94,8.9,Hitter,3B,HOU,AL,25,FALSE,0,8.94,0
8,Franchise (one-team runs only),HOU,3,Larry Dierker,dierkla01,1969,1969,1,8.43,8.43,8.4,Pitcher,P,HOU,NL,22,FALSE,0,-0.22,8.65
8,Franchise (one-team runs only),HOU,4,Roger Clemens,clemero02,2005,2005,1,8.24,8.24,8.2,Pitcher,P,HOU,NL,42,FALSE,0,0.45,7.79
8,Franchise (one-team runs only),HOU,5,Mike Scott,scottmi03,1986,1986,1,8.2,8.2,8.2,Pitcher,P,HOU,NL,31,FALSE,0,-0.17,8.37
8,Franchise (one-team runs only),KCR,1,George Brett,brettge01,1979,1980,2,18.01,9,8.6 / 9.4,Hitter,3B,KCR,AL,26,FALSE,0,18.01,0
8,Franchise (one-team runs only),KCR,2,Kevin Appier,appieke01,1992,1993,2,17.27,8.63,8.0 / 9.3,Pitcher,P,KCR,AL,24,FALSE,0,0,17.27
8,Franchise (one-team runs only),KCR,3,Zack Greinke,greinza01,2009,2009,1,10.43,10.43,10.4,Pitcher,P,KCR,AL,25,FALSE,0,0.02,10.41
8,Franchise (one-team runs only),KCR,4,Bret Saberhagen,saberbr01,1989,1989,1,9.67,9.67,9.7,Pitcher,P,KCR,AL,25,FALSE,0,0.01,9.66
8,Franchise (one-team runs only),KCR,5,Bobby Witt,wittbo02,2024,2024,1,9.62,9.62,9.6,Hitter,SS,KCR,AL,24,FALSE,0,9.62,0
8,Franchise (one-team runs only),LAD,1,Duke Snider,snidedu01,1953,1955,3,25.81,8.6,9.1 / 8.1 / 8.6,Hitter,OF,LAD,NL,26,FALSE,0,25.81,0
8,Franchise (one-team runs only),LAD,2,Sandy Koufax,koufasa01,1965,1966,2,18.29,9.14,8.6 / 9.7,Pitcher,P,LAD,NL,29,FALSE,0,-0.04,18.33
8,Franchise (one-team runs only),LAD,3,Nap Rucker,ruckena01,1911,1912,2,18.07,9.04,9.4 / 8.7,Pitcher,P,LAD,NL,26,FALSE,0,0.48,17.59
8,Franchise (one-team runs only),LAD,4,Jackie Robinson,robinja02,1951,1952,2,18.05,9.03,9.6 / 8.4,Hitter,2B,LAD,NL,32,FALSE,0,18.05,0
8,Franchise (one-team runs only),LAD,5,Clayton Kershaw,kershcl01,2013,2014,2,16.82,8.41,8.6 / 8.2,Pitcher,P,LAD,NL,25,FALSE,0,0.98,15.84
8,Franchise (one-team runs only),LGR,1,Jim Devlin,devliji01,1876,1877,2,31.7,15.85,18.3 / 13.4,Pitcher,P,LGR,NL,27,FALSE,0,0.86,30.84
8,Franchise (one-team runs only),LOU,1,Guy Hecker,heckegu01,1884,1885,2,25.97,12.98,17.8 / 8.2,Pitcher,P,LOU,Other (AA/UA/PL/FL),28,FALSE,0,3.1,22.87
8,Franchise (one-team runs only),LOU,2,Toad Ramsey,ramseto01,1886,1886,1,12.48,12.48,12.5,Pitcher,P,LOU,Other (AA/UA/PL/FL),21,FALSE,0,-0.07,12.55
8,Franchise (one-team runs only),LOU,3,Scott Stratton,stratsc01,1890,1890,1,10.8,10.8,10.8,Pitcher,P,LOU,Other (AA/UA/PL/FL),20,FALSE,0,1.67,9.13
8,Franchise (one-team runs only),MIL,1,Robin Yount,yountro01,1982,1982,1,10.54,10.54,10.5,Hitter,SS,MIL,AL,26,FALSE,0,10.54,0
8,Franchise (one-team runs only),MIL,2,Teddy Higuera,higuete01,1986,1986,1,9.39,9.39,9.4,Pitcher,P,MIL,AL,28,FALSE,0,0,9.39
8,Franchise (one-team runs only),MIL,3,Mike Caldwell,caldwmi01,1978,1978,1,8.21,8.21,8.2,Pitcher,P,MIL,AL,29,FALSE,0,0,8.21
8,Franchise (one-team runs only),MIN,1,Walter Johnson,johnswa01,1910,1919,10,120.26,12.03,11.0 / 9.0 / 15.4 / 16.6 / 13.1 / 12.8 / 11.2 / 8.4 / 11.8 / 11.0,Pitcher,P,MIN,AL,22,TRUE,0,8.85,111.41
8,Franchise (one-team runs only),MIN,2,Bert Blyleven,blylebe01,1973,1973,1,9.74,9.74,9.7,Pitcher,P,MIN,AL,22,FALSE,0,0,9.74
8,Franchise (one-team runs only),MIN,3,Rod Carew,carewro01,1977,1977,1,9.66,9.66,9.7,Hitter,1B,MIN,AL,31,FALSE,0,9.66,0
8,Franchise (one-team runs only),MIN,4,Johan Santana,santajo01,2004,2004,1,8.79,8.79,8.8,Pitcher,P,MIN,AL,25,FALSE,0,0.1,8.69
8,Franchise (one-team runs only),MIN,5,Chuck Knoblauch,knoblch01,1996,1996,1,8.65,8.65,8.6,Hitter,2B,MIN,AL,27,FALSE,0,8.65,0
8,Franchise (one-team runs only),MLG,1,Sam Weaver,weavesa01,1878,1878,1,10.16,10.16,10.2,Pitcher,P,MLG,NL,22,FALSE,0,-0.24,10.4
8,Franchise (one-team runs only),NEW,1,Cy Falkenberg,falkecy01,1914,1914,1,8.31,8.31,8.3,Pitcher,P,NEW,Other (AA/UA/PL/FL),34,FALSE,0,-0.4,8.71
8,Franchise (one-team runs only),NYM,1,Dwight Gooden,goodedw01,1985,1985,1,13.31,13.31,13.3,Pitcher,P,NYM,NL,20,FALSE,0,1.12,12.19
8,Franchise (one-team runs only),NYM,2,Tom Seaver,seaveto01,1973,1973,1,10.96,10.96,11.0,Pitcher,P,NYM,NL,28,FALSE,0,0.35,10.61
8,Franchise (one-team runs only),NYM,3,Jacob deGrom,degroja01,2018,2018,1,9.89,9.89,9.9,Pitcher,P,NYM,NL,30,FALSE,0,0.45,9.44
8,Franchise (one-team runs only),NYM,4,Jon Matlack,matlajo01,1974,1974,1,8.67,8.67,8.7,Pitcher,P,NYM,NL,24,FALSE,0,-0.39,9.06
8,Franchise (one-team runs only),NYM,5,David Wright,wrighda03,2007,2007,1,8.34,8.34,8.3,Hitter,3B,NYM,NL,24,FALSE,0,8.34,0
8,Franchise (one-team runs only),NYP,1,Tim Keefe,keefeti01,1883,1884,2,28.55,14.27,20.2 / 8.3,Pitcher,P,NYP,Other (AA/UA/PL/FL),26,FALSE,0,1.13,27.42
8,Franchise (one-team runs only),NYY,1,Babe Ruth,ruthba01,1926,1932,7,71.72,10.25,11.4 / 12.6 / 10.2 / 8.1 / 10.5 / 10.6 / 8.5,Hitter,OF,NYY,AL,31,FALSE,0,71.5,0.22
8,Franchise (one-team runs only),NYY,2,Mickey Mantle,mantlmi01,1955,1958,4,40.79,10.2,9.5 / 11.2 / 11.3 / 8.7,Hitter,OF,NYY,AL,23,FALSE,0,40.79,0
8,Franchise (one-team runs only),NYY,3,Lou Gehrig,gehrilo01,1934,1937,4,36.17,9.04,10.0 / 8.3 / 9.7 / 8.2,Hitter,1B,NYY,AL,31,FALSE,0,36.17,0
8,Franchise (one-team runs only),NYY,4,Snuffy Stirnweiss,stirnsn01,1944,1945,2,17.4,8.7,8.6 / 8.8,Hitter,2B,NYY,AL,25,FALSE,0,17.4,0
8,Franchise (one-team runs only),NYY,5,Russ Ford,fordru01,1910,1910,1,11.74,11.74,11.7,Pitcher,P,NYY,AL,27,FALSE,0,0.35,11.39
8,Franchise (one-team runs only),OAK,1,Lefty Grove,grovele01,1930,1932,3,29.62,9.87,10.3 / 10.0 / 9.2,Pitcher,P,OAK,AL,30,FALSE,0,-0.63,30.25
8,Franchise (one-team runs only),OAK,2,Jimmie Foxx,foxxji01,1932,1934,3,27.64,9.21,10.3 / 9.0 / 8.3,Hitter,1B,OAK,AL,24,FALSE,0,27.64,0
8,Franchise (one-team runs only),OAK,3,Rube Waddell,wadderu01,1904,1905,2,19.75,9.88,10.4 / 9.3,Pitcher,P,OAK,AL,27,FALSE,0,-0.88,20.63
8,Franchise (one-team runs only),OAK,4,Eddie Collins,collied01,1909,1910,2,19.44,9.72,9.7 / 9.8,Hitter,2B,OAK,AL,22,FALSE,0,19.44,0
8,Franchise (one-team runs only),OAK,5,Home Run Baker,bakerfr01,1912,1913,2,17.29,8.64,9.0 / 8.2,Hitter,3B,OAK,AL,26,FALSE,0,17.29,0
8,Franchise (one-team runs only),PHA,1,Ed Seward,sewared01,1888,1888,1,9.92,9.92,9.9,Pitcher,P,PHA,Other (AA/UA/PL/FL),21,FALSE,0,-0.16,10.08
8,Franchise (one-team runs only),PHI,1,Pete Alexander,alexape01,1914,1917,4,42.1,10.52,9.3 / 10.9 / 12.1 / 9.8,Pitcher,P,PHI,NL,27,FALSE,0,1.98,40.12
8,Franchise (one-team runs only),PHI,2,Robin Roberts,roberro01,1951,1954,4,35.84,8.96,8.7 / 8.6 / 9.9 / 8.7,Pitcher,P,PHI,NL,24,FALSE,0,0.64,35.2
8,Franchise (one-team runs only),PHI,3,Charlie Ferguson,ferguch01,1885,1887,3,29.76,9.92,8.1 / 11.7 / 9.9,Two-way / mixed,P,PHI,NL,22,FALSE,0,5.61,24.15
8,Franchise (one-team runs only),PHI,4,Charlie Buffinton,buffich01,1888,1889,2,23.08,11.54,12.0 / 11.1,Pitcher,P,PHI,NL,27,FALSE,0,-0.3,23.38
8,Franchise (one-team runs only),PHI,5,Chase Utley,utleych01,2008,2009,2,17.27,8.63,9.0 / 8.2,Hitter,2B,PHI,NL,29,FALSE,0,17.27,0
8,Franchise (one-team runs only),PIT,1,Honus Wagner,wagneho01,1904,1909,6,57.45,9.57,8.3 / 10.2 / 9.3 / 9.0 / 11.5 / 9.2,Hitter,SS,PIT,NL,30,FALSE,0,57.45,0
8,Franchise (one-team runs only),PIT,2,Roberto Clemente,clemero01,1966,1968,3,25.33,8.44,8.2 / 8.9 / 8.2,Hitter,OF,PIT,NL,31,FALSE,0,25.33,0
8,Franchise (one-team runs only),PIT,3,Pink Hawley,hawlepi01,1895,1896,2,19.31,9.66,11.1 / 8.3,Pitcher,P,PIT,NL,22,FALSE,0,1.14,18.17
8,Franchise (one-team runs only),PIT,4,Arky Vaughan,vaughar01,1935,1935,1,9.74,9.74,9.7,Hitter,SS,PIT,NL,23,FALSE,0,9.74,0
8,Franchise (one-team runs only),PIT,5,Barry Bonds,bondsba01,1990,1990,1,9.74,9.74,9.7,Hitter,OF,PIT,NL,25,FALSE,0,9.74,0
8,Franchise (one-team runs only),PRO,1,Old Hoss Radbourn,radboch01,1883,1885,3,42.25,14.08,14.3 / 19.4 / 8.5,Pitcher,P,PRO,NL,28,FALSE,0,2.64,39.61
8,Franchise (one-team runs only),PRO,2,John Ward,wardjo01,1879,1879,1,9.19,9.19,9.2,Pitcher,P,PRO,NL,19,FALSE,0,1.86,7.33
8,Franchise (one-team runs only),SBS,1,George Bradley,bradlge01,1876,1876,1,9.12,9.12,9.1,Pitcher,P,SBS,NL,23,FALSE,0,0.37,8.75
8,Franchise (one-team runs only),SDP,1,Kevin Brown,brownke01,1998,1998,1,9.07,9.07,9.1,Pitcher,P,SDP,NL,33,FALSE,0,0.5,8.57
8,Franchise (one-team runs only),SDP,2,Tony Gwynn,gwynnto01,1987,1987,1,8.55,8.55,8.6,Hitter,OF,SDP,NL,27,FALSE,0,8.55,0
8,Franchise (one-team runs only),SDP,3,Dave Winfield,winfida01,1979,1979,1,8.33,8.33,8.3,Hitter,OF,SDP,NL,27,FALSE,0,8.33,0
8,Franchise (one-team runs only),SEA,1,Ken Griffey,griffke02,1996,1997,2,18.81,9.4,9.7 / 9.1,Hitter,OF,SEA,AL,26,FALSE,0,18.81,0
8,Franchise (one-team runs only),SEA,2,Alex Rodriguez,rodrial01,1996,1996,1,9.41,9.41,9.4,Hitter,SS,SEA,AL,20,FALSE,0,9.41,0
8,Franchise (one-team runs only),SEA,3,Ichiro Suzuki,suzukic01,2004,2004,1,9.16,9.16,9.2,Hitter,OF,SEA,AL,30,FALSE,0,9.16,0
8,Franchise (one-team runs only),SEA,4,Bret Boone,boonebr01,2001,2001,1,8.82,8.82,8.8,Hitter,2B,SEA,AL,32,FALSE,0,8.82,0
8,Franchise (one-team runs only),SEA,5,Randy Johnson,johnsra05,1995,1995,1,8.6,8.6,8.6,Pitcher,P,SEA,AL,31,TRUE,0,0,8.6
8,Franchise (one-team runs only),SFG,1,Willie Mays,mayswi01,1960,1966,7,70.55,10.08,9.5 / 8.7 / 10.5 / 10.6 / 11.0 / 11.2 / 9.0,Hitter,OF,SFG,NL,29,FALSE,0,70.55,0
8,Franchise (one-team runs only),SFG,2,Christy Mathewson,mathech01,1907,1912,6,57.07,9.51,8.8 / 11.8 / 10.6 / 9.1 / 8.2 / 8.5,Pitcher,P,SFG,NL,26,FALSE,0,2.68,54.39
8,Franchise (one-team runs only),SFG,3,Barry Bonds,bondsba01,2001,2004,4,43.4,10.85,11.9 / 11.7 / 9.2 / 10.6,Hitter,OF,SFG,NL,36,FALSE,0,43.4,0
8,Franchise (one-team runs only),SFG,4,Amos Rusie,rusieam01,1893,1894,2,24.91,12.46,11.2 / 13.7,Pitcher,P,SFG,NL,22,FALSE,0,0.21,24.7
8,Franchise (one-team runs only),SFG,5,Mickey Welch,welchmi01,1884,1885,2,22.89,11.45,12.3 / 10.6,Pitcher,P,SFG,NL,24,FALSE,0,0.42,22.47
8,Franchise (one-team runs only),SLM,1,Billy Taylor,taylobi01,1884,1884,1,11.48,11.48,11.5,Pitcher,P,SLM,Other (AA/UA/PL/FL),29,FALSE,0,2.75,8.73
8,Franchise (one-team runs only),SLM,2,Charlie Sweeney,sweench01,1884,1884,1,11.19,11.19,11.2,Two-way / mixed,Two-way,SLM,Other (AA/UA/PL/FL),21,FALSE,0,2.41,8.78
8,Franchise (one-team runs only),STL,1,Albert Pujols,pujolal01,2003,2009,7,61.72,8.82,8.6 / 8.5 / 8.4 / 8.5 / 8.7 / 9.2 / 9.7,Hitter,1B,STL,NL,23,FALSE,0,61.72,0
8,Franchise (one-team runs only),STL,2,Bob Gibson,gibsobo01,1968,1970,3,33.21,11.07,11.9 / 11.3 / 10.1,Pitcher,P,STL,NL,32,FALSE,0,2.69,30.52
8,Franchise (one-team runs only),STL,3,Bob Caruthers,carutbo01,1885,1887,3,32.26,10.75,10.0 / 11.6 / 10.7,Two-way / mixed,Two-way,STL,Other (AA/UA/PL/FL),21,FALSE,0,8.32,23.94
8,Franchise (one-team runs only),STL,4,Rogers Hornsby,hornsro01,1920,1922,3,30.67,10.22,9.7 / 10.9 / 10.1,Hitter,2B,STL,NL,24,FALSE,0,30.67,0
8,Franchise (one-team runs only),STL,5,Stan Musial,musiast01,1948,1949,2,20.36,10.18,11.3 / 9.1,Hitter,OF,STL,NL,27,FALSE,0,20.36,0
8,Franchise (one-team runs only),TBD,1,Ben Zobrist,zobribe01,2009,2009,1,8.61,8.61,8.6,Hitter,2B,TBD,AL,28,FALSE,0,8.61,0
8,Franchise (one-team runs only),TBD,2,Evan Longoria,longoev01,2010,2010,1,8.16,8.16,8.2,Hitter,3B,TBD,AL,24,FALSE,0,8.16,0
8,Franchise (one-team runs only),TEX,1,Josh Hamilton,hamiljo03,2010,2010,1,8.71,8.71,8.7,Hitter,OF,TEX,AL,29,FALSE,0,8.71,0
8,Franchise (one-team runs only),TOL,1,Tony Mullane,mullato01,1884,1884,1,13.24,13.24,13.2,Two-way / mixed,Two-way,TOL,Other (AA/UA/PL/FL),25,FALSE,0,1.66,11.58
8,Franchise (one-team runs only),TOR,1,Roger Clemens,clemero02,1997,1998,2,20.23,10.12,12.1 / 8.1,Pitcher,P,TOR,AL,34,FALSE,0,0.17,20.06
8,Franchise (one-team runs only),TOR,2,Pat Hentgen,hentgpa01,1996,1996,1,8.55,8.55,8.6,Pitcher,P,TOR,AL,27,FALSE,0,0,8.55
8,Franchise (one-team runs only),TOR,3,Jose Bautista,bautijo02,2011,2011,1,8.28,8.28,8.3,Hitter,OF,TOR,AL,30,FALSE,0,8.28,0
8,Franchise (one-team runs only),TOR,4,Roy Halladay,hallaro01,2003,2003,1,8.04,8.04,8.0,Pitcher,P,TOR,AL,26,FALSE,0,-0.05,8.09
8,Franchise (one-team runs only),WNL,1,Jim Whitney,whitnji01,1887,1887,1,8.38,8.38,8.4,Pitcher,P,WNL,NL,29,FALSE,0,0.84,7.54
8,Franchise (one-team runs only),WSN,1,Bryce Harper,harpebr03,2015,2015,1,9.74,9.74,9.7,Hitter,OF,WSN,NL,22,FALSE,0,9.74,0
8,Franchise (one-team runs only),WSN,2,Pedro Martinez,martipe02,1997,1997,1,8.76,8.76,8.8,Pitcher,P,WSN,NL,25,FALSE,0,-0.23,8.99
8,Franchise (one-team runs only),WSN,3,Max Scherzer,scherma01,2018,2018,1,8.68,8.68,8.7,Pitcher,P,WSN,NL,33,FALSE,0,0.77,7.91
8,Franchise (one-team runs only),WSN,4,Gary Carter,cartega01,1982,1982,1,8.61,8.61,8.6,Hitter,C,WSN,NL,28,FALSE,0,8.61,0
8,Era cutoff 1901,1901+,1,Walter Johnson,johnswa01,1910,1919,10,120.26,12.03,11.0 / 9.0 / 15.4 / 16.6 / 13.1 / 12.8 / 11.2 / 8.4 / 11.8 / 11.0,Pitcher,P,MIN,AL,22,TRUE,0,8.85,111.41
8,Era cutoff 1901,1901+,2,Babe Ruth,ruthba01,1926,1932,7,71.72,10.25,11.4 / 12.6 / 10.2 / 8.1 / 10.5 / 10.6 / 8.5,Hitter,OF,NYY,AL,31,FALSE,0,71.5,0.22
8,Era cutoff 1901,1901+,3,Willie Mays,mayswi01,1960,1966,7,70.55,10.08,9.5 / 8.7 / 10.5 / 10.6 / 11.0 / 11.2 / 9.0,Hitter,OF,SFG,NL,29,FALSE,0,70.55,0
8,Era cutoff 1901,1901+,4,Albert Pujols,pujolal01,2003,2009,7,61.72,8.82,8.6 / 8.5 / 8.4 / 8.5 / 8.7 / 9.2 / 9.7,Hitter,1B,STL,NL,23,FALSE,0,61.72,0
8,Era cutoff 1901,1901+,5,Honus Wagner,wagneho01,1904,1909,6,57.45,9.57,8.3 / 10.2 / 9.3 / 9.0 / 11.5 / 9.2,Hitter,SS,PIT,NL,30,FALSE,0,57.45,0
8,Era cutoff 1901,Pre-1901,1,Kid Nichols,nichoki01,1890,1895,6,60.44,10.07,13.0 / 9.3 / 8.8 / 11.7 / 8.2 / 9.5,Pitcher,P,ATL,NL,20,FALSE,0,-0.99,61.43
8,Era cutoff 1901,Pre-1901,2,Cy Young,youngcy01,1892,1896,5,54.26,10.85,13.0 / 10.6 / 8.5 / 11.6 / 10.5,Pitcher,P,CLV,NL,25,FALSE,0,-2.31,56.57
8,Era cutoff 1901,Pre-1901,3,Tommy Bond,bondto01,1876,1879,4,49.64,12.41,10.4 / 11.5 / 13.4 / 14.3,Pitcher,P,ATL,NL,20,FALSE,0,-0.72,50.36
8,Era cutoff 1901,Pre-1901,4,Jim Whitney,whitnji01,1881,1884,4,38.85,9.71,8.6 / 8.4 / 13.4 / 8.4,Two-way / mixed,Two-way,ATL,NL,23,FALSE,0,6.63,32.22
8,Era cutoff 1901,Pre-1901,5,Old Hoss Radbourn,radboch01,1883,1885,3,42.25,14.08,14.3 / 19.4 / 8.5,Pitcher,P,PRO,NL,28,FALSE,0,2.64,39.61
8,Era cutoff 1920,1920+,1,Babe Ruth,ruthba01,1926,1932,7,71.72,10.25,11.4 / 12.6 / 10.2 / 8.1 / 10.5 / 10.6 / 8.5,Hitter,OF,NYY,AL,31,FALSE,0,71.5,0.22
8,Era cutoff 1920,1920+,2,Willie Mays,mayswi01,1960,1966,7,70.55,10.08,9.5 / 8.7 / 10.5 / 10.6 / 11.0 / 11.2 / 9.0,Hitter,OF,SFG,NL,29,FALSE,0,70.55,0
8,Era cutoff 1920,1920+,3,Albert Pujols,pujolal01,2003,2009,7,61.72,8.82,8.6 / 8.5 / 8.4 / 8.5 / 8.7 / 9.2 / 9.7,Hitter,1B,STL,NL,23,FALSE,0,61.72,0
8,Era cutoff 1920,1920+,4,Joe Morgan,morgajo02,1972,1976,5,47.79,9.56,9.3 / 9.3 / 8.6 / 11.0 / 9.6,Hitter,2B,CIN,NL,28,FALSE,0,47.79,0
8,Era cutoff 1920,1920+,5,Hank Aaron,aaronha01,1959,1963,5,43.8,8.76,8.6 / 8.0 / 9.4 / 8.6 / 9.1,Hitter,OF,ATL,NL,25,FALSE,0,43.8,0
8,Era cutoff 1920,Pre-1920,1,Walter Johnson,johnswa01,1910,1919,10,120.26,12.03,11.0 / 9.0 / 15.4 / 16.6 / 13.1 / 12.8 / 11.2 / 8.4 / 11.8 / 11.0,Pitcher,P,MIN,AL,22,TRUE,0,8.85,111.41
8,Era cutoff 1920,Pre-1920,2,Kid Nichols,nichoki01,1890,1895,6,60.44,10.07,13.0 / 9.3 / 8.8 / 11.7 / 8.2 / 9.5,Pitcher,P,ATL,NL,20,FALSE,0,-0.99,61.43
8,Era cutoff 1920,Pre-1920,3,Honus Wagner,wagneho01,1904,1909,6,57.45,9.57,8.3 / 10.2 / 9.3 / 9.0 / 11.5 / 9.2,Hitter,SS,PIT,NL,30,FALSE,0,57.45,0
8,Era cutoff 1920,Pre-1920,4,Christy Mathewson,mathech01,1907,1912,6,57.07,9.51,8.8 / 11.8 / 10.6 / 9.1 / 8.2 / 8.5,Pitcher,P,SFG,NL,26,FALSE,0,2.68,54.39
8,Era cutoff 1920,Pre-1920,5,Cy Young,youngcy01,1892,1896,5,54.26,10.85,13.0 / 10.6 / 8.5 / 11.6 / 10.5,Pitcher,P,CLV,NL,25,FALSE,0,-2.31,56.57
8,Era cutoff 1947 (PRIMARY),1947+,1,Willie Mays,mayswi01,1960,1966,7,70.55,10.08,9.5 / 8.7 / 10.5 / 10.6 / 11.0 / 11.2 / 9.0,Hitter,OF,SFG,NL,29,FALSE,0,70.55,0
8,Era cutoff 1947 (PRIMARY),1947+,2,Albert Pujols,pujolal01,2003,2009,7,61.72,8.82,8.6 / 8.5 / 8.4 / 8.5 / 8.7 / 9.2 / 9.7,Hitter,1B,STL,NL,23,FALSE,0,61.72,0
8,Era cutoff 1947 (PRIMARY),1947+,3,Joe Morgan,morgajo02,1972,1976,5,47.79,9.56,9.3 / 9.3 / 8.6 / 11.0 / 9.6,Hitter,2B,CIN,NL,28,FALSE,0,47.79,0
8,Era cutoff 1947 (PRIMARY),1947+,4,Hank Aaron,aaronha01,1959,1963,5,43.8,8.76,8.6 / 8.0 / 9.4 / 8.6 / 9.1,Hitter,OF,ATL,NL,25,FALSE,0,43.8,0
8,Era cutoff 1947 (PRIMARY),1947+,5,Wade Boggs,boggswa01,1985,1989,5,42.18,8.44,9.1 / 8.1 / 8.3 / 8.3 / 8.4,Hitter,3B,BOS,AL,27,FALSE,0,42.18,0
8,Era cutoff 1947 (PRIMARY),Pre-1947,1,Walter Johnson,johnswa01,1910,1919,10,120.26,12.03,11.0 / 9.0 / 15.4 / 16.6 / 13.1 / 12.8 / 11.2 / 8.4 / 11.8 / 11.0,Pitcher,P,MIN,AL,22,TRUE,0,8.85,111.41
8,Era cutoff 1947 (PRIMARY),Pre-1947,2,Babe Ruth,ruthba01,1926,1932,7,71.72,10.25,11.4 / 12.6 / 10.2 / 8.1 / 10.5 / 10.6 / 8.5,Hitter,OF,NYY,AL,31,FALSE,0,71.5,0.22
8,Era cutoff 1947 (PRIMARY),Pre-1947,3,Kid Nichols,nichoki01,1890,1895,6,60.44,10.07,13.0 / 9.3 / 8.8 / 11.7 / 8.2 / 9.5,Pitcher,P,ATL,NL,20,FALSE,0,-0.99,61.43
8,Era cutoff 1947 (PRIMARY),Pre-1947,4,Honus Wagner,wagneho01,1904,1909,6,57.45,9.57,8.3 / 10.2 / 9.3 / 9.0 / 11.5 / 9.2,Hitter,SS,PIT,NL,30,FALSE,0,57.45,0
8,Era cutoff 1947 (PRIMARY),Pre-1947,5,Christy Mathewson,mathech01,1907,1912,6,57.07,9.51,8.8 / 11.8 / 10.6 / 9.1 / 8.2 / 8.5,Pitcher,P,SFG,NL,26,FALSE,0,2.68,54.39
8,Era cutoff 1969,1969+,1,Albert Pujols,pujolal01,2003,2009,7,61.72,8.82,8.6 / 8.5 / 8.4 / 8.5 / 8.7 / 9.2 / 9.7,Hitter,1B,STL,NL,23,FALSE,0,61.72,0
8,Era cutoff 1969,1969+,2,Joe Morgan,morgajo02,1972,1976,5,47.79,9.56,9.3 / 9.3 / 8.6 / 11.0 / 9.6,Hitter,2B,CIN,NL,28,FALSE,0,47.79,0
8,Era cutoff 1969,1969+,3,Wade Boggs,boggswa01,1985,1989,5,42.18,8.44,9.1 / 8.1 / 8.3 / 8.3 / 8.4,Hitter,3B,BOS,AL,27,FALSE,0,42.18,0
8,Era cutoff 1969,1969+,4,Barry Bonds,bondsba01,2001,2004,4,43.4,10.85,11.9 / 11.7 / 9.2 / 10.6,Hitter,OF,SFG,NL,36,FALSE,0,43.4,0
8,Era cutoff 1969,1969+,5,Shohei Ohtani,ohtansh01,2021,2024,4,37.56,9.39,9.0 / 9.6 / 9.9 / 9.0,Two-way / mixed,Two-way,ANA,Mixed,26,FALSE,0,23.44,14.12
8,Era cutoff 1969,Pre-1969,1,Walter Johnson,johnswa01,1910,1919,10,120.26,12.03,11.0 / 9.0 / 15.4 / 16.6 / 13.1 / 12.8 / 11.2 / 8.4 / 11.8 / 11.0,Pitcher,P,MIN,AL,22,TRUE,0,8.85,111.41
8,Era cutoff 1969,Pre-1969,2,Babe Ruth,ruthba01,1926,1932,7,71.72,10.25,11.4 / 12.6 / 10.2 / 8.1 / 10.5 / 10.6 / 8.5,Hitter,OF,NYY,AL,31,FALSE,0,71.5,0.22
8,Era cutoff 1969,Pre-1969,3,Willie Mays,mayswi01,1960,1966,7,70.55,10.08,9.5 / 8.7 / 10.5 / 10.6 / 11.0 / 11.2 / 9.0,Hitter,OF,SFG,NL,29,FALSE,0,70.55,0
8,Era cutoff 1969,Pre-1969,4,Kid Nichols,nichoki01,1890,1895,6,60.44,10.07,13.0 / 9.3 / 8.8 / 11.7 / 8.2 / 9.5,Pitcher,P,ATL,NL,20,FALSE,0,-0.99,61.43
8,Era cutoff 1969,Pre-1969,5,Honus Wagner,wagneho01,1904,1909,6,57.45,9.57,8.3 / 10.2 / 9.3 / 9.0 / 11.5 / 9.2,Hitter,SS,PIT,NL,30,FALSE,0,57.45,0
10,Overall,All,1,Walter Johnson,johnswa01,1912,1916,5,69.13,13.83,15.4 / 16.6 / 13.1 / 12.8 / 11.2,Pitcher,P,MIN,AL,24,FALSE,0,5.44,63.69
10,Overall,All,2,Tommy Bond,bondto01,1876,1879,4,49.64,12.41,10.4 / 11.5 / 13.4 / 14.3,Pitcher,P,ATL,NL,20,FALSE,0,-0.72,50.36
10,Overall,All,3,Willie Mays,mayswi01,1962,1965,4,43.36,10.84,10.5 / 10.6 / 11.0 / 11.2,Hitter,OF,SFG,NL,31,FALSE,0,43.36,0
10,Overall,All,4,Babe Ruth,ruthba01,1926,1928,3,34.13,11.38,11.4 / 12.6 / 10.2,Hitter,OF,NYY,AL,31,FALSE,0,34.13,0
10,Overall,All,5,Bob Gibson,gibsobo01,1968,1970,3,33.21,11.07,11.9 / 11.3 / 10.1,Pitcher,P,STL,NL,32,FALSE,0,2.69,30.52
10,Role,Hitter,1,Willie Mays,mayswi01,1962,1965,4,43.36,10.84,10.5 / 10.6 / 11.0 / 11.2,Hitter,OF,SFG,NL,31,FALSE,0,43.36,0
10,Role,Hitter,2,Babe Ruth,ruthba01,1926,1928,3,34.13,11.38,11.4 / 12.6 / 10.2,Hitter,OF,NYY,AL,31,FALSE,0,34.13,0
10,Role,Hitter,3,Barry Bonds,bondsba01,2001,2002,2,23.59,11.8,11.9 / 11.7,Hitter,OF,SFG,NL,36,FALSE,0,23.59,0
10,Role,Hitter,4,Carl Yastrzemski,yastrca01,1967,1968,2,22.93,11.46,12.4 / 10.5,Hitter,OF,BOS,AL,27,FALSE,0,22.93,0
10,Role,Hitter,5,Mickey Mantle,mantlmi01,1956,1957,2,22.57,11.29,11.2 / 11.3,Hitter,OF,NYY,AL,24,FALSE,0,22.57,0
10,Role,Pitcher,1,Walter Johnson,johnswa01,1912,1916,5,69.13,13.83,15.4 / 16.6 / 13.1 / 12.8 / 11.2,Pitcher,P,MIN,AL,24,FALSE,0,5.44,63.69
10,Role,Pitcher,2,Tommy Bond,bondto01,1876,1879,4,49.64,12.41,10.4 / 11.5 / 13.4 / 14.3,Pitcher,P,ATL,NL,20,FALSE,0,-0.72,50.36
10,Role,Pitcher,3,Bob Gibson,gibsobo01,1968,1970,3,33.21,11.07,11.9 / 11.3 / 10.1,Pitcher,P,STL,NL,32,FALSE,0,2.69,30.52
10,Role,Pitcher,4,Old Hoss Radbourn,radboch01,1883,1884,2,33.75,16.88,14.3 / 19.4,Pitcher,P,PRO,NL,28,FALSE,0,1.5,32.25
10,Role,Pitcher,5,Jim Devlin,devliji01,1876,1877,2,31.7,15.85,18.3 / 13.4,Pitcher,P,LGR,NL,27,FALSE,0,0.86,30.84
10,Role,Two-way / mixed,1,Bob Caruthers,carutbo01,1885,1887,3,32.26,10.75,10.0 / 11.6 / 10.7,Two-way / mixed,Two-way,STL,Other (AA/UA/PL/FL),21,FALSE,0,8.32,23.94
10,Role,Two-way / mixed,2,Jim Whitney,whitnji01,1883,1883,1,13.45,13.45,13.4,Two-way / mixed,Two-way,ATL,NL,25,FALSE,0,2.1,11.35
10,Role,Two-way / mixed,3,Tony Mullane,mullato01,1884,1884,1,13.24,13.24,13.2,Two-way / mixed,Two-way,TOL,Other (AA/UA/PL/FL),25,FALSE,0,1.66,11.58
10,Role,Two-way / mixed,4,Charlie Sweeney,sweench01,1884,1884,1,11.19,11.19,11.2,Two-way / mixed,Two-way,SLM,Other (AA/UA/PL/FL),21,FALSE,0,2.41,8.78
10,Role,Two-way / mixed,5,Dave Foutz,foutzda01,1886,1886,1,11.04,11.04,11.0,Two-way / mixed,Two-way,STL,Other (AA/UA/PL/FL),29,FALSE,0,1.3,9.74
10,Position,1B,1,Lou Gehrig,gehrilo01,1927,1927,1,11.85,11.85,11.8,Hitter,1B,NYY,AL,24,FALSE,0,11.85,0
10,Position,1B,2,Jimmie Foxx,foxxji01,1932,1932,1,10.34,10.34,10.3,Hitter,1B,OAK,AL,24,FALSE,0,10.34,0
10,Position,2B,1,Rogers Hornsby,hornsro01,1924,1925,2,22.27,11.13,12.1 / 10.2,Hitter,2B,STL,NL,28,FALSE,0,22.27,0
10,Position,2B,2,Joe Morgan,morgajo02,1975,1975,1,10.97,10.97,11.0,Hitter,2B,CIN,NL,31,FALSE,0,10.97,0
10,Position,2B,3,Nap Lajoie,lajoina01,1910,1910,1,10.31,10.31,10.3,Hitter,2B,CLE,AL,35,FALSE,0,10.31,0
10,Position,3B,1,Al Rosen,rosenal01,1953,1953,1,10.06,10.06,10.1,Hitter,3B,CLE,AL,29,FALSE,0,10.06,0
10,Position,OF,1,Willie Mays,mayswi01,1962,1965,4,43.36,10.84,10.5 / 10.6 / 11.0 / 11.2,Hitter,OF,SFG,NL,31,FALSE,0,43.36,0
10,Position,OF,2,Babe Ruth,ruthba01,1926,1928,3,34.13,11.38,11.4 / 12.6 / 10.2,Hitter,OF,NYY,AL,31,FALSE,0,34.13,0
10,Position,OF,3,Barry Bonds,bondsba01,2001,2002,2,23.59,11.8,11.9 / 11.7,Hitter,OF,SFG,NL,36,FALSE,0,23.59,0
10,Position,OF,4,Carl Yastrzemski,yastrca01,1967,1968,2,22.93,11.46,12.4 / 10.5,Hitter,OF,BOS,AL,27,FALSE,0,22.93,0
10,Position,OF,5,Mickey Mantle,mantlmi01,1956,1957,2,22.57,11.29,11.2 / 11.3,Hitter,OF,NYY,AL,24,FALSE,0,22.57,0
10,Position,P,1,Walter Johnson,johnswa01,1912,1916,5,69.13,13.83,15.4 / 16.6 / 13.1 / 12.8 / 11.2,Pitcher,P,MIN,AL,24,FALSE,0,5.44,63.69
10,Position,P,2,Tommy Bond,bondto01,1876,1879,4,49.64,12.41,10.4 / 11.5 / 13.4 / 14.3,Pitcher,P,ATL,NL,20,FALSE,0,-0.72,50.36
10,Position,P,3,Bob Gibson,gibsobo01,1968,1970,3,33.21,11.07,11.9 / 11.3 / 10.1,Pitcher,P,STL,NL,32,FALSE,0,2.69,30.52
10,Position,P,4,Old Hoss Radbourn,radboch01,1883,1884,2,33.75,16.88,14.3 / 19.4,Pitcher,P,PRO,NL,28,FALSE,0,1.5,32.25
10,Position,P,5,Jim Devlin,devliji01,1876,1877,2,31.7,15.85,18.3 / 13.4,Pitcher,P,LGR,NL,27,FALSE,0,0.86,30.84
10,Position,SS,1,Cal Ripken,ripkeca01,1991,1991,1,11.53,11.53,11.5,Hitter,SS,BAL,AL,30,FALSE,0,11.53,0
10,Position,SS,2,Honus Wagner,wagneho01,1908,1908,1,11.49,11.49,11.5,Hitter,SS,PIT,NL,34,FALSE,0,11.49,0
10,Position,SS,3,Robin Yount,yountro01,1982,1982,1,10.54,10.54,10.5,Hitter,SS,MIL,AL,26,FALSE,0,10.54,0
10,Position,SS,4,Lou Boudreau,boudrlo01,1948,1948,1,10.36,10.36,10.4,Hitter,SS,CLE,AL,30,FALSE,0,10.36,0
10,Position,SS,5,Alex Rodriguez,rodrial01,2000,2000,1,10.36,10.36,10.4,Hitter,SS,SEA,AL,24,FALSE,0,10.36,0
10,Position,Two-way,1,Bob Caruthers,carutbo01,1885,1887,3,32.26,10.75,10.0 / 11.6 / 10.7,Two-way / mixed,Two-way,STL,Other (AA/UA/PL/FL),21,FALSE,0,8.32,23.94
10,Position,Two-way,2,Jim Whitney,whitnji01,1883,1883,1,13.45,13.45,13.4,Two-way / mixed,Two-way,ATL,NL,25,FALSE,0,2.1,11.35
10,Position,Two-way,3,Tony Mullane,mullato01,1884,1884,1,13.24,13.24,13.2,Two-way / mixed,Two-way,TOL,Other (AA/UA/PL/FL),25,FALSE,0,1.66,11.58
10,Position,Two-way,4,Charlie Sweeney,sweench01,1884,1884,1,11.19,11.19,11.2,Two-way / mixed,Two-way,SLM,Other (AA/UA/PL/FL),21,FALSE,0,2.41,8.78
10,Position,Two-way,5,Dave Foutz,foutzda01,1886,1886,1,11.04,11.04,11.0,Two-way / mixed,Two-way,STL,Other (AA/UA/PL/FL),29,FALSE,0,1.3,9.74
10,Decade (start year),1870s,1,Tommy Bond,bondto01,1876,1879,4,49.64,12.41,10.4 / 11.5 / 13.4 / 14.3,Pitcher,P,ATL,NL,20,FALSE,0,-0.72,50.36
10,Decade (start year),1870s,2,Jim Devlin,devliji01,1876,1877,2,31.7,15.85,18.3 / 13.4,Pitcher,P,LGR,NL,27,FALSE,0,0.86,30.84
10,Decade (start year),1870s,3,Al Spalding,spaldal01,1876,1876,1,10.16,10.16,10.2,Pitcher,P,CHC,NL,25,FALSE,0,0.79,9.37
10,Decade (start year),1870s,4,Sam Weaver,weavesa01,1878,1878,1,10.16,10.16,10.2,Pitcher,P,MLG,NL,22,FALSE,0,-0.24,10.4
10,Decade (start year),1880s,1,Bob Caruthers,carutbo01,1885,1887,3,32.26,10.75,10.0 / 11.6 / 10.7,Two-way / mixed,Two-way,STL,Other (AA/UA/PL/FL),21,FALSE,0,8.32,23.94
10,Decade (start year),1880s,2,Old Hoss Radbourn,radboch01,1883,1884,2,33.75,16.88,14.3 / 19.4,Pitcher,P,PRO,NL,28,FALSE,0,1.5,32.25
10,Decade (start year),1880s,3,Ed Morris,morried01,1885,1886,2,23.09,11.54,12.7 / 10.4,Pitcher,P,PIT,Other (AA/UA/PL/FL),22,FALSE,0,-1.18,24.27
10,Decade (start year),1880s,4,Charlie Buffinton,buffich01,1888,1889,2,23.08,11.54,12.0 / 11.1,Pitcher,P,PHI,NL,27,FALSE,0,-0.3,23.38
10,Decade (start year),1880s,5,Mickey Welch,welchmi01,1884,1885,2,22.89,11.45,12.3 / 10.6,Pitcher,P,SFG,NL,24,FALSE,0,0.42,22.47
10,Decade (start year),1890s,1,Amos Rusie,rusieam01,1893,1894,2,24.91,12.46,11.2 / 13.7,Pitcher,P,SFG,NL,22,FALSE,0,0.21,24.7
10,Decade (start year),1890s,2,Cy Young,youngcy01,1892,1893,2,23.62,11.81,13.0 / 10.6,Pitcher,P,CLV,NL,25,FALSE,0,-1.51,25.13
10,Decade (start year),1890s,3,Kid Nichols,nichoki01,1897,1898,2,22.94,11.47,11.1 / 11.8,Pitcher,P,ATL,NL,27,FALSE,0,0.5,22.44
10,Decade (start year),1890s,4,Silver King,kingsi01,1890,1890,1,12.39,12.39,12.4,Pitcher,P,CHP,Other (AA/UA/PL/FL),22,FALSE,0,-0.84,13.23
10,Decade (start year),1890s,5,Kid Gleason,gleaski01,1890,1890,1,11.95,11.95,11.9,Pitcher,P,PHI,NL,24,FALSE,0,-0.34,12.29
10,Decade (start year),1900s,1,Cy Young,youngcy01,1901,1902,2,22.53,11.27,12.4 / 10.1,Pitcher,P,BOS,AL,34,FALSE,0,0.04,22.49
10,Decade (start year),1900s,2,Christy Mathewson,mathech01,1908,1909,2,22.45,11.22,11.8 / 10.6,Pitcher,P,SFG,NL,27,FALSE,0,1,21.45
10,Decade (start year),1900s,3,Joe McGinnity,mcginjo01,1903,1903,1,11.86,11.86,11.9,Pitcher,P,SFG,NL,32,FALSE,0,-0.33,12.19
10,Decade (start year),1900s,4,Honus Wagner,wagneho01,1908,1908,1,11.49,11.49,11.5,Hitter,SS,PIT,NL,34,FALSE,0,11.49,0
10,Decade (start year),1900s,5,Jack Chesbro,chesbja01,1904,1904,1,11.42,11.42,11.4,Pitcher,P,NYY,AL,30,FALSE,0,0.8,10.62
10,Decade (start year),1910s,1,Walter Johnson,johnswa01,1912,1916,5,69.13,13.83,15.4 / 16.6 / 13.1 / 12.8 / 11.2,Pitcher,P,MIN,AL,24,FALSE,0,5.44,63.69
10,Decade (start year),1910s,2,Pete Alexander,alexape01,1915,1916,2,22.98,11.49,10.9 / 12.1,Pitcher,P,PHI,NL,28,FALSE,0,0.94,22.04
10,Decade (start year),1910s,3,Ty Cobb,cobbty01,1910,1911,2,20.84,10.42,10.3 / 10.5,Hitter,OF,DET,AL,23,FALSE,0,20.84,0
10,Decade (start year),1910s,4,Ed Walsh,walshed01,1912,1912,1,12.81,12.81,12.8,Pitcher,P,CHW,AL,31,FALSE,0,0.76,12.05
10,Decade (start year),1910s,5,Eddie Cicotte,cicoted01,1917,1917,1,12.08,12.08,12.1,Pitcher,P,CHW,AL,33,FALSE,0,0.17,11.91
10,Decade (start year),1920s,1,Babe Ruth,ruthba01,1926,1928,3,34.13,11.38,11.4 / 12.6 / 10.2,Hitter,OF,NYY,AL,31,FALSE,0,34.13,0
10,Decade (start year),1920s,2,Rogers Hornsby,hornsro01,1924,1925,2,22.27,11.13,12.1 / 10.2,Hitter,2B,STL,NL,28,FALSE,0,22.27,0
10,Decade (start year),1920s,3,Pete Alexander,alexape01,1920,1920,1,12.69,12.69,12.7,Pitcher,P,CHC,NL,33,FALSE,0,0.69,12
10,Decade (start year),1920s,4,Lou Gehrig,gehrilo01,1927,1927,1,11.85,11.85,11.8,Hitter,1B,NYY,AL,24,FALSE,0,11.85,0
10,Decade (start year),1920s,5,Red Faber,faberre01,1921,1921,1,11.13,11.13,11.1,Pitcher,P,CHW,AL,32,FALSE,0,-0.29,11.42
10,Decade (start year),1930s,1,Babe Ruth,ruthba01,1930,1931,2,21.04,10.52,10.5 / 10.6,Hitter,OF,NYY,AL,35,FALSE,0,20.82,0.22
10,Decade (start year),1930s,2,Lefty Grove,grovele01,1930,1931,2,20.37,10.19,10.3 / 10.0,Pitcher,P,OAK,AL,30,FALSE,0,-0.38,20.75
10,Decade (start year),1930s,3,Wes Ferrell,ferrewe01,1935,1935,1,10.58,10.58,10.6,Pitcher,P,BOS,AL,27,FALSE,0,2.43,8.15
10,Decade (start year),1930s,4,Jimmie Foxx,foxxji01,1932,1932,1,10.34,10.34,10.3,Hitter,1B,OAK,AL,24,FALSE,0,10.34,0
10,Decade (start year),1930s,5,Carl Hubbell,hubbeca01,1936,1936,1,10.06,10.06,10.1,Pitcher,P,SFG,NL,33,FALSE,0,0.36,9.7
10,Decade (start year),1940s,1,Ted Williams,willite01,1941,1942,2,20.8,10.4,10.4 / 10.4,Hitter,OF,BOS,AL,22,FALSE,0,20.8,0
10,Decade (start year),1940s,2,Hal Newhouser,newhoha01,1945,1945,1,12.15,12.15,12.2,Pitcher,P,DET,AL,24,FALSE,0,0.85,11.3
10,Decade (start year),1940s,3,Stan Musial,musiast01,1948,1948,1,11.27,11.27,11.3,Hitter,OF,STL,NL,27,FALSE,0,11.27,0
10,Decade (start year),1940s,4,Dizzy Trout,troutdi01,1944,1944,1,10.86,10.86,10.9,Pitcher,P,DET,AL,29,FALSE,0,1.61,9.25
10,Decade (start year),1940s,5,Lou Boudreau,boudrlo01,1948,1948,1,10.36,10.36,10.4,Hitter,SS,CLE,AL,30,FALSE,0,10.36,0
10,Decade (start year),1950s,1,Mickey Mantle,mantlmi01,1956,1957,2,22.57,11.29,11.2 / 11.3,Hitter,OF,NYY,AL,24,FALSE,0,22.57,0
10,Decade (start year),1950s,2,Willie Mays,mayswi01,1954,1954,1,10.45,10.45,10.4,Hitter,OF,SFG,NL,23,FALSE,0,10.45,0
10,Decade (start year),1950s,3,Ernie Banks,bankser01,1959,1959,1,10.23,10.23,10.2,Hitter,SS,CHC,NL,28,FALSE,0,10.23,0
10,Decade (start year),1950s,4,Al Rosen,rosenal01,1953,1953,1,10.06,10.06,10.1,Hitter,3B,CLE,AL,29,FALSE,0,10.06,0
10,Decade (start year),1960s,1,Willie Mays,mayswi01,1962,1965,4,43.36,10.84,10.5 / 10.6 / 11.0 / 11.2,Hitter,OF,SFG,NL,31,FALSE,0,43.36,0
10,Decade (start year),1960s,2,Bob Gibson,gibsobo01,1968,1970,3,33.21,11.07,11.9 / 11.3 / 10.1,Pitcher,P,STL,NL,32,FALSE,0,2.69,30.52
10,Decade (start year),1960s,3,Carl Yastrzemski,yastrca01,1967,1968,2,22.93,11.46,12.4 / 10.5,Hitter,OF,BOS,AL,27,FALSE,0,22.93,0
10,Decade (start year),1960s,4,Juan Marichal,maricju01,1965,1965,1,10.49,10.49,10.5,Pitcher,P,SFG,NL,27,FALSE,0,0.19,10.3
10,Decade (start year),1960s,5,Mickey Mantle,mantlmi01,1961,1961,1,10.45,10.45,10.4,Hitter,OF,NYY,AL,29,FALSE,0,10.45,0
10,Decade (start year),1970s,1,Wilbur Wood,woodwi01,1971,1972,2,21.33,10.66,11.0 / 10.3,Pitcher,P,CHW,AL,29,FALSE,0,-1.14,22.47
10,Decade (start year),1970s,2,Steve Carlton,carltst01,1972,1972,1,12.51,12.51,12.5,Pitcher,P,PHI,NL,27,FALSE,0,0.43,12.08
10,Decade (start year),1970s,3,Fergie Jenkins,jenkife01,1971,1971,1,11.76,11.76,11.8,Pitcher,P,CHC,NL,28,FALSE,0,1.66,10.1
10,Decade (start year),1970s,4,Gaylord Perry,perryga01,1972,1972,1,11.03,11.03,11.0,Pitcher,P,CLE,AL,33,FALSE,0,0.2,10.83
10,Decade (start year),1970s,5,Joe Morgan,morgajo02,1975,1975,1,10.97,10.97,11.0,Hitter,2B,CIN,NL,31,FALSE,0,10.97,0
10,Decade (start year),1980s,1,Dwight Gooden,goodedw01,1985,1985,1,13.31,13.31,13.3,Pitcher,P,NYM,NL,20,FALSE,0,1.12,12.19
10,Decade (start year),1980s,2,Robin Yount,yountro01,1982,1982,1,10.54,10.54,10.5,Hitter,SS,MIL,AL,26,FALSE,0,10.54,0
10,Decade (start year),1980s,3,Steve Carlton,carltst01,1980,1980,1,10.14,10.14,10.1,Pitcher,P,PHI,NL,35,FALSE,0,-0.08,10.22
10,Decade (start year),1980s,4,Cal Ripken,ripkeca01,1984,1984,1,10.03,10.03,10.0,Hitter,SS,BAL,AL,23,FALSE,0,10.03,0
10,Decade (start year),1990s,1,Roger Clemens,clemero02,1997,1997,1,12.1,12.1,12.1,Pitcher,P,TOR,AL,34,FALSE,0,0.17,11.93
10,Decade (start year),1990s,2,Cal Ripken,ripkeca01,1991,1991,1,11.53,11.53,11.5,Hitter,SS,BAL,AL,30,FALSE,0,11.53,0
10,Decade (start year),1990s,3,Jose Rijo,rijojo01,1993,1993,1,10.1,10.1,10.1,Pitcher,P,CIN,NL,28,FALSE,0,0.9,9.2
10,Decade (start year),2000s,1,Barry Bonds,bondsba01,2001,2002,2,23.59,11.8,11.9 / 11.7,Hitter,OF,SFG,NL,36,FALSE,0,23.59,0
10,Decade (start year),2000s,2,Pedro Martinez,martipe02,2000,2000,1,11.71,11.71,11.7,Pitcher,P,BOS,AL,28,FALSE,0,0,11.71
10,Decade (start year),2000s,3,Randy Johnson,johnsra05,2002,2002,1,10.48,10.48,10.5,Pitcher,P,ARI,NL,38,FALSE,0,-0.25,10.73
10,Decade (start year),2000s,4,Zack Greinke,greinza01,2009,2009,1,10.43,10.43,10.4,Pitcher,P,KCR,AL,25,FALSE,0,0.02,10.41
10,Decade (start year),2000s,5,Alex Rodriguez,rodrial01,2000,2000,1,10.36,10.36,10.4,Hitter,SS,SEA,AL,24,FALSE,0,10.36,0
10,Decade (start year),2010s,1,Mookie Betts,bettsmo01,2018,2018,1,10.74,10.74,10.7,Hitter,OF,BOS,AL,25,FALSE,0,10.74,0
10,Decade (start year),2010s,2,Mike Trout,troutmi01,2012,2012,1,10.54,10.54,10.5,Hitter,OF,ANA,AL,20,FALSE,0,10.54,0
10,Decade (start year),2020s,1,Aaron Judge,judgeaa01,2024,2024,1,10.9,10.9,10.9,Hitter,OF,NYY,AL,32,FALSE,0,10.9,0
10,Age at start,25-27,1,Jim Devlin,devliji01,1876,1877,2,31.7,15.85,18.3 / 13.4,Pitcher,P,LGR,NL,27,FALSE,0,0.86,30.84
10,Age at start,25-27,2,Babe Ruth,ruthba01,1920,1921,2,24.42,12.21,11.8 / 12.6,Hitter,OF,NYY,AL,25,FALSE,0,24.8,-0.38
10,Age at start,25-27,3,Cy Young,youngcy01,1892,1893,2,23.62,11.81,13.0 / 10.6,Pitcher,P,CLV,NL,25,FALSE,0,-1.51,25.13
10,Age at start,25-27,4,Charlie Buffinton,buffich01,1888,1889,2,23.08,11.54,12.0 / 11.1,Pitcher,P,PHI,NL,27,FALSE,0,-0.3,23.38
10,Age at start,25-27,5,Kid Nichols,nichoki01,1897,1898,2,22.94,11.47,11.1 / 11.8,Pitcher,P,ATL,NL,27,FALSE,0,0.5,22.44
10,Age at start,28-30,1,Old Hoss Radbourn,radboch01,1883,1884,2,33.75,16.88,14.3 / 19.4,Pitcher,P,PRO,NL,28,FALSE,0,1.5,32.25
10,Age at start,28-30,2,Babe Ruth,ruthba01,1923,1924,2,25.46,12.73,14.1 / 11.3,Hitter,OF,NYY,AL,28,FALSE,0,25.46,0
10,Age at start,28-30,3,Pete Alexander,alexape01,1915,1916,2,22.98,11.49,10.9 / 12.1,Pitcher,P,PHI,NL,28,FALSE,0,0.94,22.04
10,Age at start,28-30,4,Walter Johnson,johnswa01,1918,1919,2,22.81,11.41,11.8 / 11.0,Pitcher,P,MIN,AL,30,TRUE,0,1.55,21.26
10,Age at start,28-30,5,Rogers Hornsby,hornsro01,1924,1925,2,22.27,11.13,12.1 / 10.2,Hitter,2B,STL,NL,28,FALSE,0,22.27,0
10,Age at start,31+,1,Willie Mays,mayswi01,1962,1965,4,43.36,10.84,10.5 / 10.6 / 11.0 / 11.2,Hitter,OF,SFG,NL,31,FALSE,0,43.36,0
10,Age at start,31+,2,Babe Ruth,ruthba01,1926,1928,3,34.13,11.38,11.4 / 12.6 / 10.2,Hitter,OF,NYY,AL,31,FALSE,0,34.13,0
10,Age at start,31+,3,Bob Gibson,gibsobo01,1968,1970,3,33.21,11.07,11.9 / 11.3 / 10.1,Pitcher,P,STL,NL,32,FALSE,0,2.69,30.52
10,Age at start,31+,4,Barry Bonds,bondsba01,2001,2002,2,23.59,11.8,11.9 / 11.7,Hitter,OF,SFG,NL,36,FALSE,0,23.59,0
10,Age at start,31+,5,Cy Young,youngcy01,1901,1902,2,22.53,11.27,12.4 / 10.1,Pitcher,P,BOS,AL,34,FALSE,0,0.04,22.49
10,Age at start,<=24,1,Walter Johnson,johnswa01,1912,1916,5,69.13,13.83,15.4 / 16.6 / 13.1 / 12.8 / 11.2,Pitcher,P,MIN,AL,24,FALSE,0,5.44,63.69
10,Age at start,<=24,2,Tommy Bond,bondto01,1876,1879,4,49.64,12.41,10.4 / 11.5 / 13.4 / 14.3,Pitcher,P,ATL,NL,20,FALSE,0,-0.72,50.36
10,Age at start,<=24,3,Bob Caruthers,carutbo01,1885,1887,3,32.26,10.75,10.0 / 11.6 / 10.7,Two-way / mixed,Two-way,STL,Other (AA/UA/PL/FL),21,FALSE,0,8.32,23.94
10,Age at start,<=24,4,Amos Rusie,rusieam01,1893,1894,2,24.91,12.46,11.2 / 13.7,Pitcher,P,SFG,NL,22,FALSE,0,0.21,24.7
10,Age at start,<=24,5,Ed Morris,morried01,1885,1886,2,23.09,11.54,12.7 / 10.4,Pitcher,P,PIT,Other (AA/UA/PL/FL),22,FALSE,0,-1.18,24.27
10,League,AL,1,Walter Johnson,johnswa01,1912,1916,5,69.13,13.83,15.4 / 16.6 / 13.1 / 12.8 / 11.2,Pitcher,P,MIN,AL,24,FALSE,0,5.44,63.69
10,League,AL,2,Babe Ruth,ruthba01,1926,1928,3,34.13,11.38,11.4 / 12.6 / 10.2,Hitter,OF,NYY,AL,31,FALSE,0,34.13,0
10,League,AL,3,Carl Yastrzemski,yastrca01,1967,1968,2,22.93,11.46,12.4 / 10.5,Hitter,OF,BOS,AL,27,FALSE,0,22.93,0
10,League,AL,4,Mickey Mantle,mantlmi01,1956,1957,2,22.57,11.29,11.2 / 11.3,Hitter,OF,NYY,AL,24,FALSE,0,22.57,0
10,League,AL,5,Cy Young,youngcy01,1901,1902,2,22.53,11.27,12.4 / 10.1,Pitcher,P,BOS,AL,34,FALSE,0,0.04,22.49
10,League,NL,1,Tommy Bond,bondto01,1876,1879,4,49.64,12.41,10.4 / 11.5 / 13.4 / 14.3,Pitcher,P,ATL,NL,20,FALSE,0,-0.72,50.36
10,League,NL,2,Willie Mays,mayswi01,1962,1965,4,43.36,10.84,10.5 / 10.6 / 11.0 / 11.2,Hitter,OF,SFG,NL,31,FALSE,0,43.36,0
10,League,NL,3,Bob Gibson,gibsobo01,1968,1970,3,33.21,11.07,11.9 / 11.3 / 10.1,Pitcher,P,STL,NL,32,FALSE,0,2.69,30.52
10,League,NL,4,Old Hoss Radbourn,radboch01,1883,1884,2,33.75,16.88,14.3 / 19.4,Pitcher,P,PRO,NL,28,FALSE,0,1.5,32.25
10,League,NL,5,Jim Devlin,devliji01,1876,1877,2,31.7,15.85,18.3 / 13.4,Pitcher,P,LGR,NL,27,FALSE,0,0.86,30.84
10,League,Other (AA/UA/PL/FL),1,Bob Caruthers,carutbo01,1885,1887,3,32.26,10.75,10.0 / 11.6 / 10.7,Two-way / mixed,Two-way,STL,Other (AA/UA/PL/FL),21,FALSE,0,8.32,23.94
10,League,Other (AA/UA/PL/FL),2,Ed Morris,morried01,1885,1886,2,23.09,11.54,12.7 / 10.4,Pitcher,P,PIT,Other (AA/UA/PL/FL),22,FALSE,0,-1.18,24.27
10,League,Other (AA/UA/PL/FL),3,Tim Keefe,keefeti01,1883,1883,1,20.2,20.2,20.2,Pitcher,P,NYP,Other (AA/UA/PL/FL),26,FALSE,0,0.32,19.88
10,League,Other (AA/UA/PL/FL),4,Guy Hecker,heckegu01,1884,1884,1,17.79,17.79,17.8,Pitcher,P,LOU,Other (AA/UA/PL/FL),28,FALSE,0,2.27,15.52
10,League,Other (AA/UA/PL/FL),5,Silver King,kingsi01,1888,1888,1,16.02,16.02,16.0,Pitcher,P,STL,Other (AA/UA/PL/FL),20,FALSE,0,1.32,14.7
10,Franchise (one-team runs only),ANA,1,Mike Trout,troutmi01,2012,2012,1,10.54,10.54,10.5,Hitter,OF,ANA,AL,20,FALSE,0,10.54,0
10,Franchise (one-team runs only),ARI,1,Randy Johnson,johnsra05,2002,2002,1,10.48,10.48,10.5,Pitcher,P,ARI,NL,38,FALSE,0,-0.25,10.73
10,Franchise (one-team runs only),ATL,1,Kid Nichols,nichoki01,1897,1898,2,22.94,11.47,11.1 / 11.8,Pitcher,P,ATL,NL,27,FALSE,0,0.5,22.44
10,Franchise (one-team runs only),ATL,2,Charlie Buffinton,buffich01,1884,1884,1,16.26,16.26,16.3,Pitcher,P,ATL,NL,23,FALSE,0,1.31,14.95
10,Franchise (one-team runs only),ATL,3,John Clarkson,clarkjo01,1889,1889,1,16.18,16.18,16.2,Pitcher,P,ATL,NL,27,FALSE,0,-0.51,16.69
10,Franchise (one-team runs only),ATL,4,Jim Whitney,whitnji01,1883,1883,1,13.45,13.45,13.4,Two-way / mixed,Two-way,ATL,NL,25,FALSE,0,2.1,11.35
10,Franchise (one-team runs only),ATL,5,Vic Willis,willivi01,1899,1899,1,10.67,10.67,10.7,Pitcher,P,ATL,NL,23,FALSE,0,-0.47,11.14
10,Franchise (one-team runs only),BAL,1,Cal Ripken,ripkeca01,1991,1991,1,11.53,11.53,11.5,Hitter,SS,BAL,AL,30,FALSE,0,11.53,0
10,Franchise (one-team runs only),BLO,1,Matt Kilroy,kilroma01,1887,1887,1,12.09,12.09,12.1,Pitcher,P,BLO,Other (AA/UA/PL/FL),21,FALSE,0,1.08,11.01
10,Franchise (one-team runs only),BOS,1,Carl Yastrzemski,yastrca01,1967,1968,2,22.93,11.46,12.4 / 10.5,Hitter,OF,BOS,AL,27,FALSE,0,22.93,0
10,Franchise (one-team runs only),BOS,2,Cy Young,youngcy01,1901,1902,2,22.53,11.27,12.4 / 10.1,Pitcher,P,BOS,AL,34,FALSE,0,0.04,22.49
10,Franchise (one-team runs only),BOS,3,Ted Williams,willite01,1941,1942,2,20.8,10.4,10.4 / 10.4,Hitter,OF,BOS,AL,22,FALSE,0,20.8,0
10,Franchise (one-team runs only),BOS,4,Pedro Martinez,martipe02,2000,2000,1,11.71,11.71,11.7,Pitcher,P,BOS,AL,28,FALSE,0,0,11.71
10,Franchise (one-team runs only),BOS,5,Smoky Joe Wood,woodjo02,1912,1912,1,11.46,11.46,11.5,Pitcher,P,BOS,AL,22,FALSE,0,1.3,10.16
10,Franchise (one-team runs only),BUF,1,Pud Galvin,galvipu01,1884,1884,1,18.41,18.41,18.4,Pitcher,P,BUF,NL,27,FALSE,0,-2.04,20.45
10,Franchise (one-team runs only),CBL,1,Jim McCormick,mccorji01,1884,1884,1,14.76,14.76,14.8,Pitcher,P,CBL,NL,27,FALSE,0,0.23,14.53
10,Franchise (one-team runs only),CHC,1,John Clarkson,clarkjo01,1887,1887,1,14.99,14.99,15.0,Pitcher,P,CHC,NL,25,FALSE,0,0.14,14.85
10,Franchise (one-team runs only),CHC,2,Pete Alexander,alexape01,1920,1920,1,12.69,12.69,12.7,Pitcher,P,CHC,NL,33,FALSE,0,0.69,12
10,Franchise (one-team runs only),CHC,3,Fergie Jenkins,jenkife01,1971,1971,1,11.76,11.76,11.8,Pitcher,P,CHC,NL,28,FALSE,0,1.66,10.1
10,Franchise (one-team runs only),CHC,4,Rogers Hornsby,hornsro01,1929,1929,1,10.55,10.55,10.6,Hitter,2B,CHC,NL,33,FALSE,0,10.55,0
10,Franchise (one-team runs only),CHC,5,Clark Griffith,griffcl01,1898,1898,1,10.29,10.29,10.3,Pitcher,P,CHC,NL,28,FALSE,0,-0.25,10.54
10,Franchise (one-team runs only),CHP,1,Silver King,kingsi01,1890,1890,1,12.39,12.39,12.4,Pitcher,P,CHP,Other (AA/UA/PL/FL),22,FALSE,0,-0.84,13.23
10,Franchise (one-team runs only),CHW,1,Wilbur Wood,woodwi01,1971,1972,2,21.33,10.66,11.0 / 10.3,Pitcher,P,CHW,AL,29,FALSE,0,-1.14,22.47
10,Franchise (one-team runs only),CHW,2,Ed Walsh,walshed01,1912,1912,1,12.81,12.81,12.8,Pitcher,P,CHW,AL,31,FALSE,0,0.76,12.05
10,Franchise (one-team runs only),CHW,3,Eddie Cicotte,cicoted01,1917,1917,1,12.08,12.08,12.1,Pitcher,P,CHW,AL,33,FALSE,0,0.17,11.91
10,Franchise (one-team runs only),CHW,4,Red Faber,faberre01,1921,1921,1,11.13,11.13,11.1,Pitcher,P,CHW,AL,32,FALSE,0,-0.29,11.42
10,Franchise (one-team runs only),CIN,1,Will White,whitewi01,1882,1882,1,11.3,11.3,11.3,Pitcher,P,CIN,Other (AA/UA/PL/FL),27,FALSE,0,0.24,11.06
10,Franchise (one-team runs only),CIN,2,Joe Morgan,morgajo02,1975,1975,1,10.97,10.97,11.0,Hitter,2B,CIN,NL,31,FALSE,0,10.97,0
10,Franchise (one-team runs only),CIN,3,Dolf Luque,luquedo01,1923,1923,1,10.9,10.9,10.9,Pitcher,P,CIN,NL,32,FALSE,0,0.19,10.71
10,Franchise (one-team runs only),CIN,4,Elmer Smith,smithel01,1887,1887,1,10.8,10.8,10.8,Pitcher,P,CIN,Other (AA/UA/PL/FL),19,FALSE,0,0.54,10.26
10,Franchise (one-team runs only),CIN,5,Billy Rhines,rhinebi01,1890,1890,1,10.52,10.52,10.5,Pitcher,P,CIN,NL,21,FALSE,0,-0.46,10.98
10,Franchise (one-team runs only),CLE,1,Gaylord Perry,perryga01,1972,1972,1,11.03,11.03,11.0,Pitcher,P,CLE,AL,33,FALSE,0,0.2,10.83
10,Franchise (one-team runs only),CLE,2,Lou Boudreau,boudrlo01,1948,1948,1,10.36,10.36,10.4,Hitter,SS,CLE,AL,30,FALSE,0,10.36,0
10,Franchise (one-team runs only),CLE,3,Nap Lajoie,lajoina01,1910,1910,1,10.31,10.31,10.3,Hitter,2B,CLE,AL,35,FALSE,0,10.31,0
10,Franchise (one-team runs only),CLE,4,Al Rosen,rosenal01,1953,1953,1,10.06,10.06,10.1,Hitter,3B,CLE,AL,29,FALSE,0,10.06,0
10,Franchise (one-team runs only),CLV,1,Cy Young,youngcy01,1892,1893,2,23.62,11.81,13.0 / 10.6,Pitcher,P,CLV,NL,25,FALSE,0,-1.51,25.13
10,Franchise (one-team runs only),CLV,2,George Cuppy,cuppyni01,1896,1896,1,10.33,10.33,10.3,Pitcher,P,CLV,NL,26,FALSE,0,0.66,9.67
10,Franchise (one-team runs only),DET,1,Ty Cobb,cobbty01,1910,1911,2,20.84,10.42,10.3 / 10.5,Hitter,OF,DET,AL,23,FALSE,0,20.84,0
10,Franchise (one-team runs only),DET,2,Hal Newhouser,newhoha01,1945,1945,1,12.15,12.15,12.2,Pitcher,P,DET,AL,24,FALSE,0,0.85,11.3
10,Franchise (one-team runs only),DET,3,Dizzy Trout,troutdi01,1944,1944,1,10.86,10.86,10.9,Pitcher,P,DET,AL,29,FALSE,0,1.61,9.25
10,Franchise (one-team runs only),DTN,1,Lady Baldwin,baldwla01,1886,1886,1,10.47,10.47,10.5,Pitcher,P,DTN,NL,27,FALSE,0,-0.3,10.77
10,Franchise (one-team runs only),KCR,1,Zack Greinke,greinza01,2009,2009,1,10.43,10.43,10.4,Pitcher,P,KCR,AL,25,FALSE,0,0.02,10.41
10,Franchise (one-team runs only),LAD,1,Dazzy Vance,vanceda01,1924,1924,1,10.31,10.31,10.3,Pitcher,P,LAD,NL,33,FALSE,0,-0.18,10.49
10,Franchise (one-team runs only),LGR,1,Jim Devlin,devliji01,1876,1877,2,31.7,15.85,18.3 / 13.4,Pitcher,P,LGR,NL,27,FALSE,0,0.86,30.84
10,Franchise (one-team runs only),LOU,1,Guy Hecker,heckegu01,1884,1884,1,17.79,17.79,17.8,Pitcher,P,LOU,Other (AA/UA/PL/FL),28,FALSE,0,2.27,15.52
10,Franchise (one-team runs only),LOU,2,Toad Ramsey,ramseto01,1886,1886,1,12.48,12.48,12.5,Pitcher,P,LOU,Other (AA/UA/PL/FL),21,FALSE,0,-0.07,12.55
10,Franchise (one-team runs only),LOU,3,Scott Stratton,stratsc01,1890,1890,1,10.8,10.8,10.8,Pitcher,P,LOU,Other (AA/UA/PL/FL),20,FALSE,0,1.67,9.13
10,Franchise (one-team runs only),MIL,1,Robin Yount,yountro01,1982,1982,1,10.54,10.54,10.5,Hitter,SS,MIL,AL,26,FALSE,0,10.54,0
10,Franchise (one-team runs only),MIN,1,Walter Johnson,johnswa01,1912,1916,5,69.13,13.83,15.4 / 16.6 / 13.1 / 12.8 / 11.2,Pitcher,P,MIN,AL,24,FALSE,0,5.44,63.69
10,Franchise (one-team runs only),MLG,1,Sam Weaver,weavesa01,1878,1878,1,10.16,10.16,10.2,Pitcher,P,MLG,NL,22,FALSE,0,-0.24,10.4
10,Franchise (one-team runs only),NYM,1,Dwight Gooden,goodedw01,1985,1985,1,13.31,13.31,13.3,Pitcher,P,NYM,NL,20,FALSE,0,1.12,12.19
10,Franchise (one-team runs only),NYM,2,Tom Seaver,seaveto01,1973,1973,1,10.96,10.96,11.0,Pitcher,P,NYM,NL,28,FALSE,0,0.35,10.61
10,Franchise (one-team runs only),NYP,1,Tim Keefe,keefeti01,1883,1883,1,20.2,20.2,20.2,Pitcher,P,NYP,Other (AA/UA/PL/FL),26,FALSE,0,0.32,19.88
10,Franchise (one-team runs only),NYY,1,Babe Ruth,ruthba01,1926,1928,3,34.13,11.38,11.4 / 12.6 / 10.2,Hitter,OF,NYY,AL,31,FALSE,0,34.13,0
10,Franchise (one-team runs only),NYY,2,Mickey Mantle,mantlmi01,1956,1957,2,22.57,11.29,11.2 / 11.3,Hitter,OF,NYY,AL,24,FALSE,0,22.57,0
10,Franchise (one-team runs only),NYY,3,Lou Gehrig,gehrilo01,1927,1927,1,11.85,11.85,11.8,Hitter,1B,NYY,AL,24,FALSE,0,11.85,0
10,Franchise (one-team runs only),NYY,4,Russ Ford,fordru01,1910,1910,1,11.74,11.74,11.7,Pitcher,P,NYY,AL,27,FALSE,0,0.35,11.39
10,Franchise (one-team runs only),NYY,5,Jack Chesbro,chesbja01,1904,1904,1,11.42,11.42,11.4,Pitcher,P,NYY,AL,30,FALSE,0,0.8,10.62
10,Franchise (one-team runs only),OAK,1,Lefty Grove,grovele01,1930,1931,2,20.37,10.19,10.3 / 10.0,Pitcher,P,OAK,AL,30,FALSE,0,-0.38,20.75
10,Franchise (one-team runs only),OAK,2,Rube Waddell,wadderu01,1904,1904,1,10.43,10.43,10.4,Pitcher,P,OAK,AL,27,FALSE,0,-0.83,11.26
10,Franchise (one-team runs only),OAK,3,Jimmie Foxx,foxxji01,1932,1932,1,10.34,10.34,10.3,Hitter,1B,OAK,AL,24,FALSE,0,10.34,0
10,Franchise (one-team runs only),OAK,4,Jack Coombs,coombja01,1910,1910,1,10.29,10.29,10.3,Pitcher,P,OAK,AL,27,FALSE,0,0.58,9.71
10,Franchise (one-team runs only),PHA,1,Sadie McMahon,mcmahsa01,1890,1890,1,10.63,10.63,10.6,Pitcher,P,PHA,Other (AA/UA/PL/FL),22,FALSE,0,-0.08,10.71
10,Franchise (one-team runs only),PHI,1,Charlie Buffinton,buffich01,1888,1889,2,23.08,11.54,12.0 / 11.1,Pitcher,P,PHI,NL,27,FALSE,0,-0.3,23.38
10,Franchise (one-team runs only),PHI,2,Pete Alexander,alexape01,1915,1916,2,22.98,11.49,10.9 / 12.1,Pitcher,P,PHI,NL,28,FALSE,0,0.94,22.04
10,Franchise (one-team runs only),PHI,3,Steve Carlton,carltst01,1972,1972,1,12.51,12.51,12.5,Pitcher,P,PHI,NL,27,FALSE,0,0.43,12.08
10,Franchise (one-team runs only),PHI,4,Kid Gleason,gleaski01,1890,1890,1,11.95,11.95,11.9,Pitcher,P,PHI,NL,24,FALSE,0,-0.34,12.29
10,Franchise (one-team runs only),PHI,5,Charlie Ferguson,ferguch01,1886,1886,1,11.7,11.7,11.7,Pitcher,P,PHI,NL,23,FALSE,0,1.17,10.53
10,Franchise (one-team runs only),PIT,1,Ed Morris,morried01,1885,1886,2,23.09,11.54,12.7 / 10.4,Pitcher,P,PIT,Other (AA/UA/PL/FL),22,FALSE,0,-1.18,24.27
10,Franchise (one-team runs only),PIT,2,Honus Wagner,wagneho01,1908,1908,1,11.49,11.49,11.5,Hitter,SS,PIT,NL,34,FALSE,0,11.49,0
10,Franchise (one-team runs only),PIT,3,Pink Hawley,hawlepi01,1895,1895,1,11.05,11.05,11.1,Pitcher,P,PIT,NL,22,FALSE,0,1.04,10.01
10,Franchise (one-team runs only),PRO,1,Old Hoss Radbourn,radboch01,1883,1884,2,33.75,16.88,14.3 / 19.4,Pitcher,P,PRO,NL,28,FALSE,0,1.5,32.25
10,Franchise (one-team runs only),SEA,1,Alex Rodriguez,rodrial01,2000,2000,1,10.36,10.36,10.4,Hitter,SS,SEA,AL,24,FALSE,0,10.36,0
10,Franchise (one-team runs only),SFG,1,Willie Mays,mayswi01,1962,1965,4,43.36,10.84,10.5 / 10.6 / 11.0 / 11.2,Hitter,OF,SFG,NL,31,FALSE,0,43.36,0
10,Franchise (one-team runs only),SFG,2,Amos Rusie,rusieam01,1893,1894,2,24.91,12.46,11.2 / 13.7,Pitcher,P,SFG,NL,22,FALSE,0,0.21,24.7
10,Franchise (one-team runs only),SFG,3,Barry Bonds,bondsba01,2001,2002,2,23.59,11.8,11.9 / 11.7,Hitter,OF,SFG,NL,36,FALSE,0,23.59,0
10,Franchise (one-team runs only),SFG,4,Mickey Welch,welchmi01,1884,1885,2,22.89,11.45,12.3 / 10.6,Pitcher,P,SFG,NL,24,FALSE,0,0.42,22.47
10,Franchise (one-team runs only),SFG,5,Christy Mathewson,mathech01,1908,1909,2,22.45,11.22,11.8 / 10.6,Pitcher,P,SFG,NL,27,FALSE,0,1,21.45
10,Franchise (one-team runs only),SLM,1,Billy Taylor,taylobi01,1884,1884,1,11.48,11.48,11.5,Pitcher,P,SLM,Other (AA/UA/PL/FL),29,FALSE,0,2.75,8.73
10,Franchise (one-team runs only),SLM,2,Charlie Sweeney,sweench01,1884,1884,1,11.19,11.19,11.2,Two-way / mixed,Two-way,SLM,Other (AA/UA/PL/FL),21,FALSE,0,2.41,8.78
10,Franchise (one-team runs only),STL,1,Bob Gibson,gibsobo01,1968,1970,3,33.21,11.07,11.9 / 11.3 / 10.1,Pitcher,P,STL,NL,32,FALSE,0,2.69,30.52
10,Franchise (one-team runs only),STL,2,Bob Caruthers,carutbo01,1885,1887,3,32.26,10.75,10.0 / 11.6 / 10.7,Two-way / mixed,Two-way,STL,Other (AA/UA/PL/FL),21,FALSE,0,8.32,23.94
10,Franchise (one-team runs only),STL,3,Rogers Hornsby,hornsro01,1924,1925,2,22.27,11.13,12.1 / 10.2,Hitter,2B,STL,NL,28,FALSE,0,22.27,0
10,Franchise (one-team runs only),STL,4,Silver King,kingsi01,1888,1888,1,16.02,16.02,16.0,Pitcher,P,STL,Other (AA/UA/PL/FL),20,FALSE,0,1.32,14.7
10,Franchise (one-team runs only),STL,5,Stan Musial,musiast01,1948,1948,1,11.27,11.27,11.3,Hitter,OF,STL,NL,27,FALSE,0,11.27,0
10,Franchise (one-team runs only),TOL,1,Tony Mullane,mullato01,1884,1884,1,13.24,13.24,13.2,Two-way / mixed,Two-way,TOL,Other (AA/UA/PL/FL),25,FALSE,0,1.66,11.58
10,Franchise (one-team runs only),TOR,1,Roger Clemens,clemero02,1997,1997,1,12.1,12.1,12.1,Pitcher,P,TOR,AL,34,FALSE,0,0.17,11.93
10,Era cutoff 1901,1901+,1,Walter Johnson,johnswa01,1912,1916,5,69.13,13.83,15.4 / 16.6 / 13.1 / 12.8 / 11.2,Pitcher,P,MIN,AL,24,FALSE,0,5.44,63.69
10,Era cutoff 1901,1901+,2,Willie Mays,mayswi01,1962,1965,4,43.36,10.84,10.5 / 10.6 / 11.0 / 11.2,Hitter,OF,SFG,NL,31,FALSE,0,43.36,0
10,Era cutoff 1901,1901+,3,Babe Ruth,ruthba01,1926,1928,3,34.13,11.38,11.4 / 12.6 / 10.2,Hitter,OF,NYY,AL,31,FALSE,0,34.13,0
10,Era cutoff 1901,1901+,4,Bob Gibson,gibsobo01,1968,1970,3,33.21,11.07,11.9 / 11.3 / 10.1,Pitcher,P,STL,NL,32,FALSE,0,2.69,30.52
10,Era cutoff 1901,1901+,5,Barry Bonds,bondsba01,2001,2002,2,23.59,11.8,11.9 / 11.7,Hitter,OF,SFG,NL,36,FALSE,0,23.59,0
10,Era cutoff 1901,Pre-1901,1,Tommy Bond,bondto01,1876,1879,4,49.64,12.41,10.4 / 11.5 / 13.4 / 14.3,Pitcher,P,ATL,NL,20,FALSE,0,-0.72,50.36
10,Era cutoff 1901,Pre-1901,2,Bob Caruthers,carutbo01,1885,1887,3,32.26,10.75,10.0 / 11.6 / 10.7,Two-way / mixed,Two-way,STL,Other (AA/UA/PL/FL),21,FALSE,0,8.32,23.94
10,Era cutoff 1901,Pre-1901,3,Old Hoss Radbourn,radboch01,1883,1884,2,33.75,16.88,14.3 / 19.4,Pitcher,P,PRO,NL,28,FALSE,0,1.5,32.25
10,Era cutoff 1901,Pre-1901,4,Jim Devlin,devliji01,1876,1877,2,31.7,15.85,18.3 / 13.4,Pitcher,P,LGR,NL,27,FALSE,0,0.86,30.84
10,Era cutoff 1901,Pre-1901,5,Amos Rusie,rusieam01,1893,1894,2,24.91,12.46,11.2 / 13.7,Pitcher,P,SFG,NL,22,FALSE,0,0.21,24.7
10,Era cutoff 1920,1920+,1,Willie Mays,mayswi01,1962,1965,4,43.36,10.84,10.5 / 10.6 / 11.0 / 11.2,Hitter,OF,SFG,NL,31,FALSE,0,43.36,0
10,Era cutoff 1920,1920+,2,Babe Ruth,ruthba01,1926,1928,3,34.13,11.38,11.4 / 12.6 / 10.2,Hitter,OF,NYY,AL,31,FALSE,0,34.13,0
10,Era cutoff 1920,1920+,3,Bob Gibson,gibsobo01,1968,1970,3,33.21,11.07,11.9 / 11.3 / 10.1,Pitcher,P,STL,NL,32,FALSE,0,2.69,30.52
10,Era cutoff 1920,1920+,4,Barry Bonds,bondsba01,2001,2002,2,23.59,11.8,11.9 / 11.7,Hitter,OF,SFG,NL,36,FALSE,0,23.59,0
10,Era cutoff 1920,1920+,5,Carl Yastrzemski,yastrca01,1967,1968,2,22.93,11.46,12.4 / 10.5,Hitter,OF,BOS,AL,27,FALSE,0,22.93,0
10,Era cutoff 1920,Pre-1920,1,Walter Johnson,johnswa01,1912,1916,5,69.13,13.83,15.4 / 16.6 / 13.1 / 12.8 / 11.2,Pitcher,P,MIN,AL,24,FALSE,0,5.44,63.69
10,Era cutoff 1920,Pre-1920,2,Tommy Bond,bondto01,1876,1879,4,49.64,12.41,10.4 / 11.5 / 13.4 / 14.3,Pitcher,P,ATL,NL,20,FALSE,0,-0.72,50.36
10,Era cutoff 1920,Pre-1920,3,Bob Caruthers,carutbo01,1885,1887,3,32.26,10.75,10.0 / 11.6 / 10.7,Two-way / mixed,Two-way,STL,Other (AA/UA/PL/FL),21,FALSE,0,8.32,23.94
10,Era cutoff 1920,Pre-1920,4,Old Hoss Radbourn,radboch01,1883,1884,2,33.75,16.88,14.3 / 19.4,Pitcher,P,PRO,NL,28,FALSE,0,1.5,32.25
10,Era cutoff 1920,Pre-1920,5,Jim Devlin,devliji01,1876,1877,2,31.7,15.85,18.3 / 13.4,Pitcher,P,LGR,NL,27,FALSE,0,0.86,30.84
10,Era cutoff 1947 (PRIMARY),1947+,1,Willie Mays,mayswi01,1962,1965,4,43.36,10.84,10.5 / 10.6 / 11.0 / 11.2,Hitter,OF,SFG,NL,31,FALSE,0,43.36,0
10,Era cutoff 1947 (PRIMARY),1947+,2,Bob Gibson,gibsobo01,1968,1970,3,33.21,11.07,11.9 / 11.3 / 10.1,Pitcher,P,STL,NL,32,FALSE,0,2.69,30.52
10,Era cutoff 1947 (PRIMARY),1947+,3,Barry Bonds,bondsba01,2001,2002,2,23.59,11.8,11.9 / 11.7,Hitter,OF,SFG,NL,36,FALSE,0,23.59,0
10,Era cutoff 1947 (PRIMARY),1947+,4,Carl Yastrzemski,yastrca01,1967,1968,2,22.93,11.46,12.4 / 10.5,Hitter,OF,BOS,AL,27,FALSE,0,22.93,0
10,Era cutoff 1947 (PRIMARY),1947+,5,Mickey Mantle,mantlmi01,1956,1957,2,22.57,11.29,11.2 / 11.3,Hitter,OF,NYY,AL,24,FALSE,0,22.57,0
10,Era cutoff 1947 (PRIMARY),Pre-1947,1,Walter Johnson,johnswa01,1912,1916,5,69.13,13.83,15.4 / 16.6 / 13.1 / 12.8 / 11.2,Pitcher,P,MIN,AL,24,FALSE,0,5.44,63.69
10,Era cutoff 1947 (PRIMARY),Pre-1947,2,Tommy Bond,bondto01,1876,1879,4,49.64,12.41,10.4 / 11.5 / 13.4 / 14.3,Pitcher,P,ATL,NL,20,FALSE,0,-0.72,50.36
10,Era cutoff 1947 (PRIMARY),Pre-1947,3,Babe Ruth,ruthba01,1926,1928,3,34.13,11.38,11.4 / 12.6 / 10.2,Hitter,OF,NYY,AL,31,FALSE,0,34.13,0
10,Era cutoff 1947 (PRIMARY),Pre-1947,4,Bob Caruthers,carutbo01,1885,1887,3,32.26,10.75,10.0 / 11.6 / 10.7,Two-way / mixed,Two-way,STL,Other (AA/UA/PL/FL),21,FALSE,0,8.32,23.94
10,Era cutoff 1947 (PRIMARY),Pre-1947,5,Old Hoss Radbourn,radboch01,1883,1884,2,33.75,16.88,14.3 / 19.4,Pitcher,P,PRO,NL,28,FALSE,0,1.5,32.25
10,Era cutoff 1969,1969+,1,Barry Bonds,bondsba01,2001,2002,2,23.59,11.8,11.9 / 11.7,Hitter,OF,SFG,NL,36,FALSE,0,23.59,0
10,Era cutoff 1969,1969+,2,Wilbur Wood,woodwi01,1971,1972,2,21.33,10.66,11.0 / 10.3,Pitcher,P,CHW,AL,29,FALSE,0,-1.14,22.47
10,Era cutoff 1969,1969+,3,Dwight Gooden,goodedw01,1985,1985,1,13.31,13.31,13.3,Pitcher,P,NYM,NL,20,FALSE,0,1.12,12.19
10,Era cutoff 1969,1969+,4,Steve Carlton,carltst01,1972,1972,1,12.51,12.51,12.5,Pitcher,P,PHI,NL,27,FALSE,0,0.43,12.08
10,Era cutoff 1969,1969+,5,Roger Clemens,clemero02,1997,1997,1,12.1,12.1,12.1,Pitcher,P,TOR,AL,34,FALSE,0,0.17,11.93
10,Era cutoff 1969,Pre-1969,1,Walter Johnson,johnswa01,1912,1916,5,69.13,13.83,15.4 / 16.6 / 13.1 / 12.8 / 11.2,Pitcher,P,MIN,AL,24,FALSE,0,5.44,63.69
10,Era cutoff 1969,Pre-1969,2,Tommy Bond,bondto01,1876,1879,4,49.64,12.41,10.4 / 11.5 / 13.4 / 14.3,Pitcher,P,ATL,NL,20,FALSE,0,-0.72,50.36
10,Era cutoff 1969,Pre-1969,3,Willie Mays,mayswi01,1962,1965,4,43.36,10.84,10.5 / 10.6 / 11.0 / 11.2,Hitter,OF,SFG,NL,31,FALSE,0,43.36,0
10,Era cutoff 1969,Pre-1969,4,Babe Ruth,ruthba01,1926,1928,3,34.13,11.38,11.4 / 12.6 / 10.2,Hitter,OF,NYY,AL,31,FALSE,0,34.13,0
10,Era cutoff 1969,Pre-1969,5,Bob Caruthers,carutbo01,1885,1887,3,32.26,10.75,10.0 / 11.6 / 10.7,Two-way / mixed,Two-way,STL,Other (AA/UA/PL/FL),21,FALSE,0,8.32,23.94
